Method,Start_frame_id,Done_frame_id,Collision,Recovery,Smoothness,Status,Time,World,optimal_time,nav_metric
VLM,0,64,0,0.1730769638522207,-24.962687114187748,success,40.562999999999995,world_0.world,8.558028082848947,0.21098114249066757
VLM,65,137,0,0.19788456598128837,-50.308414016276075,success,45.382000000000005,world_0.world,8.558028082848947,0.18857758765257032
