Method,Start_frame_id,Done_frame_id,Collision,Recovery,Smoothness,Status,Time,World,optimal_time,nav_metric
VLM,0,16,4,0.07692327416169356,-2.7282919976622235,collision,9.37,world_299.world,8.407246218783108,0.0
VLM,0,45,0,8.097165336261916e-08,-7.377169030614425,success,24.711999999999996,world_299.world,8.407246218783108,0.3402090570889895
VLM,0,41,0,8.833921481102344e-08,-7.3747084032314225,success,22.644999999999996,world_299.world,8.407246218783108,0.3712628049804862
VLM,0,26,0,1.381215278837669e-07,-2.0743797644569155,success,14.496999999999998,world_298.world,7.998182157301491,0.5
VLM,0,20,0,1.769911191166161e-07,-1.6253382750850869,success,11.318000000000001,world_298.world,7.998182157301491,0.5
VLM,0,27,0,1.326259771053081e-07,-1.757927353830876,success,15.083,world_298.world,7.998182157301491,0.5
VLM,0,21,0,1.6977925810199355e-07,-3.2901185934616373,success,11.786,world_297.world,7.826528565435303,0.5
VLM,0,23,0,0.022047398102771953,-3.8813304987750765,success,12.706,world_297.world,7.826528565435303,0.5
VLM,0,21,0,1.7035772225592467e-07,-3.1088142152928375,success,11.747,world_297.world,7.826528565435303,0.5
VLM,0,77,0,0.035037924477370995,-24.500068641629497,success,42.256,world_296.world,7.77842316226422,0.1840785488987178
VLM,0,104,0,0.006364957342116077,-23.175496366073617,success,56.573,world_296.world,7.77842316226422,0.13749355986538137
VLM,0,65,0,0.008398711735794416,-11.672372842405839,success,35.732,world_296.world,7.77842316226422,0.21768787535722098
VLM,0,36,0,9.9999990000001e-08,-6.263319010545775,success,20.009,world_295.world,8.500779295370204,0.4248477832660405
VLM,0,32,0,1.124859266045077e-07,-7.406933092388606,success,17.799999999999997,world_295.world,8.500779295370204,0.47757187052641603
VLM,0,31,0,1.1695905064806426e-07,-6.642786242796096,success,17.119999999999997,world_295.world,8.500779295370204,0.4965408466921849
VLM,0,32,0,1.1173183109141553e-07,-5.506728350343664,success,17.913,world_294.world,8.261333769311195,0.46119208224815467
VLM,0,36,0,9.980038924147812e-08,-6.46331707178552,success,20.048000000000002,world_294.world,8.261333769311195,0.4120777019808058
VLM,0,34,0,1.0593219216819998e-07,-5.7859765915245,success,18.895,world_294.world,8.261333769311195,0.43722327437476555
VLM,0,44,1,0.018092186012155755,-9.63444399228507,success,24.323,world_293.world,7.997672131399035,0.0
VLM,0,39,1,0.0018640259213396162,-7.293546992698689,success,21.471000000000004,world_293.world,7.997672131399035,0.0
VLM,0,57,5,0.3108280693740083,-11.862609543116026,collision,31.406000000000006,world_293.world,7.997672131399035,0.0
VLM,0,18,0,1.9723861987403949e-07,-1.8099585824167286,success,10.151,world_292.world,9.189719208423899,0.5
VLM,0,18,0,1.953124618530348e-07,-1.8336901005768023,success,10.248,world_292.world,9.189719208423899,0.5
VLM,0,18,0,1.953124618530348e-07,-1.9533891808562724,success,10.243999999999998,world_292.world,9.189719208423899,0.5
VLM,0,70,0,0.06975538418764268,-17.16867192682792,success,38.434,world_291.world,8.268512621393903,0.2151353650776371
VLM,0,41,0,0.008741345389742536,-10.056650974491554,success,22.887,world_291.world,8.268512621393903,0.3612755110496746
VLM,0,70,0,0.010863993230005524,-18.478145877903565,success,38.666000000000004,world_291.world,8.268512621393903,0.2138445306314049
VLM,0,17,0,2.0790016467772047e-07,-1.891754705965366,success,9.629000000000001,world_290.world,7.731003683421283,0.5
VLM,0,17,0,2.0790016467772047e-07,-1.8612649771212197,success,9.635,world_290.world,7.731003683421283,0.5
VLM,0,17,0,2.0618552449783002e-07,-1.6356375541318864,success,9.712,world_290.world,7.731003683421283,0.5
VLM,0,22,0,1.6155086243120157e-07,-2.153914063928065,success,12.392999999999999,world_289.world,7.884942331552407,0.5
VLM,0,25,0,1.4388487138347175e-07,-2.146391427904592,success,13.915000000000001,world_289.world,7.884942331552407,0.5
VLM,0,19,0,1.8621970461458015e-07,-2.177310456520396,success,10.755,world_289.world,7.884942331552407,0.5
VLM,0,30,0,1.2077293227380047e-07,-2.822038904470449,success,16.576999999999998,world_288.world,7.676966908159272,0.4631095438353908
VLM,0,30,0,1.19617210572104e-07,-3.0885558617771585,success,16.740000000000002,world_288.world,7.676966908159272,0.45860017372516554
VLM,0,26,0,1.3458948390451093e-07,-1.9198219595126877,success,14.863999999999999,world_288.world,7.676966908159272,0.5
VLM,0,21,0,1.6778520674744855e-07,-3.7242859474289616,success,11.937000000000001,world_287.world,8.433999179342374,0.5
VLM,0,21,0,1.6638932339611925e-07,-3.6973371576084384,success,12.031,world_287.world,8.433999179342374,0.5
VLM,0,22,0,1.626015995769757e-07,-3.5373881541701917,success,12.313,world_287.world,8.433999179342374,0.5
VLM,0,35,0,1.0298660113423264e-07,-6.0755851531491185,success,19.433,world_286.world,8.085594036502888,0.4160754405651669
VLM,0,47,9,0.34574473056650984,-33.7800463818471,collision,26.323999999999998,world_286.world,8.085594036502888,0.0
VLM,0,26,0,1.3717419243152368e-07,-4.552101220228045,success,14.598,world_286.world,8.085594036502888,0.5
VLM,0,36,0,1.0050250246206006e-07,-5.834934669728671,success,19.911,world_285.world,8.657291412439974,0.4347994280769411
VLM,0,37,0,0.037864171081148444,-14.394997901854426,success,20.611000000000004,world_285.world,8.657291412439974,0.42003257544223827
VLM,0,33,1,1.084598580846141e-07,-4.733548182855229,success,18.448,world_285.world,8.657291412439974,0.0
VLM,0,18,0,1.953124618530348e-07,-0.5781612995303755,success,10.257000000000001,world_284.world,7.85639571685466,0.5
VLM,0,18,0,1.9723861987403949e-07,-0.6814672817540003,success,10.157,world_284.world,7.85639571685466,0.5
VLM,0,18,0,1.9723861987403949e-07,-0.7049627369194883,success,10.151000000000002,world_284.world,7.85639571685466,0.5
VLM,0,24,0,1.497005763921293e-07,-4.139761029188381,success,13.368,world_283.world,8.025752695075083,0.5
VLM,0,27,0,1.329787057209168e-07,-3.2140428300019894,success,15.038,world_283.world,8.025752695075083,0.5
VLM,0,26,0,0.0027138395232239455,-4.48844584940465,success,14.749999999999998,world_283.world,8.025752695075083,0.5
VLM,0,20,0,1.7889084456335518e-07,-0.5284859910794668,success,11.182000000000002,world_282.world,8.091436813921078,0.5
VLM,0,17,0,2.0202016120804827e-07,-0.572865880046698,success,9.903000000000002,world_282.world,8.091436813921078,0.5
VLM,0,17,0,2.028397154483336e-07,-0.5853436274493825,success,9.873000000000001,world_282.world,8.091436813921078,0.5
VLM,0,28,0,1.2787722149907653e-07,-1.4975666175061653,success,15.654999999999998,world_281.world,7.753104122766794,0.49524778810391534
VLM,0,20,0,1.7730493310196223e-07,-1.5881460402923215,success,11.280999999999999,world_281.world,7.753104122766794,0.5
VLM,0,25,0,1.4367814027612928e-07,-1.3594267012393064,success,13.921999999999999,world_281.world,7.753104122766794,0.5
VLM,0,23,0,1.5384613017751845e-07,-2.9399478751071557,success,13.008000000000001,world_280.world,7.906981912732345,0.5
VLM,0,19,0,1.869158529129247e-07,-2.4788391182907925,success,10.719,world_280.world,7.906981912732345,0.5
VLM,0,25,0,1.4347200237130527e-07,-3.855027551555011,success,13.953,world_280.world,7.906981912732345,0.5
VLM,0,33,0,1.0905124219724731e-07,-5.47715557239123,success,18.354999999999997,world_279.world,8.141257752809178,0.4435444158435946
VLM,0,59,3,0.6598891152255628,-23.630024822022694,collision,32.464,world_279.world,8.141257752809178,0.0
VLM,0,30,3,0.6437870244039025,-5.083270243073327,collision,16.922,world_279.world,8.141257752809178,0.0
VLM,0,28,1,0.012771518164557067,-4.84509254949442,success,15.662,world_278.world,8.04702608075498,0.0
VLM,0,26,0,1.3605440325790434e-07,-4.938052169955145,success,14.700999999999999,world_278.world,8.04702608075498,0.5
VLM,0,28,0,1.2787722149907653e-07,-4.169691671241676,success,15.652999999999999,world_278.world,8.04702608075498,0.5
VLM,0,29,0,1.2315269419301797e-07,-2.8904131063150684,success,16.255000000000003,world_277.world,8.48636998300088,0.5
VLM,0,28,0,1.2804095671690696e-07,-2.4845182252901266,success,15.62,world_277.world,8.48636998300088,0.5
VLM,0,29,0,1.2315269419301797e-07,-2.851593081231649,success,16.261,world_277.world,8.48636998300088,0.5
VLM,0,17,0,2.0408159100375695e-07,-1.136953004275597,success,9.806999999999999,world_276.world,8.129771498092264,0.5
VLM,0,17,0,2.0533876687088977e-07,-1.159285578314916,success,9.752,world_276.world,8.129771498092264,0.5
VLM,0,18,0,1.9417471957772437e-07,-1.521504361679241,success,10.315999999999999,world_276.world,8.129771498092264,0.5
VLM,0,25,0,1.4184395151149624e-07,-3.157689564117556,success,14.106,world_275.world,8.302841434323229,0.5
VLM,0,29,0,1.2468826375458058e-07,-3.670238237954552,success,16.05,world_275.world,8.302841434323229,0.5
VLM,0,23,0,1.5455948152094567e-07,-3.018155414824889,success,12.945999999999998,world_275.world,8.302841434323229,0.5
VLM,0,83,1,0.01800619156758052,-39.205033616447906,success,45.559,world_274.world,7.861005519926587,0.0
VLM,0,146,2,0.8315394284971357,-77.90192068291704,collision,79.90899999999999,world_274.world,7.861005519926587,0.0
VLM,0,47,0,0.003098450573319088,-16.59192508528071,success,25.825,world_274.world,7.861005519926587,0.30439517986162967
VLM,0,25,0,1.4164303942733154e-07,-3.989441197776566,success,14.135,world_273.world,8.165814212170682,0.5
VLM,0,29,0,1.2453298573686355e-07,-3.672613570293517,success,16.078,world_273.world,8.165814212170682,0.5
VLM,0,25,0,1.4184395151149624e-07,-4.323697279798477,success,14.107,world_273.world,8.165814212170682,0.5
VLM,0,19,0,1.879698894793441e-07,-1.7432109287676678,success,10.649,world_272.world,7.9472629195098925,0.5
VLM,0,21,0,1.6778520674744855e-07,-2.955693163933546,success,11.934999999999999,world_272.world,7.9472629195098925,0.5
VLM,0,22,0,1.599999744000041e-07,-3.3045436789870766,success,12.519,world_272.world,7.9472629195098925,0.5
VLM,0,20,0,1.7953318141235524e-07,-1.9806335281044416,success,11.158999999999999,world_271.world,7.8721324090909235,0.5
VLM,0,20,0,1.769911191166161e-07,-2.056730705483165,success,11.315,world_271.world,7.8721324090909235,0.5
VLM,0,20,0,1.7793591139930404e-07,-1.784987168962713,success,11.244,world_271.world,7.8721324090909235,0.5
VLM,0,43,3,0.729254004253646,-23.525707441862153,collision,23.878,world_270.world,8.0158028015772,0.0
VLM,0,27,0,1.32275114778424e-07,-4.479542553542671,success,15.120999999999999,world_270.world,8.0158028015772,0.5
VLM,0,36,3,0.008964242135035643,-40.9682169787968,collision,20.094,world_270.world,8.0158028015772,0.0
VLM,0,20,0,1.7889084456335518e-07,-3.615402520599418,success,11.190000000000001,world_269.world,8.393662666578876,0.5
VLM,0,22,0,1.6339866611132909e-07,-4.1235243308587375,success,12.251000000000001,world_269.world,8.393662666578876,0.5
VLM,0,21,0,1.6806719864416831e-07,-3.9685114152863608,success,11.907,world_269.world,8.393662666578876,0.5
VLM,0,26,0,1.3850413594125543e-07,-3.2682550138354047,success,14.455,world_268.world,7.825330424845294,0.5
VLM,0,32,0,1.1210761075026787e-07,-16.838535220415014,success,17.842,world_268.world,7.825330424845294,0.43859042847468305
VLM,0,29,0,1.236093790346874e-07,-3.639297306479753,success,16.185,world_268.world,7.825330424845294,0.4834927664408585
VLM,0,19,0,1.8621970461458015e-07,-0.7833812158545639,success,10.745,world_267.world,7.767884282048531,0.5
VLM,0,18,0,1.9493173588075326e-07,-0.7173835845137554,success,10.272000000000002,world_267.world,7.767884282048531,0.5
VLM,0,22,0,1.639343993550165e-07,-1.054543563662913,success,12.202,world_267.world,7.767884282048531,0.5
VLM,0,76,1,0.49397592800116,-38.68251633236644,success,41.513999999999996,world_266.world,8.268726393333566,0.0
VLM,0,35,3,0.21155838890006307,-5.0716856879622245,collision,19.383000000000003,world_266.world,8.268726393333566,0.0
VLM,0,37,0,9.794318335522201e-08,-6.71932587268689,success,20.421999999999997,world_266.world,8.268726393333566,0.4048930757679741
VLM,0,89,8,0.28880721859447633,-27.502179895668164,collision,48.965,world_265.world,8.367950840432563,0.0
VLM,0,34,3,0.42424248440517404,-12.188287824945256,collision,19.141,world_265.world,8.367950840432563,0.0
VLM,0,36,0,9.900989118713949e-08,-6.655987311792255,success,20.205,world_265.world,8.367950840432563,0.4141524791107431
VLM,0,106,2,0.3500000224137923,-46.0638922702527,collision,58.004,world_264.world,7.690668105576133,0.0
VLM,0,81,1,0.0022665910123938794,-19.460193333722255,success,44.134,world_264.world,7.690668105576133,0.0
VLM,0,74,0,0.012266976826939311,-16.400754922439436,success,40.766,world_264.world,7.690668105576133,0.18865397894265157
VLM,0,130,1,0.3001406666627098,-39.48443500725342,success,71.116,world_263.world,8.828844286165843,0.0
VLM,0,86,1,0.28053920469506294,-29.690126669656006,success,47.499,world_263.world,8.828844286165843,0.0
VLM,0,40,0,0.0036298544800495024,-12.392431877782357,success,22.051000000000002,world_263.world,8.828844286165843,0.40038294345679754
VLM,0,97,3,0.7808583448211794,-31.011092202270973,collision,52.672999999999995,world_262.world,7.862157626920194,0.0
VLM,0,45,0,8.097165336261916e-08,-24.632523245217886,success,24.709999999999997,world_262.world,7.862157626920194,0.3181771601343664
VLM,0,31,0,1.1600926728430775e-07,-5.992971805622458,success,17.258,world_262.world,7.862157626920194,0.45556597675977484
VLM,0,28,0,0.0051680871875856346,-2.9345767306209103,success,15.493,world_261.world,7.798286266619087,0.5
VLM,0,21,0,1.686340356435016e-07,-1.9952575643450776,success,11.877999999999998,world_261.world,7.798286266619087,0.5
VLM,0,23,0,1.5552097114759394e-07,-2.7855951340391556,success,12.872,world_261.world,7.798286266619087,0.5
VLM,0,31,0,0.0011615561949412086,-7.474116448047106,success,17.234,world_260.world,7.912408394061744,0.4591161885842952
VLM,0,51,0,0.004985825855710409,-8.501006928784458,success,28.090000000000003,world_260.world,7.912408394061744,0.28168061210614964
VLM,0,34,0,0.006369532232533733,-7.459237834242924,success,18.853,world_260.world,7.912408394061744,0.4196896193741974
VLM,0,68,0,0.019428007586184157,-13.984132228447757,success,37.068000000000005,world_259.world,8.292681330688314,0.2237153698793653
VLM,0,54,0,0.0020175519826797594,-7.551368771020245,success,29.75,world_259.world,8.292681330688314,0.27874559094750634
VLM,0,40,0,9.08265130947763e-08,-6.298553835289373,success,22.024,world_259.world,8.292681330688314,0.37652930124810724
VLM,0,64,3,0.7670068159293189,-13.91292401860115,collision,35.295,world_258.world,8.575004014668814,0.0
VLM,0,199,3,0.5183005422420353,-58.36427253987791,timeout,108.756,world_258.world,8.575004014668814,0.0
VLM,0,28,0,1.2804095671690696e-07,-3.9075042457041373,success,15.621999999999998,world_258.world,8.575004014668814,0.5
VLM,0,45,0,0.01854846624609143,-7.464209210067194,success,24.811000000000003,world_257.world,8.037990616979489,0.3239688290266208
VLM,0,38,6,0.0858491428444205,-25.94293785284051,collision,21.217000000000002,world_257.world,8.037990616979489,0.0
VLM,0,48,0,0.00828320720758982,-7.750636759922692,success,26.569999999999997,world_257.world,8.037990616979489,0.3025212878050241
VLM,0,25,0,1.4409219825760834e-07,-1.890739828498776,success,13.883,world_256.world,7.764255277374167,0.5
VLM,0,25,0,1.4245012215810227e-07,-2.2745087985187227,success,14.047,world_256.world,7.764255277374167,0.5
VLM,0,31,0,1.1520735999915208e-07,-2.2908986774159574,success,17.363,world_256.world,7.764255277374167,0.4471724516140164
VLM,0,38,0,9.496675261474335e-08,-6.61670102521928,success,21.081,world_255.world,8.135994185598866,0.3859396701104723
VLM,0,35,0,1.0256409204470851e-07,-6.550217294322829,success,19.515,world_255.world,8.135994185598866,0.41690977123232725
VLM,0,44,0,8.319466861941194e-08,-6.930976052929828,success,24.049999999999997,world_255.world,8.135994185598866,0.33829497653217744
VLM,0,25,0,1.4347200237130527e-07,-4.698665805368171,success,13.948,world_254.world,7.849673970103881,0.5
VLM,0,35,0,1.0351965802073934e-07,-3.5120511282021827,success,19.326,world_254.world,7.849673970103881,0.4061716842649219
VLM,0,25,0,1.422474904342119e-07,-4.294238618793684,success,14.059999999999999,world_254.world,7.849673970103881,0.5
VLM,0,29,0,1.2453298573686355e-07,-5.205576440846974,success,16.064999999999998,world_253.world,8.141594309743207,0.5
VLM,0,105,3,0.4354166862702539,-46.111573892352325,success,57.607000000000006,world_253.world,8.141594309743207,0.0
VLM,0,37,0,9.83284072440111e-08,-5.488119737234417,success,20.357,world_253.world,8.141594309743207,0.3999407726945624
VLM,0,32,0,1.1111109876543348e-07,-5.195104608101798,success,18.018,world_252.world,8.17816026606636,0.45388834865503164
VLM,0,32,0,1.1273955887941839e-07,-5.610241804857476,success,17.742,world_252.world,8.17816026606636,0.4609491751812851
VLM,0,48,0,0.20780200991732858,-19.34140094705449,success,26.673000000000002,world_252.world,8.17816026606636,0.3066081905322371
VLM,0,25,0,1.426533320038043e-07,-1.0297867395818505,success,14.023000000000001,world_251.world,7.812338128453967,0.5
VLM,0,20,0,1.7793591139930404e-07,-1.514923656926664,success,11.255,world_251.world,7.812338128453967,0.5
VLM,0,19,0,1.869158529129247e-07,-0.9306459424510826,success,10.714999999999998,world_251.world,7.812338128453967,0.5
VLM,0,39,0,9.242143323276958e-08,-9.344235152346771,success,21.643,world_250.world,8.084153480751173,0.37352277783815424
VLM,0,28,3,0.46624210621119666,-7.760568827143956,collision,15.703,world_250.world,8.084153480751173,0.0
VLM,0,29,0,0.016069342883888397,-6.799536099894739,success,16.199,world_250.world,8.084153480751173,0.4990526255170796
VLM,0,19,0,1.8726588253447895e-07,-1.5881237441309288,success,10.695,world_249.world,7.770397702347515,0.5
VLM,0,31,0,1.1614400509361149e-07,-2.580746187378291,success,17.22,world_249.world,7.770397702347515,0.45124260756954215
VLM,0,19,0,1.8552872253641513e-07,-2.3845299075153106,success,10.788,world_249.world,7.770397702347515,0.5
VLM,0,37,0,0.014437053470928444,-7.8313008790436465,success,20.799,world_248.world,8.12910238774821,0.39084102061388576
VLM,0,77,0,0.0066288349134074375,-19.19337916579448,success,42.252,world_248.world,8.12910238774821,0.19239568275462013
VLM,0,64,0,0.022108898973418428,-20.91666021571996,success,35.284,world_248.world,8.12910238774821,0.23039061296191504
VLM,0,18,0,1.9493173588075326e-07,-1.40291466477408,success,10.268,world_247.world,8.032705583609713,0.5
VLM,0,21,0,1.692047091024181e-07,-0.8830617695049501,success,11.834999999999999,world_247.world,8.032705583609713,0.5
VLM,0,17,0,2.0790016467772047e-07,-0.9834983253113835,success,9.634000000000002,world_247.world,8.032705583609713,0.5
VLM,0,18,0,1.9607839292580533e-07,-1.0259916771867608,success,10.204,world_246.world,7.97182501236278,0.5
VLM,0,18,0,1.95694677946247e-07,-1.4373712322676158,success,10.222000000000001,world_246.world,7.97182501236278,0.5
VLM,0,31,0,1.1467888593132043e-07,-1.7355536362273243,success,17.443,world_246.world,7.97182501236278,0.4570214419745903
VLM,0,165,2,0.631462178134853,-64.0941784989116,success,90.142,world_245.world,8.203446936428485,0.0
VLM,0,26,0,1.3661200319508155e-07,-3.920080405751988,success,14.662,world_245.world,8.203446936428485,0.5
VLM,0,79,0,0.027276975160565178,-33.87496478368473,success,43.262,world_245.world,8.203446936428485,0.18962246166216273
VLM,0,17,0,2.0790016467772047e-07,-0.7088304748030025,success,9.622999999999998,world_244.world,8.276354081505499,0.5
VLM,0,17,0,2.0746883662472272e-07,-0.6652778557170441,success,9.656,world_244.world,8.276354081505499,0.5
VLM,0,17,0,2.0533876687088977e-07,-0.8416788803258117,success,9.751,world_244.world,8.276354081505499,0.5
VLM,0,27,0,1.3037807948134558e-07,-6.743331409929144,success,15.34,world_243.world,8.24231146825148,0.5
VLM,0,35,5,0.6020618966946498,-14.860231811693607,collision,19.409,world_243.world,8.24231146825148,0.0
VLM,0,80,0,0.02690382914255225,-14.00727172490371,success,43.87,world_243.world,8.24231146825148,0.18788036171077
VLM,0,66,1,0.0071784093220094245,-18.256668296465055,success,36.223,world_242.world,7.789830031315,0.0
VLM,0,20,0,1.7825308765542112e-07,-1.5775836281197737,success,11.235999999999999,world_242.world,7.789830031315,0.5
VLM,0,60,1,0.5663017295436904,-23.706783201768854,success,32.897,world_242.world,7.789830031315,0.0
VLM,0,25,0,1.422474904342119e-07,-1.8444456367305124,success,14.066,world_241.world,7.7556717677242215,0.5
VLM,0,24,0,1.4836793050920914e-07,-1.6853316280376407,success,13.488000000000001,world_241.world,7.7556717677242215,0.5
VLM,0,21,0,1.7035772225592467e-07,-1.459316717866763,success,11.754000000000001,world_241.world,7.7556717677242215,0.5
VLM,0,25,3,0.22990137801108915,-3.5720574188765415,collision,14.189,world_240.world,8.26791047968235,0.0
VLM,0,33,0,1.0881391634233773e-07,-4.8960588459970475,success,18.383,world_240.world,8.26791047968235,0.44975849859556927
VLM,0,28,0,1.262626103203775e-07,-3.782264563603763,success,15.842,world_240.world,8.26791047968235,0.5
VLM,0,23,0,1.5527947899386975e-07,-2.358176373595521,success,12.895,world_239.world,7.9219441315162396,0.5
VLM,0,21,0,1.6806719864416831e-07,-2.9358279434631003,success,11.911999999999999,world_239.world,7.9219441315162396,0.5
VLM,0,21,0,1.6835014000839396e-07,-3.1086914146797153,success,11.879000000000001,world_239.world,7.9219441315162396,0.5
VLM,0,27,0,1.329787057209168e-07,-3.498830569059388,success,15.062,world_238.world,8.512989118917758,0.5
VLM,0,24,0,1.492537090666106e-07,-4.374690248493985,success,13.4,world_238.world,8.512989118917758,0.5
VLM,0,23,0,1.5479873764725425e-07,-3.4767776255528413,success,12.937000000000001,world_238.world,8.512989118917758,0.5
VLM,0,22,0,1.6207452802681882e-07,-2.85797238149201,success,12.362,world_237.world,8.147969549626211,0.5
VLM,0,22,0,1.626015995769757e-07,-2.9440029842559228,success,12.316999999999998,world_237.world,8.147969549626211,0.5
VLM,0,22,0,1.628664229859246e-07,-2.690240906444793,success,12.278999999999998,world_237.world,8.147969549626211,0.5
VLM,0,19,0,1.8656712937180424e-07,-2.200105391183133,success,10.731,world_236.world,7.811169146986348,0.5
VLM,0,25,0,1.4124291790354268e-07,-2.180590358879875,success,14.168999999999999,world_236.world,7.811169146986348,0.5
VLM,0,19,0,1.8656712937180424e-07,-1.7645242378393318,success,10.727999999999998,world_236.world,7.811169146986348,0.5
VLM,0,20,0,1.7921143741730513e-07,-2.724711654999646,success,11.170000000000002,world_235.world,8.095851906539131,0.5
VLM,0,21,0,1.692047091024181e-07,-3.0377642078730234,success,11.821000000000002,world_235.world,8.095851906539131,0.5
VLM,0,18,0,1.9685035495071754e-07,-2.146470821634689,success,10.169999999999998,world_235.world,8.095851906539131,0.5
VLM,0,25,0,1.4388487138347175e-07,-3.328986563380831,success,13.908999999999999,world_234.world,8.112848826210472,0.5
VLM,0,33,0,1.0810809642074634e-07,-4.087866047748662,success,18.516,world_234.world,8.112848826210472,0.438153425481231
VLM,0,24,0,0.008889035720142857,-2.9395048371414383,success,13.505000000000003,world_234.world,8.112848826210472,0.5
VLM,0,61,0,5.988023593531522e-08,-50.896345860317645,success,33.417,world_233.world,8.118199884283989,0.24293622659975428
VLM,0,56,0,0.010382932486506652,-9.366847249966757,success,30.826,world_233.world,8.118199884283989,0.26335560514773204
VLM,0,57,0,6.422607166178089e-08,-12.809940645213585,success,31.143,world_233.world,8.118199884283989,0.26067494731670005
VLM,0,23,0,1.557632156132063e-07,-3.1910291282146446,success,12.85,world_232.world,7.909011560818807,0.5
VLM,0,24,0,1.468428565575835e-07,-3.341930662724561,success,13.632000000000001,world_232.world,7.909011560818807,0.5
VLM,0,25,0,1.4388487138347175e-07,-2.2612454332031655,success,13.918000000000001,world_232.world,7.909011560818807,0.5
VLM,0,77,3,0.5060975841417643,-29.466714699640356,collision,42.65,world_231.world,8.772936875967888,0.0
VLM,0,139,2,0.635331406513562,-46.910140137024975,collision,75.74499999999999,world_231.world,8.772936875967888,0.0
VLM,0,49,0,7.363769708117106e-08,-9.035127409010466,success,27.161,world_231.world,8.772936875967888,0.32299756547873376
VLM,0,24,0,1.4903127436195615e-07,-0.9894789716726555,success,13.43,world_230.world,7.770867060504877,0.5
VLM,0,22,0,1.6155086243120157e-07,-1.173742453498887,success,12.395,world_230.world,7.770867060504877,0.5
VLM,0,18,0,1.9493173588075326e-07,-0.8771700351982737,success,10.261,world_230.world,7.770867060504877,0.5
VLM,0,22,0,1.6129029656608122e-07,-4.171348693733305,success,12.400999999999998,world_229.world,9.333178092448502,0.5
VLM,0,21,0,1.7035772225592467e-07,-3.211636000296177,success,11.751999999999999,world_229.world,9.333178092448502,0.5
VLM,0,20,0,1.769911191166161e-07,-3.011077821265269,success,11.318,world_229.world,9.333178092448502,0.5
VLM,0,12,3,0.01699744560978878,-0.6483778895771243,collision,7.077,world_228.world,8.125979676054454,0.0
VLM,0,39,0,9.250692946281874e-08,-5.3150264867116945,success,21.625,world_228.world,8.125979676054454,0.3757678462915355
VLM,0,40,0,9.041590502568672e-08,-5.190114986959874,success,22.137,world_228.world,8.125979676054454,0.3670768250465038
VLM,0,21,0,1.686340356435016e-07,-2.3744894708491517,success,11.873000000000001,world_227.world,7.656298148557264,0.5
VLM,0,22,0,1.628664229859246e-07,-1.7539552537980936,success,12.291999999999998,world_227.world,7.656298148557264,0.5
VLM,0,21,0,1.6835014000839396e-07,-1.7983986680555957,success,11.899999999999999,world_227.world,7.656298148557264,0.5
VLM,0,122,1,0.15787899467109062,-34.453787720634026,success,66.764,world_226.world,7.7971315301654105,0.0
VLM,0,29,0,0.004962902610061711,-7.603630138029959,success,16.138,world_226.world,7.7971315301654105,0.48315352151229457
VLM,0,65,0,0.055118163379180914,-12.260377782665323,success,35.56099999999999,world_226.world,7.7971315301654105,0.219260749983561
VLM,0,17,0,2.0790016467772047e-07,-0.6405504156207484,success,9.636999999999999,world_225.world,8.273415681303838,0.5
VLM,0,17,0,2.0833328993056462e-07,-0.6594072582058055,success,9.604000000000001,world_225.world,8.273415681303838,0.5
VLM,0,18,0,1.9762841944102384e-07,-0.6471467821464162,success,10.121,world_225.world,8.273415681303838,0.5
VLM,0,21,0,1.689188903853226e-07,-0.5613249403575671,success,11.86,world_224.world,7.793928744049557,0.5
VLM,0,19,0,1.8416202869944225e-07,-0.8456564767243678,success,10.872,world_224.world,7.793928744049557,0.5
VLM,0,19,0,1.8587357139896445e-07,-0.6805337613296761,success,10.766000000000002,world_224.world,7.793928744049557,0.5
VLM,0,199,0,0.8966470173793843,-121.24939676987015,timeout,108.573,world_223.world,8.130412532756333,0.0
VLM,0,54,0,0.011968150799989974,-9.887515891819152,success,30.082,world_223.world,8.130412532756333,0.2702749994267779
VLM,0,46,0,0.02112683715752448,-9.442947728695058,success,25.566000000000003,world_223.world,8.130412532756333,0.31801660536479437
VLM,0,17,0,2.0833328993056462e-07,-2.025201867539442,success,9.618,world_222.world,8.205334100558725,0.5
VLM,0,17,0,2.0576127453471718e-07,-2.1867968923973278,success,9.725000000000001,world_222.world,8.205334100558725,0.5
VLM,0,19,0,1.8518515089163875e-07,-2.823805214094341,success,10.808000000000002,world_222.world,8.205334100558725,0.5
VLM,0,17,0,2.0746883662472272e-07,-0.9686787397242237,success,9.647,world_221.world,8.407620739566742,0.5
VLM,0,17,0,2.0833328993056462e-07,-0.9440853840186479,success,9.602000000000002,world_221.world,8.407620739566742,0.5
VLM,0,17,0,2.0833328993056462e-07,-0.9570688504859596,success,9.6,world_221.world,8.407620739566742,0.5
VLM,0,21,0,1.689188903853226e-07,-3.9320108594020113,success,11.856,world_220.world,8.07835313263655,0.5
VLM,0,19,0,1.818181487603366e-07,-2.9806753977292484,success,11.0,world_220.world,8.07835313263655,0.5
VLM,0,199,0,0.9366808208107658,-182.17496257195234,timeout,108.355,world_220.world,8.07835313263655,0.0
VLM,0,37,0,0.000978571332820809,-7.158798811520144,success,20.459000000000003,world_219.world,8.099459323096337,0.39588735143928516
VLM,0,199,4,0.48484849425249193,-135.81874083159266,timeout,109.562,world_219.world,8.099459323096337,0.0
VLM,0,32,0,0.004489449552250331,-8.284014191063923,success,17.83,world_219.world,8.099459323096337,0.45426019759373737
VLM,0,40,0,8.992804946690203e-08,-9.434625736843415,success,22.239999999999995,world_218.world,8.59927851805124,0.3866582067469083
VLM,0,43,0,0.0008418349459734894,-9.12923344174195,success,23.777,world_218.world,8.59927851805124,0.36166373041389743
VLM,0,43,0,8.410428224522438e-08,-16.6021029322526,success,23.781,world_218.world,8.59927851805124,0.361602898029992
VLM,0,36,0,0.019841367079229455,-6.9724328960670805,success,20.168999999999997,world_217.world,8.51694370004654,0.42227892806021816
VLM,0,84,0,0.008680598581571242,-38.77218440612125,success,46.086999999999996,world_217.world,8.51694370004654,0.18480143424493978
VLM,0,29,0,1.2315269419301797e-07,-12.807735531948435,success,16.257,world_217.world,8.51694370004654,0.5
VLM,0,21,0,1.6806719864416831e-07,-3.847356849731445,success,11.917,world_216.world,8.231413228723815,0.5
VLM,0,21,0,1.6977925810199355e-07,-4.092416056921118,success,11.793000000000001,world_216.world,8.231413228723815,0.5
VLM,0,20,0,1.7730493310196223e-07,-3.1383099128643055,success,11.293999999999999,world_216.world,8.231413228723815,0.5
VLM,0,36,0,0.0040000995999900394,-6.299829145575585,success,20.005000000000003,world_215.world,8.6053610093842,0.43016051034162456
VLM,0,33,0,1.0989009781427497e-07,-7.315578928448184,success,18.211000000000002,world_215.world,8.6053610093842,0.47253643453869637
VLM,0,30,0,1.1918949711686566e-07,-6.1424754380002025,success,16.791,world_215.world,8.6053610093842,0.5
VLM,0,67,0,0.4337480025014601,-27.16402251500382,success,36.984,world_214.world,8.091064134930969,0.21877201316598985
VLM,0,41,0,8.841732197901663e-08,-7.054635889613512,success,22.635,world_214.world,8.091064134930969,0.357458101830394
VLM,0,70,0,0.47855651262779747,-25.131679654505287,success,38.244,world_214.world,8.091064134930969,0.21156427504787598
VLM,0,45,0,0.0016000798719936105,-9.793751527756125,success,25.003999999999998,world_213.world,8.080583152791007,0.32317161865265587
VLM,0,76,2,0.27146286467804004,-25.94519886278068,success,41.708,world_213.world,8.080583152791007,0.0
VLM,0,115,0,0.008620721308406088,-70.02395460330712,success,62.64,world_213.world,8.080583152791007,0.12900036961671468
VLM,0,80,0,0.017816399368825977,-18.027511974213088,success,43.779,world_212.world,8.329698063701649,0.1902669787729653
VLM,0,100,0,0.014668169612461694,-26.490079478873835,success,54.550000000000004,world_212.world,8.329698063701649,0.15269840630067183
VLM,0,145,0,0.012904883276698299,-44.47860785228599,success,79.05000000000001,world_212.world,8.329698063701649,0.125
VLM,0,64,4,0.660560981078364,-22.777726116990358,collision,34.95700000000001,world_211.world,7.835101179481681,0.0
VLM,0,46,1,0.25370809885182677,-8.757168816937131,success,25.619999999999997,world_211.world,7.835101179481681,0.0
VLM,0,28,0,1.2706478690409316e-07,-3.649620850205605,success,15.755999999999998,world_211.world,7.835101179481681,0.49727730258198033
VLM,0,24,0,1.494768087478612e-07,-3.955954950981494,success,13.382,world_210.world,8.955608784787188,0.5
VLM,0,28,0,1.2658226245794147e-07,-6.956943709346707,success,15.817,world_210.world,8.955608784787188,0.5
VLM,0,21,0,1.6778520674744855e-07,-4.502369282568466,success,11.938999999999998,world_210.world,8.955608784787188,0.5
VLM,0,23,0,1.5432096383935745e-07,-3.415069410374834,success,12.959999999999999,world_209.world,8.877499484588025,0.5
VLM,0,41,3,0.6961913466615282,-12.67516018092048,collision,22.595,world_209.world,8.877499484588025,0.0
VLM,0,27,0,1.3245031358273992e-07,-3.224694424560003,success,15.114999999999998,world_209.world,8.877499484588025,0.5
VLM,0,17,0,2.0876822363920176e-07,-1.1508866213815103,success,9.596,world_208.world,7.920452801990201,0.5
VLM,0,17,0,2.0576127453471718e-07,-1.1490892892685967,success,9.739,world_208.world,7.920452801990201,0.5
VLM,0,17,0,2.0790016467772047e-07,-1.0070491946219962,success,9.630999999999998,world_208.world,7.920452801990201,0.5
VLM,0,38,3,0.49047623900226295,-16.741348828326846,collision,21.009999999999998,world_207.world,8.691034440092492,0.0
VLM,0,44,0,8.20344477412266e-08,-9.863960160968036,success,24.393,world_207.world,8.691034440092492,0.3562921510307257
VLM,0,45,0,8.038584562814747e-08,-8.857649166274893,success,24.882000000000005,world_207.world,8.691034440092492,0.3492900265289161
VLM,0,17,0,2.0661152755960177e-07,-1.7348741518655029,success,9.682,world_206.world,8.169870713605786,0.5
VLM,0,17,0,2.0618552449783002e-07,-1.5767432746981358,success,9.702000000000002,world_206.world,8.169870713605786,0.5
VLM,0,17,0,2.0790016467772047e-07,-1.3790273265545316,success,9.639,world_206.world,8.169870713605786,0.5
VLM,0,17,0,2.0833328993056462e-07,-2.407197164324267,success,9.600999999999999,world_205.world,8.14100834873039,0.5
VLM,0,19,0,1.8761722558776257e-07,-3.743527394489675,success,10.676000000000002,world_205.world,8.14100834873039,0.5
VLM,0,48,0,0.040121193026404774,-32.90879971053698,success,26.419,world_205.world,8.14100834873039,0.30814975391689275
VLM,0,25,0,1.4450864963747838e-07,-4.484262419626288,success,13.849,world_204.world,8.448704095912515,0.5
VLM,0,21,0,1.672240523036702e-07,-3.7915885314269664,success,11.968,world_204.world,8.448704095912515,0.5
VLM,0,25,0,1.4367814027612928e-07,-3.939607816496813,success,13.936,world_204.world,8.448704095912515,0.5
VLM,0,60,0,0.004875136814434076,-10.716255307808405,success,32.833999999999996,world_203.world,9.025242805283083,0.2748749103150114
VLM,0,60,0,0.009615444133687251,-9.735939074314324,success,33.285,world_203.world,9.025242805283083,0.2711504523143483
VLM,0,51,0,7.067137309742946e-08,-15.94304536627352,success,28.305000000000003,world_203.world,9.025242805283083,0.3188568382011335
VLM,0,103,3,0.7505330579057193,-55.44464714523951,collision,56.29900000000001,world_202.world,8.223102409551386,0.0
VLM,0,27,0,1.3280210719759533e-07,-5.35130712975254,success,15.071,world_202.world,8.223102409551386,0.5
VLM,0,38,0,9.460737042503592e-08,-7.417226947548242,success,21.171999999999997,world_202.world,8.223102409551386,0.38839516387452233
VLM,0,15,5,0.16241318737513055,-1.9106840552946944,collision,8.631,world_201.world,8.74515937808401,0.0
VLM,0,42,0,8.688096551859553e-08,-9.276261270322147,success,23.034000000000002,world_201.world,8.74515937808401,0.3796630797119045
VLM,0,123,2,0.7709580906898775,-82.41138082778377,collision,66.812,world_201.world,8.74515937808401,0.0
VLM,0,22,0,1.6181227155141238e-07,-3.034336965082731,success,12.361,world_200.world,8.629507223633503,0.5
VLM,0,19,0,1.869158529129247e-07,-1.4830836982563622,success,10.717,world_200.world,8.629507223633503,0.5
VLM,0,19,0,1.8656712937180424e-07,-1.5822355038345741,success,10.735,world_200.world,8.629507223633503,0.5
VLM,0,18,0,1.9801976276836382e-07,-1.027431856202696,success,10.119,world_199.world,7.819031620993853,0.5
VLM,0,19,0,1.8656712937180424e-07,-1.0807139256486742,success,10.729999999999999,world_199.world,7.819031620993853,0.5
VLM,0,19,0,1.8726588253447895e-07,-0.9383592442817055,success,10.681999999999999,world_199.world,7.819031620993853,0.5
VLM,0,32,0,0.13641497898365515,-5.689899733659889,success,17.756999999999998,world_198.world,7.823797529301262,0.4406035664414745
VLM,0,21,0,1.700679982877554e-07,-2.088206699466745,success,11.769000000000002,world_198.world,7.823797529301262,0.5
VLM,0,41,1,0.26595751188319927,-13.907951921989074,success,22.576999999999998,world_198.world,7.823797529301262,0.0
VLM,0,18,0,1.9157084452665815e-07,-0.8119035851783737,success,10.449000000000002,world_197.world,9.207052694546277,0.5
VLM,0,17,0,2.0408159100375695e-07,-0.7641307772344259,success,9.812,world_197.world,9.207052694546277,0.5
VLM,0,18,0,1.9417471957772437e-07,-0.9096736952104518,success,10.318000000000001,world_197.world,9.207052694546277,0.5
VLM,0,27,0,1.326259771053081e-07,-4.030556803377208,success,15.097999999999999,world_196.world,8.395202655329975,0.5
VLM,0,23,0,1.536098074332093e-07,-3.051911157092066,success,13.028,world_196.world,8.395202655329975,0.5
VLM,0,55,3,0.5208195954514477,-20.916055564771202,collision,30.268,world_196.world,8.395202655329975,0.0
VLM,0,32,0,1.1160713040098992e-07,-6.579513679336514,success,17.924999999999997,world_195.world,8.916531319830002,0.4974354990142261
VLM,0,27,0,1.3280210719759533e-07,-5.171707556264363,success,15.06,world_195.world,8.916531319830002,0.5
VLM,0,31,0,1.1737087824285468e-07,-4.708264345042433,success,17.057000000000002,world_195.world,8.916531319830002,0.5
VLM,0,22,0,1.6103056988235592e-07,-2.500831900762336,success,12.425,world_194.world,7.8260913164013495,0.5
VLM,0,22,0,1.6155086243120157e-07,-2.41112585059262,success,12.386,world_194.world,7.8260913164013495,0.5
VLM,0,20,0,1.769911191166161e-07,-2.378407257438421,success,11.302000000000001,world_194.world,7.8260913164013495,0.5
VLM,0,20,0,1.7730493310196223e-07,-3.9603527884863694,success,11.286999999999999,world_193.world,8.228353883944568,0.5
VLM,0,25,0,1.426533320038043e-07,-3.6566519581257118,success,14.032000000000002,world_193.world,8.228353883944568,0.5
VLM,0,22,0,1.6129029656608122e-07,-4.687104725744979,success,12.400999999999998,world_193.world,8.228353883944568,0.5
VLM,0,52,3,0.6061238965814965,-24.374888542547968,collision,28.758000000000003,world_192.world,7.872620918957527,0.0
VLM,0,51,2,0.5550817658079769,-12.03008760876297,collision,28.147000000000006,world_192.world,7.872620918957527,0.0
VLM,0,124,4,0.8648807811339188,-56.40229515293673,collision,67.94200000000001,world_192.world,7.872620918957527,0.0
VLM,0,18,0,1.953124618530348e-07,-1.4358333335808275,success,10.251000000000001,world_191.world,7.676324374890349,0.5
VLM,0,27,0,1.2953366197750494e-07,-1.900631634213752,success,15.444,world_191.world,7.676324374890349,0.49704250031665037
VLM,0,28,0,1.287001121364077e-07,-0.8492414678778389,success,15.549999999999999,world_191.world,7.676324374890349,0.4936543006360353
VLM,0,24,0,1.468428565575835e-07,-4.088698150191482,success,13.635,world_190.world,8.293077654616788,0.5
VLM,0,9,4,0.06250034466899093,-0.22061217281872939,collision,5.446999999999999,world_190.world,8.293077654616788,0.0
VLM,0,25,0,1.4245012215810227e-07,-3.3485007973673553,success,14.043000000000001,world_190.world,8.293077654616788,0.5
VLM,0,20,0,1.7793591139930404e-07,-1.705770020245914,success,11.251000000000001,world_189.world,7.958318166192765,0.5
VLM,0,20,0,1.7825308765542112e-07,-1.9420521197420184,success,11.235,world_189.world,7.958318166192765,0.5
VLM,0,19,0,1.8587357139896445e-07,-1.8712148506799713,success,10.765999999999998,world_189.world,7.958318166192765,0.5
VLM,0,21,0,1.669448803097028e-07,-2.972436957284237,success,11.979999999999999,world_188.world,7.980659785566589,0.5
VLM,0,21,0,1.700679982877554e-07,-3.686877492548586,success,11.764,world_188.world,7.980659785566589,0.5
VLM,0,15,2,0.3487299425565953,-5.176125833367524,collision,8.676,world_188.world,7.980659785566589,0.0
VLM,0,29,0,1.226993714479299e-07,-2.7758463027469418,success,16.303,world_187.world,8.204891659007181,0.5
VLM,0,32,0,1.1299433751476413e-07,-3.0301924859797515,success,17.718000000000004,world_187.world,8.204891659007181,0.463082269951867
VLM,0,34,0,1.0604452746081364e-07,-3.510320739405666,success,18.863,world_187.world,8.204891659007181,0.4349727858244808
VLM,0,30,0,0.0047394544147565856,-9.252418407405221,success,16.896,world_186.world,8.335547715659803,0.49334444339842587
VLM,0,30,0,1.2077293227380047e-07,-4.044707028468687,success,16.564,world_186.world,8.335547715659803,0.5
VLM,0,38,0,0.016159789338423068,-9.574849578595062,success,21.050999999999995,world_186.world,8.335547715659803,0.3959692041071591
VLM,0,26,0,1.362397634550731e-07,-4.691047869778285,success,14.682,world_185.world,7.900082446866422,0.5
VLM,0,28,0,1.2722644691775486e-07,-3.975959302183266,success,15.726,world_185.world,7.900082446866422,0.5
VLM,0,67,2,0.5054407233166092,-21.49616459705131,success,36.78,world_185.world,7.900082446866422,0.0
VLM,0,31,0,1.1723328051192491e-07,-7.5625201471717,success,17.064999999999998,world_184.world,9.12925906315635,0.5
VLM,0,37,0,9.842518716287529e-08,-8.674650732324269,success,20.323999999999998,world_184.world,9.12925906315635,0.4491861377266459
VLM,0,28,0,1.2919894971589797e-07,-6.878919929131437,success,15.497,world_184.world,9.12925906315635,0.5
VLM,0,36,1,0.0020223455993583824,-8.036522617653862,success,19.785999999999998,world_183.world,8.359616496629332,0.0
VLM,0,29,0,1.2515642989281228e-07,-4.661609977410514,success,15.984,world_183.world,8.359616496629332,0.5
VLM,0,31,2,0.016336170789244948,-5.661217692588702,success,17.158,world_183.world,8.359616496629332,0.0
VLM,0,18,0,1.9723861987403949e-07,-1.5575849758843685,success,10.155999999999999,world_182.world,7.953031607421098,0.5
VLM,0,19,0,1.8656712937180424e-07,-2.1114408482921507,success,10.731999999999998,world_182.world,7.953031607421098,0.5
VLM,0,17,0,2.0876822363920176e-07,-1.6409554990716464,success,9.597000000000001,world_182.world,7.953031607421098,0.5
VLM,0,62,3,0.2261835636362616,-51.07411295781129,collision,34.234,world_181.world,8.42910238774821,0.0
VLM,0,38,0,9.407336838444325e-08,-5.246501182295689,success,21.258999999999997,world_181.world,8.42910238774821,0.3964957141797927
VLM,0,40,0,8.976659876421914e-08,-5.8796210358256,success,22.292,world_181.world,8.42910238774821,0.3781223034159434
VLM,0,46,0,0.3394132165413785,-16.24409856980072,success,25.229000000000003,world_180.world,9.004770113090498,0.35692140445877746
VLM,0,26,0,1.381215278837669e-07,-4.240091227885382,success,14.491000000000001,world_180.world,9.004770113090498,0.5
VLM,0,130,2,0.5158102903497941,-62.642843567075325,success,70.85900000000001,world_180.world,9.004770113090498,0.0
VLM,0,18,0,1.9607839292580533e-07,-2.149344145881187,success,10.204,world_179.world,8.366493444282845,0.5
VLM,0,18,0,1.9417471957772437e-07,-2.1366245162309,success,10.301,world_179.world,8.366493444282845,0.5
VLM,0,31,0,1.1668610073674438e-07,-2.814801428496327,success,17.14,world_179.world,8.366493444282845,0.48812680538406333
VLM,0,32,0,1.1160713040098992e-07,-5.611685983362952,success,17.929000000000002,world_178.world,8.294915851709288,0.46265356973112204
VLM,0,29,0,1.2330454706479074e-07,-5.132922106472892,success,16.225,world_178.world,8.294915851709288,0.5
VLM,0,30,0,1.1990406236162322e-07,-3.650329345308241,success,16.697000000000003,world_178.world,8.294915851709288,0.4967907918613695
VLM,0,19,0,1.8621970461458015e-07,-1.940772310647591,success,10.746,world_177.world,9.022924695256084,0.5
VLM,0,20,0,1.7889084456335518e-07,-2.2703040515399797,success,11.193,world_177.world,9.022924695256084,0.5
VLM,0,20,0,1.7761986187924301e-07,-2.087348060649718,success,11.263000000000002,world_177.world,9.022924695256084,0.5
VLM,0,29,0,1.2437809398282413e-07,-4.582971722234961,success,16.083,world_176.world,8.045525647896753,0.5
VLM,0,31,0,1.1600926728430775e-07,-6.479257774042609,success,17.252000000000002,world_176.world,8.045525647896753,0.4663532139981887
VLM,0,27,0,1.3280210719759533e-07,-5.48086235964368,success,15.078999999999999,world_176.world,8.045525647896753,0.5
VLM,0,26,0,1.3908203907064828e-07,-5.284154254857113,success,14.384000000000002,world_175.world,7.976736854257178,0.5
VLM,0,19,0,1.8348620486491654e-07,-3.6256020767544435,success,10.921999999999999,world_175.world,7.976736854257178,0.5
VLM,0,24,0,1.4814812620027762e-07,-3.2283393558534077,success,13.512,world_175.world,7.976736854257178,0.5
VLM,0,18,0,1.9762841944102384e-07,-2.196820392075819,success,10.123999999999999,world_174.world,7.869672043342989,0.5
VLM,0,18,0,1.9493173588075326e-07,-1.9735883122912052,success,10.275000000000002,world_174.world,7.869672043342989,0.5
VLM,0,19,0,1.8726588253447895e-07,-1.9471267159830397,success,10.687999999999999,world_174.world,7.869672043342989,0.5
VLM,0,17,0,2.036659463002146e-07,-0.7632634078368477,success,9.837,world_173.world,7.769171954657533,0.5
VLM,0,17,0,2.0790016467772047e-07,-0.7094541357493619,success,9.621,world_173.world,7.769171954657533,0.5
VLM,0,17,0,2.0746883662472272e-07,-0.6612707379251079,success,9.643,world_173.world,7.769171954657533,0.5
VLM,0,62,1,0.5478972226695548,-26.579931246968517,success,34.254,world_172.world,8.151308943401995,0.0
VLM,0,26,0,1.3698628260461884e-07,-3.426411555073904,success,14.608,world_172.world,8.151308943401995,0.5
VLM,0,23,4,0.26728121854359166,-0.9935798229355827,collision,13.032,world_172.world,8.151308943401995,0.0
VLM,0,27,0,1.3333331555555795e-07,-4.341155130775405,success,15.004,world_171.world,7.983474610537893,0.5
VLM,0,30,0,1.1933172800337375e-07,-4.7324618571000245,success,16.769,world_171.world,7.983474610537893,0.4760853128116104
VLM,0,24,0,1.4858838802549957e-07,-4.261942893625128,success,13.475,world_171.world,7.983474610537893,0.5
VLM,0,23,0,1.5624997558594132e-07,-0.8366623475564965,success,12.802999999999999,world_170.world,7.651993480777325,0.5
VLM,0,27,0,1.321003788506765e-07,-1.0067249142695076,success,15.143999999999998,world_170.world,7.651993480777325,0.5
VLM,0,23,0,1.550387356529092e-07,-0.7022821631744012,success,12.908999999999999,world_170.world,7.651993480777325,0.5
VLM,0,17,0,2.032519912089449e-07,-2.1792210122396463,success,9.852,world_169.world,7.947794994798985,0.5
VLM,0,18,0,1.9607839292580533e-07,-2.2753634581708364,success,10.218000000000002,world_169.world,7.947794994798985,0.5
VLM,0,19,0,1.8621970461458015e-07,-2.601558540237286,success,10.743,world_169.world,7.947794994798985,0.5
VLM,0,19,0,1.8450181097752567e-07,-2.7878899412721747,success,10.84,world_168.world,8.734100236381483,0.5
VLM,0,25,1,1.4306149598547983e-07,-5.837908430205152,success,13.985,world_168.world,8.734100236381483,0.0
VLM,0,20,0,1.7543856571253234e-07,-2.9806162377332646,success,11.402000000000001,world_168.world,8.734100236381483,0.5
VLM,0,23,0,1.5527947899386975e-07,-1.4465774861861915,success,12.897000000000002,world_167.world,8.434824452904516,0.5
VLM,0,25,0,1.4204543436854627e-07,-1.6800841432560927,success,14.087,world_167.world,8.434824452904516,0.5
VLM,0,28,0,1.2903224141519465e-07,-1.3410094181571943,success,15.511,world_167.world,8.434824452904516,0.5
VLM,0,20,0,1.757468935418465e-07,-1.6261046557269798,success,11.383000000000001,world_166.world,7.75232408004971,0.5
VLM,0,25,0,1.4409219825760834e-07,-2.242104876094471,success,13.895999999999999,world_166.world,7.75232408004971,0.5
VLM,0,22,0,1.5748029016058424e-07,-1.7511218996155447,success,12.706000000000001,world_166.world,7.75232408004971,0.5
VLM,0,25,0,1.4388487138347175e-07,-2.0949074607399143,success,13.911000000000001,world_165.world,8.611369784443538,0.5
VLM,0,22,0,1.6103056988235592e-07,-1.9899289633122998,success,12.431000000000001,world_165.world,8.611369784443538,0.5
VLM,0,25,0,0.03318917269997508,-2.213814591097124,success,13.865000000000002,world_165.world,8.611369784443538,0.5
VLM,0,26,0,1.37931015457791e-07,-3.122882183627244,success,14.505999999999998,world_164.world,8.222543997037086,0.5
VLM,0,32,0,1.1198207032675586e-07,-2.345736978057218,success,17.871000000000002,world_164.world,8.222543997037086,0.4601054220265841
VLM,0,24,0,1.494768087478612e-07,-1.9593903121493277,success,13.395999999999999,world_164.world,8.222543997037086,0.5
VLM,0,21,0,1.6977925810199355e-07,-4.24818069820826,success,11.786,world_163.world,8.79991465469347,0.5
VLM,0,32,0,0.0011149385602075184,-12.929423545819317,success,17.949,world_163.world,8.79991465469347,0.4902732550389141
VLM,0,31,0,0.014002448774510061,-5.575515577312526,success,17.152,world_163.world,8.79991465469347,0.5
VLM,0,16,0,2.1881833286250925e-07,-1.7866721588634809,success,9.149000000000001,world_162.world,7.958902179934425,0.5
VLM,0,16,0,2.1929819752232513e-07,-1.7993805143243318,success,9.124999999999998,world_162.world,7.958902179934425,0.5
VLM,0,16,0,2.1739125708885717e-07,-1.7205225631269703,success,9.213000000000001,world_162.world,7.958902179934425,0.5
VLM,0,30,0,1.1918949711686566e-07,-5.659941040288315,success,16.789,world_161.world,8.095210743534128,0.482173491186737
VLM,0,44,3,0.008183387219035415,-35.502520400500956,collision,24.44,world_161.world,8.095210743534128,0.0
VLM,0,30,0,1.201922932461186e-07,-5.762013007853295,success,16.658,world_161.world,8.095210743534128,0.48596534659227564
VLM,0,16,0,2.2075050314558433e-07,-0.7068777222521528,success,9.072,world_160.world,7.822764780761914,0.5
VLM,0,16,0,2.1929819752232513e-07,-0.6123060135248534,success,9.12,world_160.world,7.822764780761914,0.5
VLM,0,16,0,2.197801714768854e-07,-0.7966424603970941,success,9.104,world_160.world,7.822764780761914,0.5
VLM,0,19,0,1.869158529129247e-07,-0.8599221966211948,success,10.705,world_159.world,8.460411962681121,0.5
VLM,0,18,0,1.9646361562600874e-07,-1.3451670114257184,success,10.190000000000001,world_159.world,8.460411962681121,0.5
VLM,0,23,0,1.5527947899386975e-07,-0.7436382569797144,success,12.886,world_159.world,8.460411962681121,0.5
VLM,0,25,0,1.4367814027612928e-07,-1.941808960670855,success,13.924,world_158.world,8.185130885153928,0.5
VLM,0,29,0,1.2499998437500196e-07,-3.3559524240451544,success,16.003,world_158.world,8.185130885153928,0.5
VLM,0,24,0,1.4836793050920914e-07,-1.971306359588473,success,13.496999999999998,world_158.world,8.185130885153928,0.5
VLM,0,65,5,0.3899057465387828,-36.25047200947734,collision,36.077999999999996,world_157.world,7.833988860013338,0.0
VLM,0,43,0,8.460236170876804e-08,-11.657037231638986,success,23.653,world_157.world,7.833988860013338,0.33120487295536877
VLM,0,66,6,0.33951968670744065,-26.734988389008638,collision,36.650000000000006,world_157.world,7.833988860013338,0.0
VLM,0,30,1,0.06658750694559966,-5.598977850163439,success,16.826999999999998,world_156.world,8.133650292117396,0.0
VLM,0,34,0,1.0638296740606731e-07,-4.335595985637602,success,18.817999999999998,world_156.world,8.133650292117396,0.43222713849066835
VLM,0,35,0,1.0319916375653626e-07,-4.281571738264271,success,19.392,world_156.world,8.133650292117396,0.41943328651595485
VLM,0,18,0,1.953124618530348e-07,-1.1413197084708406,success,10.253000000000002,world_155.world,7.830441902459944,0.5
VLM,0,18,0,1.9646361562600874e-07,-1.2766125110541766,success,10.184999999999999,world_155.world,7.830441902459944,0.5
VLM,0,19,0,1.8518515089163875e-07,-1.4170801471873018,success,10.804,world_155.world,7.830441902459944,0.5
VLM,0,29,0,1.2453298573686355e-07,-3.906064663942503,success,16.067,world_154.world,7.898906121797543,0.4916229614612275
VLM,0,31,0,1.1481054939029285e-07,-4.56716688980233,success,17.435000000000002,world_154.world,7.898906121797543,0.4530488168510205
VLM,0,96,0,0.6458492137909667,-31.930965712081296,success,52.537000000000006,world_154.world,7.898906121797543,0.15034939417548665
VLM,0,26,0,1.3642562940987322e-07,-4.211318119059755,success,14.664,world_153.world,7.951241205135583,0.5
VLM,0,27,0,1.329787057209168e-07,-4.520887609700782,success,15.049000000000001,world_153.world,7.951241205135583,0.5
VLM,0,28,0,1.2771390450652562e-07,-3.730841654928634,success,15.669,world_153.world,7.951241205135583,0.5
VLM,0,19,0,1.8726588253447895e-07,-1.4696699230254604,success,10.681999999999999,world_152.world,8.057859296533934,0.5
VLM,0,19,0,1.8726588253447895e-07,-1.5972348489718753,success,10.681000000000001,world_152.world,8.057859296533934,0.5
VLM,0,19,0,1.848428493820981e-07,-1.5830150568932537,success,10.836,world_152.world,8.057859296533934,0.5
VLM,0,27,0,1.3245031358273992e-07,-4.211492948628106,success,15.117999999999999,world_151.world,8.942836118417254,0.5
VLM,0,26,0,1.3831256731499762e-07,-3.5427837465324075,success,14.468000000000002,world_151.world,8.942836118417254,0.5
VLM,0,26,0,1.362397634550731e-07,-3.719598955863477,success,14.686,world_151.world,8.942836118417254,0.5
VLM,0,51,0,0.026372129267845386,-9.8165249841365,success,28.062,world_150.world,7.973092676548482,0.2841241777688148
VLM,0,29,2,1.2391572194352888e-07,-3.672296530820452,success,16.153999999999996,world_150.world,7.973092676548482,0.0
VLM,0,24,0,1.468428565575835e-07,-2.8967597164590955,success,13.625,world_150.world,7.973092676548482,0.5
VLM,0,19,0,1.8587357139896445e-07,-3.1841631524425584,success,10.768,world_149.world,8.312134163588864,0.5
VLM,0,20,0,1.7730493310196223e-07,-3.4960955529484177,success,11.299000000000001,world_149.world,8.312134163588864,0.5
VLM,0,21,0,1.692047091024181e-07,-3.7308201760816115,success,11.825,world_149.world,8.312134163588864,0.5
VLM,0,18,0,1.9723861987403949e-07,-1.3416781159578728,success,10.150999999999998,world_148.world,8.356690315066317,0.5
VLM,0,18,0,1.9801976276836382e-07,-1.405845921774755,success,10.098999999999998,world_148.world,8.356690315066317,0.5
VLM,0,17,0,2.0449893568528924e-07,-1.2646294734670334,success,9.782,world_148.world,8.356690315066317,0.5
VLM,0,16,0,2.15053717192749e-07,-0.9335449789713055,success,9.318,world_147.world,8.187537457443312,0.5
VLM,0,16,0,2.1881833286250925e-07,-1.174555265259221,success,9.149000000000001,world_147.world,8.187537457443312,0.5
VLM,0,16,0,2.1786487628216205e-07,-1.0070863063570397,success,9.180000000000001,world_147.world,8.187537457443312,0.5
VLM,0,28,0,1.283696882709001e-07,-3.462768314484736,success,15.596,world_146.world,8.034842319404571,0.5
VLM,0,29,0,1.2422358705297055e-07,-3.8136648009206002,success,16.12,world_146.world,8.034842319404571,0.49843934983899324
VLM,0,20,0,1.7761986187924301e-07,-3.359753139236383,success,11.268,world_146.world,8.034842319404571,0.5
VLM,0,26,0,1.3850413594125543e-07,-6.099115643784438,success,14.445,world_145.world,8.15255693907889,0.5
VLM,0,36,0,0.15593569859801826,-15.330290179340723,success,19.885999999999996,world_145.world,8.15255693907889,0.40996464543291217
VLM,0,21,0,1.694914966963565e-07,-5.072255068440214,success,11.801000000000002,world_145.world,8.15255693907889,0.5
VLM,0,16,0,2.1881833286250925e-07,-0.18629363559820974,success,9.145,world_144.world,8.467915828030232,0.5
VLM,0,16,0,2.1929819752232513e-07,-0.16988310617026048,success,9.124,world_144.world,8.467915828030232,0.5
VLM,0,16,0,2.2026426866425802e-07,-0.1414308630468986,success,9.094,world_144.world,8.467915828030232,0.5
VLM,0,18,0,1.9455249133220014e-07,-1.782623578799291,success,10.297999999999998,world_143.world,7.783440561012931,0.5
VLM,0,18,0,1.9379841205457133e-07,-2.249935102243838,success,10.333,world_143.world,7.783440561012931,0.5
VLM,0,18,0,1.9685035495071754e-07,-1.7020726985624202,success,10.177,world_143.world,7.783440561012931,0.5
VLM,0,21,0,1.6977925810199355e-07,-1.3695341834225647,success,11.782,world_142.world,7.850464282154265,0.5
VLM,0,20,0,1.7793591139930404e-07,-1.041138544383457,success,11.253,world_142.world,7.850464282154265,0.5
VLM,0,17,0,2.036659463002146e-07,-1.1339957194358914,success,9.821000000000002,world_142.world,7.850464282154265,0.5
VLM,0,33,0,1.0869564035916954e-07,-6.685024215209309,success,18.410999999999998,world_141.world,7.942081561496044,0.43137697906121586
VLM,0,50,0,7.204610431944494e-08,-10.365179329884326,success,27.765,world_141.world,7.942081561496044,0.2860465176119591
VLM,0,38,0,0.18832399356647897,-7.844640352840284,success,21.243,world_141.world,7.942081561496044,0.3738681712326905
VLM,0,25,0,1.4367814027612928e-07,-3.482239173848849,success,13.923,world_140.world,9.080746950584595,0.5
VLM,0,32,0,1.1325027030008265e-07,-5.569807215410355,success,17.673000000000002,world_140.world,9.080746950584595,0.5
VLM,0,26,0,1.3531797898268214e-07,-4.720677842141135,success,14.801,world_140.world,9.080746950584595,0.5
VLM,0,26,0,1.3755156292275614e-07,-2.2659237315135408,success,14.548000000000002,world_139.world,7.744009224017903,0.5
VLM,0,20,0,1.7730493310196223e-07,-2.623684054549799,success,11.295,world_139.world,7.744009224017903,0.5
VLM,0,27,0,1.3192610396753248e-07,-1.9403769667276523,success,15.165999999999999,world_139.world,7.744009224017903,0.5
VLM,0,40,0,0.0026955073948331182,-20.947517154993996,success,22.261999999999997,world_138.world,8.66316792019046,0.3891459850952503
VLM,0,44,0,0.022672143913186726,-9.316013504541832,success,24.708,world_138.world,8.66316792019046,0.3506219815521475
VLM,0,48,0,0.005319224519815766,-8.42009617984254,success,26.326,world_138.world,8.66316792019046,0.32907270075934286
VLM,0,19,0,1.8656712937180424e-07,-0.5040164097189398,success,10.731000000000002,world_137.world,7.683886493579108,0.5
VLM,0,18,0,1.9305015578182322e-07,-0.3567653010144003,success,10.371999999999998,world_137.world,7.683886493579108,0.5
VLM,0,18,0,1.95694677946247e-07,-0.4592622430426709,success,10.224,world_137.world,7.683886493579108,0.5
VLM,0,23,0,1.533742096051826e-07,-3.519374148552841,success,13.058,world_136.world,8.580845785714267,0.5
VLM,0,16,0,2.1786487628216205e-07,-1.7955419922707099,success,9.181,world_136.world,8.580845785714267,0.5
VLM,0,19,0,1.8621970461458015e-07,-2.521244197175451,success,10.754999999999999,world_136.world,8.580845785714267,0.5
VLM,0,30,0,1.1947429874859035e-07,-5.71355188245293,success,16.759999999999998,world_135.world,8.456991877899835,0.5
VLM,0,24,0,1.4662754448276476e-07,-3.1672433210672075,success,13.658999999999999,world_135.world,8.456991877899835,0.5
VLM,0,30,0,1.1933172800337375e-07,-3.34757252777584,success,16.776000000000003,world_135.world,8.456991877899835,0.5
VLM,0,28,0,1.287001121364077e-07,-6.525731711137378,success,15.546000000000001,world_134.world,8.903085477451352,0.5
VLM,0,52,2,0.8540653332824647,-29.429715921420552,collision,28.801,world_134.world,8.903085477451352,0.0
VLM,0,29,0,1.2315269419301797e-07,-5.5819902667622,success,16.255,world_134.world,8.903085477451352,0.5
VLM,0,33,0,1.0834235012542253e-07,-3.9552598957182385,success,18.463,world_133.world,8.239301258889826,0.44626015592752133
VLM,0,28,0,1.2722644691775486e-07,-3.5635264258462764,success,15.732999999999999,world_133.world,8.239301258889826,0.5
VLM,0,20,0,1.7793591139930404e-07,-2.800947479656164,success,11.254000000000001,world_133.world,8.239301258889826,0.5
VLM,0,31,0,0.007981869101269202,-7.5098837416575,success,17.557000000000002,world_132.world,9.489190949419601,0.5
VLM,0,33,3,0.5808190106876066,-10.435071909708583,collision,18.573,world_132.world,9.489190949419601,0.0
VLM,0,50,1,0.014471851340676458,-11.758899357067412,success,27.657,world_132.world,9.489190949419601,0.0
VLM,0,19,0,1.848428493820981e-07,-4.187062021561009,success,10.828000000000001,world_131.world,7.980536179987913,0.5
VLM,0,19,0,1.8450181097752567e-07,-4.089836607579891,success,10.84,world_131.world,7.980536179987913,0.5
VLM,0,26,0,1.3642562940987322e-07,-5.0797213861175665,success,14.663,world_131.world,7.980536179987913,0.5
VLM,0,18,0,1.9723861987403949e-07,-2.2686063659041085,success,10.149,world_130.world,7.900807679780633,0.5
VLM,0,18,0,1.9685035495071754e-07,-2.1070306423507374,success,10.171000000000001,world_130.world,7.900807679780633,0.5
VLM,0,18,0,1.9841265904510736e-07,-2.143514696584256,success,10.099,world_130.world,7.900807679780633,0.5
VLM,0,22,0,1.626015995769757e-07,-5.166836428154622,success,12.308000000000002,world_129.world,8.85103850168101,0.5
VLM,0,21,0,1.672240523036702e-07,-4.026004018310646,success,11.966,world_129.world,8.85103850168101,0.5
VLM,0,18,0,1.9305015578182322e-07,-3.1303216364365603,success,10.367999999999999,world_129.world,8.85103850168101,0.5
VLM,0,84,0,0.33968807020415637,-29.92401851013818,success,46.161,world_128.world,8.616854335027416,0.18666957680785545
VLM,0,121,1,0.5040773330088392,-46.67351588999288,success,66.229,world_128.world,8.616854335027416,0.0
VLM,0,43,0,8.291873275964074e-08,-16.023729868690346,success,24.12,world_128.world,8.616854335027416,0.3572493505401084
VLM,0,27,0,0.003968385718467498,-3.195713541030299,success,15.129999999999999,world_127.world,8.000727788237427,0.5
VLM,0,22,0,1.628664229859246e-07,-1.911607541839915,success,12.280000000000001,world_127.world,8.000727788237427,0.5
VLM,0,20,0,1.7825308765542112e-07,-1.660939336244017,success,11.221,world_127.world,8.000727788237427,0.5
VLM,0,17,0,2.0533876687088977e-07,-1.146387405290235,success,9.762,world_126.world,7.838098818829927,0.5
VLM,0,18,0,1.95694677946247e-07,-1.1770801620081046,success,10.229000000000001,world_126.world,7.838098818829927,0.5
VLM,0,17,0,2.0790016467772047e-07,-1.0966072994490472,success,9.63,world_126.world,7.838098818829927,0.5
VLM,0,16,0,2.1739125708885717e-07,-0.7915474520405164,success,9.203000000000001,world_125.world,7.940600935402479,0.5
VLM,0,16,0,2.2026426866425802e-07,-0.6913971200850749,success,9.084000000000001,world_125.world,7.940600935402479,0.5
VLM,0,15,0,2.2779038091335288e-07,-0.9806045049957801,success,8.791,world_125.world,7.940600935402479,0.5
VLM,0,23,0,1.5455948152094567e-07,-2.0782108891016122,success,12.953,world_124.world,8.206309761944365,0.5
VLM,0,27,0,1.326259771053081e-07,-2.176053529839338,success,15.082999999999998,world_124.world,8.206309761944365,0.5
VLM,0,26,0,0.03301251265302439,-2.849859151912377,success,14.548000000000002,world_124.world,8.206309761944365,0.5
VLM,0,56,0,0.06520341735291044,-18.177320405180208,success,30.987,world_123.world,8.351860774453773,0.26952789151753226
VLM,0,50,5,0.5606060923083628,-28.850773687080782,collision,27.735000000000003,world_123.world,8.351860774453773,0.0
VLM,0,56,0,0.01669884285813469,-9.78992644390248,success,31.153000000000002,world_123.world,8.351860774453773,0.26809170142374
VLM,0,18,0,1.9685035495071754e-07,-1.4177733846877376,success,10.166,world_122.world,8.26882234942228,0.5
VLM,0,17,0,2.0833328993056462e-07,-1.5077022071934625,success,9.618,world_122.world,8.26882234942228,0.5
VLM,0,18,0,1.9762841944102384e-07,-1.3903852092124271,success,10.136000000000001,world_122.world,8.26882234942228,0.5
VLM,0,21,0,1.6750415954704197e-07,-3.933464338100175,success,11.954,world_121.world,8.086528592188191,0.5
VLM,0,41,3,0.6003506047019628,-12.65330850880334,collision,22.841,world_121.world,8.086528592188191,0.0
VLM,0,24,0,1.4880950166525275e-07,-5.435366223683093,success,13.447,world_121.world,8.086528592188191,0.5
VLM,0,22,0,1.626015995769757e-07,-0.647205890774245,success,12.312999999999999,world_120.world,7.642964254777576,0.5
VLM,0,22,0,1.6103056988235592e-07,-1.0419370637085703,success,12.435,world_120.world,7.642964254777576,0.5
VLM,0,20,0,1.7543856571253234e-07,-0.9172234599349937,success,11.406,world_120.world,7.642964254777576,0.5
VLM,0,15,0,2.298850046241369e-07,-0.9062721737002685,success,8.717000000000002,world_119.world,8.04011850367356,0.5
VLM,0,15,0,2.3364480522317638e-07,-1.186778252633201,success,8.579,world_119.world,8.04011850367356,0.5
VLM,0,16,0,2.1881833286250925e-07,-1.3953809580310494,success,9.146999999999998,world_119.world,8.04011850367356,0.5
VLM,0,25,1,0.04714299326528668,-4.83087625201349,success,14.018,world_118.world,8.286531889905214,0.0
VLM,0,14,3,0.007407652491937657,-1.7309916376411478,collision,8.107,world_118.world,8.286531889905214,0.0
VLM,0,19,0,1.8621970461458015e-07,-3.6049339549847863,success,10.741000000000001,world_118.world,8.286531889905214,0.5
VLM,0,18,0,1.9646361562600874e-07,-1.7055738923011514,success,10.19,world_117.world,9.082600245261535,0.5
VLM,0,17,0,2.0408159100375695e-07,-1.8489666547108587,success,9.814,world_117.world,9.082600245261535,0.5
VLM,0,17,0,2.0661152755960177e-07,-1.657888181911134,success,9.695,world_117.world,9.082600245261535,0.5
VLM,0,19,0,1.879698894793441e-07,-1.3045602350370173,success,10.652,world_116.world,8.263270357397584,0.5
VLM,0,20,0,1.7482514426133844e-07,-1.983586173832282,success,11.455,world_116.world,8.263270357397584,0.5
VLM,0,21,0,1.689188903853226e-07,-1.6793906927409479,success,11.841999999999999,world_116.world,8.263270357397584,0.5
VLM,0,17,0,2.0876822363920176e-07,-1.5888983317825387,success,9.583,world_115.world,7.913606026165007,0.5
VLM,0,16,0,2.1834056368109966e-07,-1.5433972966010392,success,9.162999999999998,world_115.world,7.913606026165007,0.5
VLM,0,17,0,2.0833328993056462e-07,-1.2834960100011192,success,9.615,world_115.world,7.913606026165007,0.5
VLM,0,17,0,2.0790016467772047e-07,-2.0283927601072387,success,9.633999999999999,world_114.world,7.836260874827511,0.5
VLM,0,16,0,2.164501695995304e-07,-1.1563138053213635,success,9.247,world_114.world,7.836260874827511,0.5
VLM,0,21,0,1.6611292921712142e-07,-2.2830610955292236,success,12.044,world_114.world,7.836260874827511,0.5
VLM,0,26,0,1.3661200319508155e-07,-1.8699020179055483,success,14.654,world_113.world,8.193475167563369,0.5
VLM,0,15,2,0.011338092667099169,-0.8091619902906824,collision,8.830999999999998,world_113.world,8.193475167563369,0.0
VLM,0,23,0,1.5552097114759394e-07,-1.8785331489661223,success,12.860999999999999,world_113.world,8.193475167563369,0.5
VLM,0,24,0,1.4836793050920914e-07,-3.783628623546544,success,13.498000000000001,world_112.world,8.52877630222659,0.5
VLM,0,23,0,1.536098074332093e-07,-3.9633602741633998,success,13.021,world_112.world,8.52877630222659,0.5
VLM,0,21,0,1.686340356435016e-07,-4.112402855909169,success,11.865,world_112.world,8.52877630222659,0.5
VLM,0,19,0,1.8656712937180424e-07,-3.494846873706725,success,10.739999999999998,world_111.world,8.005659507313519,0.5
VLM,0,21,0,1.694914966963565e-07,-3.6466208704442065,success,11.818999999999999,world_111.world,8.005659507313519,0.5
VLM,0,20,0,1.757468935418465e-07,-3.097945956452034,success,11.388000000000002,world_111.world,8.005659507313519,0.5
VLM,0,22,0,1.6181227155141238e-07,-1.3635494824943497,success,12.368,world_110.world,7.78493225807519,0.5
VLM,0,21,0,1.694914966963565e-07,-1.2826683618059795,success,11.808,world_110.world,7.78493225807519,0.5
VLM,0,26,0,1.3850413594125543e-07,-1.8562486131356462,success,14.443,world_110.world,7.78493225807519,0.5
VLM,0,17,0,2.0746883662472272e-07,-2.36799365890587,success,9.658999999999999,world_109.world,8.324773821860362,0.5
VLM,0,21,0,1.672240523036702e-07,-3.3508015636501134,success,11.968,world_109.world,8.324773821860362,0.5
VLM,0,17,0,2.0533876687088977e-07,-2.2079958228978973,success,9.745,world_109.world,8.324773821860362,0.5
VLM,0,31,0,0.0023149302876238095,-4.928195778698317,success,17.287,world_108.world,7.839549742510147,0.4534939401000837
VLM,0,68,2,0.08002153168520239,-29.800975330718227,success,37.241,world_108.world,7.839549742510147,0.0
VLM,0,30,0,1.19617210572104e-07,-4.6699589846999014,success,16.732,world_108.world,7.839549742510147,0.4685363221677114
VLM,0,38,3,0.01529646125272837,-17.728050956754565,collision,20.930000000000003,world_107.world,8.252165035604982,0.0
VLM,0,21,0,1.694914966963565e-07,-3.2202806653599096,success,11.809,world_107.world,8.252165035604982,0.5
VLM,0,53,3,0.49863577771925116,-19.279056373611628,collision,29.331999999999997,world_107.world,8.252165035604982,0.0
VLM,0,22,0,1.6207452802681882e-07,-3.5415375931272233,success,12.343999999999998,world_106.world,7.976636803178238,0.5
VLM,0,21,0,1.692047091024181e-07,-4.00040239164009,success,11.828,world_106.world,7.976636803178238,0.5
VLM,0,21,0,1.686340356435016e-07,-3.0689099743838284,success,11.861999999999998,world_106.world,7.976636803178238,0.5
VLM,0,21,0,1.7035772225592467e-07,-3.720115788994407,success,11.751,world_105.world,8.212060772852059,0.5
VLM,0,31,0,1.1668610073674438e-07,-3.603883903392944,success,17.153,world_105.world,8.212060772852059,0.47875361586031945
VLM,0,35,3,0.014388590504769733,-4.994129628669159,success,19.471,world_105.world,8.212060772852059,0.0
VLM,0,23,0,1.550387356529092e-07,-3.4488664698870357,success,12.934999999999999,world_104.world,9.38458633589459,0.5
VLM,0,19,0,1.8587357139896445e-07,-2.4258126308157504,success,10.760000000000002,world_104.world,9.38458633589459,0.5
VLM,0,59,4,0.7066501114574201,-20.592280345889176,collision,32.197,world_104.world,9.38458633589459,0.0
VLM,0,22,0,1.628664229859246e-07,-2.6679234382851797,success,12.287,world_103.world,8.957754143673563,0.5
VLM,0,23,0,1.5455948152094567e-07,-3.606401734060173,success,12.957,world_103.world,8.957754143673563,0.5
VLM,0,24,0,1.497005763921293e-07,-3.9433343410104094,success,13.373000000000001,world_103.world,8.957754143673563,0.5
VLM,0,96,0,0.027366057492738217,-36.957082095158626,success,52.62100000000001,world_102.world,8.31033103070008,0.15792803311795822
VLM,0,49,0,0.020880013357195127,-11.196800186636107,success,26.823,world_102.world,8.31033103070008,0.309821087525634
VLM,0,62,1,0.007025819260783416,-23.199977312855477,success,34.161,world_102.world,8.31033103070008,0.0
VLM,0,16,0,2.159826747337636e-07,-1.9332759108022084,success,9.271,world_101.world,8.043651759318303,0.5
VLM,0,30,5,0.6263473501380419,-6.323972952220201,collision,16.706,world_101.world,8.043651759318303,0.0
VLM,0,19,0,1.8416202869944225e-07,-3.2893353696338075,success,10.869,world_101.world,8.043651759318303,0.5
VLM,0,19,0,1.8587357139896445e-07,-1.0357570340591011,success,10.772,world_100.world,7.710418300975051,0.5
VLM,0,17,0,2.0576127453471718e-07,-1.0347685799985509,success,9.725000000000001,world_100.world,7.710418300975051,0.5
VLM,0,17,0,2.0790016467772047e-07,-0.9216731747735846,success,9.629,world_100.world,7.710418300975051,0.5
VLM,0,52,3,0.6425053031312242,-17.442700699042057,collision,28.428999999999995,world_99.world,8.762009355181966,0.0
VLM,0,39,0,0.0009285978710679786,-5.515445290820421,success,21.545,world_99.world,8.762009355181966,0.40668411952573524
VLM,0,77,6,0.5917215620074523,-55.796214467955714,collision,42.538,world_99.world,8.762009355181966,0.0
VLM,0,18,0,1.9607839292580533e-07,-2.2840233537812127,success,10.209,world_98.world,8.013904791833717,0.5
VLM,0,16,0,2.164501695995304e-07,-1.7473875859235284,success,9.256000000000002,world_98.world,8.013904791833717,0.5
VLM,0,17,0,2.0790016467772047e-07,-1.920096805007388,success,9.629999999999999,world_98.world,8.013904791833717,0.5
VLM,0,30,0,1.1848339828395756e-07,-6.303214105265684,success,16.88,world_97.world,8.744001349522417,0.5
VLM,0,57,0,0.15468554847974658,-38.40406463451529,success,31.169999999999995,world_97.world,8.744001349522417,0.2805261902317106
VLM,0,31,0,0.0034803940277965168,-5.687637687665731,success,17.253,world_97.world,8.744001349522417,0.5
VLM,0,27,0,1.335113306393417e-07,-2.802699644116374,success,14.982,world_96.world,8.233773212154066,0.5
VLM,0,26,0,1.3736261849414581e-07,-2.642914142387537,success,14.572,world_96.world,8.233773212154066,0.5
VLM,0,26,0,1.3736261849414581e-07,-3.180733189832028,success,14.567,world_96.world,8.233773212154066,0.5
VLM,0,18,0,1.9685035495071754e-07,-1.7982424873073612,success,10.180000000000001,world_95.world,9.649307432794064,0.5
VLM,0,18,0,1.9685035495071754e-07,-2.185650717218873,success,10.165000000000001,world_95.world,9.649307432794064,0.5
VLM,0,18,0,1.9646361562600874e-07,-1.481383642780034,success,10.186,world_95.world,9.649307432794064,0.5
VLM,0,18,0,1.9685035495071754e-07,-2.0076863080347986,success,10.165000000000001,world_94.world,7.874110368727349,0.5
VLM,0,18,0,1.9723861987403949e-07,-1.794434528159191,success,10.155,world_94.world,7.874110368727349,0.5
VLM,0,21,0,1.6977925810199355e-07,-2.12235317847765,success,11.794,world_94.world,7.874110368727349,0.5
VLM,0,29,0,1.2391572194352888e-07,-5.645077048810773,success,16.16,world_93.world,8.737123788614076,0.5
VLM,0,26,0,1.3774102785936258e-07,-4.3477320100263475,success,14.532999999999998,world_93.world,8.737123788614076,0.5
VLM,0,27,0,1.32275114778424e-07,-4.72720557799573,success,15.123999999999999,world_93.world,8.737123788614076,0.5
VLM,0,19,0,1.8416202869944225e-07,-2.1415991691455174,success,10.865,world_92.world,8.426405905836614,0.5
VLM,0,17,0,2.0491799079549372e-07,-1.3596423155178856,success,9.775999999999998,world_92.world,8.426405905836614,0.5
VLM,0,27,0,0.0013141916801324993,-1.3034227276960813,success,15.225999999999999,world_92.world,8.426405905836614,0.5
VLM,0,20,0,1.769911191166161e-07,-2.002815581518913,success,11.301,world_91.world,8.651211523244614,0.5
VLM,0,19,0,1.8450181097752567e-07,-2.363427259477145,success,10.851999999999999,world_91.world,8.651211523244614,0.5
VLM,0,21,0,0.005033723987630204,-2.731506891726131,success,11.947000000000001,world_91.world,8.651211523244614,0.5
VLM,0,28,0,0.002547897764599011,-12.268407355660907,success,15.703999999999999,world_90.world,8.915313973228162,0.5
VLM,0,27,0,0.002645634570683258,-4.464283901604067,success,15.123000000000001,world_90.world,8.915313973228162,0.5
VLM,0,36,0,9.910801792784759e-08,-22.28656602424279,success,20.194000000000003,world_90.world,8.915313973228162,0.44148331054908196
VLM,0,20,2,0.12544185062864832,-2.3892891549461313,collision,11.318999999999999,world_89.world,8.277057943766925,0.0
VLM,0,29,0,1.21951204640097e-07,-5.84013880087879,success,16.409999999999997,world_89.world,8.277057943766925,0.5
VLM,0,88,0,0.01948594446575686,-16.40132810772526,success,48.241,world_89.world,8.277057943766925,0.17157724640382507
VLM,0,18,0,1.9646361562600874e-07,-1.5735208581591813,success,10.192000000000002,world_88.world,8.22603682618968,0.5
VLM,0,21,0,1.694914966963565e-07,-1.656657465397313,success,11.818000000000001,world_88.world,8.22603682618968,0.5
VLM,0,24,0,1.494768087478612e-07,-2.0023532902217993,success,13.385,world_88.world,8.22603682618968,0.5
VLM,0,19,0,1.869158529129247e-07,-4.148539719946581,success,10.704,world_87.world,7.965846176566169,0.5
VLM,0,18,0,1.9379841205457133e-07,-3.038728333900549,success,10.329,world_87.world,7.965846176566169,0.5
VLM,0,19,0,1.8518515089163875e-07,-3.4646508995209078,success,10.802,world_87.world,7.965846176566169,0.5
VLM,0,18,0,1.9685035495071754e-07,-0.5851313745511373,success,10.168,world_86.world,8.086051833195288,0.5
VLM,0,19,0,1.8552872253641513e-07,-0.7086046728254036,success,10.79,world_86.world,8.086051833195288,0.5
VLM,0,18,0,1.919385428140993e-07,-0.8339997823997934,success,10.437999999999999,world_86.world,8.086051833195288,0.5
VLM,0,66,0,0.017344226702209937,-13.060663320628782,success,36.915,world_85.world,8.49776588751143,0.2301981819724077
VLM,0,26,0,1.3386879064674825e-07,-4.207052503242835,success,14.950000000000001,world_85.world,8.49776588751143,0.5
VLM,0,29,0,1.2180266482306154e-07,-4.920749525906383,success,16.421,world_85.world,8.49776588751143,0.5
VLM,0,19,0,1.8587357139896445e-07,-1.6630240039572062,success,10.772,world_84.world,7.7946843634494,0.5
VLM,0,19,0,1.8348620486491654e-07,-1.7354755063918557,success,10.911999999999999,world_84.world,7.7946843634494,0.5
VLM,0,18,0,1.9493173588075326e-07,-1.475063286312408,success,10.263,world_84.world,7.7946843634494,0.5
VLM,0,23,0,1.5384613017751845e-07,-6.20593102029891,success,13.008,world_83.world,8.267190471112068,0.5
VLM,0,28,0,1.2578614769985564e-07,-8.188161952668572,success,15.913,world_83.world,8.267190471112068,0.5
VLM,0,30,0,1.1918949711686566e-07,-6.261802503223511,success,16.781,world_83.world,8.267190471112068,0.4926518366671872
VLM,0,51,0,7.012622229128877e-08,-9.46102312753618,success,28.53,world_82.world,8.958164793488972,0.3139910548015763
VLM,0,34,0,1.0504200577289856e-07,-5.902759980366933,success,19.039,world_82.world,8.958164793488972,0.4705165604017528
VLM,0,25,0,1.4164303942733154e-07,-3.3120179688349842,success,14.130999999999998,world_82.world,8.958164793488972,0.5
VLM,0,28,0,0.045627497385615036,-4.872618285907292,success,15.793000000000001,world_81.world,8.068852074309877,0.5
VLM,0,22,0,1.6181227155141238e-07,-4.059461785178796,success,12.379000000000001,world_81.world,8.068852074309877,0.5
VLM,0,20,0,1.7543856571253234e-07,-4.040690666182489,success,11.402000000000001,world_81.world,8.068852074309877,0.5
VLM,0,18,0,1.923076553254509e-07,-1.8088118264239643,success,10.41,world_80.world,8.100313695246186,0.5
VLM,0,16,0,2.15053717192749e-07,-1.2560975270570605,success,9.306,world_80.world,8.100313695246186,0.5
VLM,0,17,0,2.0120720297641792e-07,-1.9764490609058185,success,9.955,world_80.world,8.100313695246186,0.5
VLM,0,23,0,1.5174504525871848e-07,-2.2378489185192016,success,13.206,world_79.world,7.9152425094789844,0.5
VLM,0,25,0,1.4124291790354268e-07,-1.8562386664758144,success,14.171,world_79.world,7.9152425094789844,0.5
VLM,0,23,0,1.5128590752104274e-07,-1.8120675203582164,success,13.229,world_79.world,7.9152425094789844,0.5
VLM,0,16,0,2.159826747337636e-07,-0.3535851874439973,success,9.267999999999999,world_78.world,8.307917259957843,0.5
VLM,0,16,0,2.1739125708885717e-07,-0.36667488092388156,success,9.216,world_78.world,8.307917259957843,0.5
VLM,0,20,0,1.7241376337693738e-07,-0.5607680329719512,success,11.612000000000002,world_78.world,8.307917259957843,0.5
VLM,0,30,0,1.1904760487528514e-07,-4.943673025032799,success,16.806,world_77.world,7.858846823156121,0.46762149370201833
VLM,0,27,0,1.2953366197750494e-07,-3.9769312492217557,success,15.459,world_77.world,7.858846823156121,0.5
VLM,0,34,0,1.0615710125720794e-07,-5.788308856616998,success,18.841,world_77.world,7.858846823156121,0.4171141034529017
VLM,0,38,0,9.460737042503592e-08,-22.483357186146375,success,21.148999999999997,world_76.world,8.134191097866879,0.38461350881208944
VLM,0,22,0,1.599999744000041e-07,-3.4265137939996313,success,12.500000000000002,world_76.world,8.134191097866879,0.5
VLM,0,26,0,1.3888886959876811e-07,-3.4257901824724004,success,14.419000000000002,world_76.world,8.134191097866879,0.5
VLM,0,23,0,0.0352762215834016,-4.703574739308161,success,13.057999999999998,world_75.world,8.598515422056995,0.5
VLM,0,21,0,1.6666663888889353e-07,-4.377182695085635,success,12.004000000000001,world_75.world,8.598515422056995,0.5
VLM,0,24,0,0.0029852234350412786,-3.409670802030568,success,13.415999999999999,world_75.world,8.598515422056995,0.5
VLM,0,16,0,2.1551719493163904e-07,-1.2637819296323767,success,9.28,world_74.world,7.681679114277142,0.5
VLM,0,16,0,2.159826747337636e-07,-1.6998681271195744,success,9.266,world_74.world,7.681679114277142,0.5
VLM,0,16,0,2.1881833286250925e-07,-1.2136557861601787,success,9.148000000000001,world_74.world,7.681679114277142,0.5
VLM,0,16,0,2.1551719493163904e-07,-1.9595396723034777,success,9.288,world_73.world,7.662817528720334,0.5
VLM,0,26,0,0.05442189735756499,-4.734147321382741,success,14.711000000000002,world_73.world,7.662817528720334,0.5
VLM,0,16,0,2.1691969264214913e-07,-2.1002106079555096,success,9.220999999999998,world_73.world,7.662817528720334,0.5
VLM,0,29,0,1.230012148829994e-07,-4.0123287143660376,success,16.269,world_72.world,9.048141684378571,0.5
VLM,0,23,0,1.540831811890322e-07,-3.240466878431089,success,12.989,world_72.world,9.048141684378571,0.5
VLM,0,20,0,1.7825308765542112e-07,-3.5580718970872587,success,11.226,world_72.world,9.048141684378571,0.5
VLM,0,17,0,2.036659463002146e-07,-0.31134905711021316,success,9.829,world_71.world,8.454422867423581,0.5
VLM,0,20,0,1.766784140144145e-07,-0.30018191490943535,success,11.33,world_71.world,8.454422867423581,0.5
VLM,0,18,0,1.923076553254509e-07,-0.37345189996924283,success,10.405,world_71.world,8.454422867423581,0.5
VLM,0,17,0,2.0746883662472272e-07,-1.1847932997599566,success,9.651000000000002,world_70.world,8.555485396665695,0.5
VLM,0,16,0,2.1459222862827713e-07,-1.0522504550867335,success,9.331000000000001,world_70.world,8.555485396665695,0.5
VLM,0,17,0,2.0790016467772047e-07,-1.1676047404912915,success,9.622000000000002,world_70.world,8.555485396665695,0.5
VLM,0,94,0,0.016686107229875544,-31.165249772306627,success,51.553000000000004,world_69.world,8.295894615687171,0.16091972563550463
VLM,0,40,0,0.16233191369220507,-20.551076138238084,success,22.313999999999997,world_69.world,8.295894615687171,0.37177980710258907
VLM,0,84,0,0.017383788901182577,-17.89631923731537,success,46.029,world_69.world,8.295894615687171,0.18023191065821917
VLM,0,29,0,1.2422358705297055e-07,-4.311400198656718,success,16.102000000000004,world_68.world,7.992671380754568,0.4963775543879373
VLM,0,17,0,2.0576127453471718e-07,-1.7311897361174975,success,9.727,world_68.world,7.992671380754568,0.5
VLM,0,18,0,1.9607839292580533e-07,-1.7566608536534967,success,10.214000000000002,world_68.world,7.992671380754568,0.5
VLM,0,20,0,1.7636681192825188e-07,-2.6906167379566623,success,11.344999999999999,world_67.world,8.137590764596517,0.5
VLM,0,18,0,1.9379841205457133e-07,-2.0831188649076466,success,10.330000000000002,world_67.world,8.137590764596517,0.5
VLM,0,19,0,1.8315014960619973e-07,-2.0950070762603943,success,10.934000000000001,world_67.world,8.137590764596517,0.5
VLM,0,34,0,1.0660979673669545e-07,-3.764107659360838,success,18.769,world_66.world,8.431327419200922,0.4492155905589495
VLM,0,61,3,0.6960841790716435,-27.780667051168734,collision,34.22,world_66.world,8.431327419200922,0.0
VLM,0,15,2,0.18636382128094972,-4.3971546585697565,collision,8.815000000000001,world_66.world,8.431327419200922,0.0
VLM,0,15,0,2.3041469345283563e-07,-1.1580742530366097,success,8.697000000000001,world_65.world,7.784881350694137,0.5
VLM,0,15,0,2.232142358896795e-07,-0.8817657735657501,success,8.963000000000001,world_65.world,7.784881350694137,0.5
VLM,0,16,0,2.2026426866425802e-07,-1.1947052976736712,success,9.091000000000001,world_65.world,7.784881350694137,0.5
VLM,0,122,5,0.6629510219140211,-80.77930257065657,collision,68.18499999999999,world_64.world,8.299052786270355,0.0
VLM,0,24,0,1.4534881608302094e-07,-4.236598721644639,success,13.762999999999998,world_64.world,8.299052786270355,0.5
VLM,0,24,0,1.4450864963747838e-07,-4.512476898670237,success,13.861,world_64.world,8.299052786270355,0.5
VLM,0,21,0,1.689188903853226e-07,-4.816011083770384,success,11.849,world_63.world,8.142136090349757,0.5
VLM,0,19,0,1.7921143741730513e-07,-5.537157966347522,success,11.174,world_63.world,8.142136090349757,0.5
VLM,0,20,0,1.7605630703234033e-07,-3.930875287460538,success,11.371,world_63.world,8.142136090349757,0.5
VLM,0,15,0,2.283104501574315e-07,-0.25715909270092946,success,8.775000000000002,world_62.world,7.789669185797129,0.5
VLM,0,15,0,2.3201850765231844e-07,-0.2794577461343427,success,8.637,world_62.world,7.789669185797129,0.5
VLM,0,15,0,2.288328995805722e-07,-0.20827347092362436,success,8.747000000000002,world_62.world,7.789669185797129,0.5
VLM,0,16,0,2.1881833286250925e-07,-0.4495100875871922,success,9.156,world_61.world,7.90488192076935,0.5
VLM,0,16,0,2.1739125708885717e-07,-0.40998526126152657,success,9.206999999999999,world_61.world,7.90488192076935,0.5
VLM,0,16,0,2.1929819752232513e-07,-0.420014984266212,success,9.127,world_61.world,7.90488192076935,0.5
VLM,0,15,0,2.288328995805722e-07,-1.09603732824329,success,8.741999999999999,world_60.world,8.1793502054952,0.5
VLM,0,15,0,2.3041469345283563e-07,-0.9629830259285653,success,8.696000000000002,world_60.world,8.1793502054952,0.5
VLM,0,16,0,2.1691969264214913e-07,-0.9830845495627223,success,9.229000000000001,world_60.world,8.1793502054952,0.5
VLM,0,17,0,2.0242910882001849e-07,-1.6305257813065595,success,9.889,world_59.world,8.195378268581361,0.5
VLM,0,17,0,2.0120720297641792e-07,-1.9650156566857593,success,9.959,world_59.world,8.195378268581361,0.5
VLM,0,19,0,1.8450181097752567e-07,-1.479908604562014,success,10.846,world_59.world,8.195378268581361,0.5
VLM,0,17,0,2.0576127453471718e-07,-1.6488824852970867,success,9.727000000000002,world_58.world,8.561860718112822,0.5
VLM,0,17,0,2.0242910882001849e-07,-1.8201102706331622,success,9.895000000000001,world_58.world,8.561860718112822,0.5
VLM,0,16,0,2.0408159100375695e-07,-1.9923561201015374,success,9.801000000000002,world_58.world,8.561860718112822,0.5
VLM,0,17,0,2.0161286257805191e-07,-3.048889740027472,success,9.923,world_57.world,8.325250746080222,0.5
VLM,0,17,0,2.0576127453471718e-07,-2.761236678575302,success,9.72,world_57.world,8.325250746080222,0.5
VLM,0,43,0,0.005709705896435081,-7.4695644858124535,success,24.525,world_57.world,8.325250746080222,0.3394597653855341
VLM,0,18,0,1.9455249133220014e-07,-1.5858667598391234,success,10.286000000000001,world_56.world,8.14825227129895,0.5
VLM,0,16,0,2.1691969264214913e-07,-1.3211035905484367,success,9.232000000000001,world_56.world,8.14825227129895,0.5
VLM,0,17,0,2.036659463002146e-07,-1.3445541451755132,success,9.839,world_56.world,8.14825227129895,0.5
VLM,0,18,0,1.9267819023541616e-07,-3.8355973616958186,success,10.393,world_55.world,7.972038590337743,0.5
VLM,0,38,0,9.242143323276958e-08,-27.563805238542198,success,21.644,world_55.world,7.972038590337743,0.3683255678404058
VLM,0,18,0,1.919385428140993e-07,-2.7879743668248596,success,10.423000000000002,world_55.world,7.972038590337743,0.5
VLM,0,15,0,2.283104501574315e-07,-0.03517715276998164,success,8.779,world_54.world,7.937059993858295,0.5
VLM,0,16,0,2.1459222862827713e-07,-0.05814642121727365,success,9.322,world_54.world,7.937059993858295,0.5
VLM,0,15,0,2.298850046241369e-07,-0.07251801290167743,success,8.706999999999999,world_54.world,7.937059993858295,0.5
VLM,0,14,0,2.4096379735812115e-07,-0.12714472344324176,success,8.313,world_53.world,8.137162957850254,0.5
VLM,0,14,0,2.421306919780407e-07,-0.08502416946962368,success,8.266,world_53.world,8.137162957850254,0.5
VLM,0,14,0,2.4096379735812115e-07,-0.06753988973272608,success,8.304,world_53.world,8.137162957850254,0.5
VLM,0,19,0,1.8281532306849672e-07,-4.928571430016899,success,10.940999999999999,world_52.world,8.908826053052014,0.5
VLM,0,22,0,1.5923564343381477e-07,-5.013682155764628,success,12.565999999999999,world_52.world,8.908826053052014,0.5
VLM,0,20,0,1.7482514426133844e-07,-5.172647796743133,success,11.456000000000001,world_52.world,8.908826053052014,0.5
VLM,0,16,0,2.1929819752232513e-07,-1.5834637695821292,success,9.135,world_51.world,8.428638485368548,0.5
VLM,0,17,0,2.0746883662472272e-07,-1.5990601420375663,success,9.645000000000001,world_51.world,8.428638485368548,0.5
VLM,0,16,0,2.2026426866425802e-07,-1.6424660122765165,success,9.089999999999998,world_51.world,8.428638485368548,0.5
VLM,0,16,0,2.1739125708885717e-07,-1.078852479636248,success,9.207,world_50.world,8.136260874827512,0.5
VLM,0,16,0,2.2075050314558433e-07,-1.0638858370483626,success,9.067000000000002,world_50.world,8.136260874827512,0.5
VLM,0,16,0,2.1929819752232513e-07,-1.0770051956636995,success,9.139000000000001,world_50.world,8.136260874827512,0.5
VLM,0,18,0,1.923076553254509e-07,-2.3212289849259315,success,10.416,world_49.world,9.849313256116805,0.5
VLM,0,72,0,5.0050047545042666e-08,-116.64577049361165,success,39.967,world_49.world,9.849313256116805,0.24643614121942614
VLM,0,18,0,1.9305015578182322e-07,-1.9010912172481116,success,10.363,world_49.world,9.849313256116805,0.5
VLM,0,16,0,2.1881833286250925e-07,-0.4797129900738206,success,9.152,world_48.world,7.723639668622052,0.5
VLM,0,16,0,2.1786487628216205e-07,-0.48869442080536835,success,9.187,world_48.world,7.723639668622052,0.5
VLM,0,16,0,2.164501695995304e-07,-0.5614647040837756,success,9.242,world_48.world,7.723639668622052,0.5
VLM,0,15,0,2.3310017876452712e-07,-0.5157938828026595,success,8.588999999999999,world_47.world,7.978430289997688,0.5
VLM,0,19,0,1.8726588253447895e-07,-0.5619467406509239,success,10.697,world_47.world,7.978430289997688,0.5
VLM,0,15,0,2.288328995805722e-07,-0.5915897518234899,success,8.754,world_47.world,7.978430289997688,0.5
VLM,0,35,0,1.0183298352006279e-07,-10.005172862869763,success,19.656,world_46.world,8.128776611550942,0.4135519236645778
VLM,0,76,0,0.013435747915751058,-24.072169848364087,success,41.693,world_46.world,8.128776611550942,0.19496741926824507
VLM,0,31,0,1.1507478537689467e-07,-5.397300095166684,success,17.399,world_46.world,8.128776611550942,0.4671979200845417
VLM,0,15,0,2.3041469345283563e-07,-0.0973501472431038,success,8.687,world_45.world,8.507345602053446,0.5
VLM,0,15,0,2.3201850765231844e-07,-0.07801399595916167,success,8.623999999999999,world_45.world,8.507345602053446,0.5
VLM,0,15,0,2.3419198262482846e-07,-0.10583611083011586,success,8.553,world_45.world,8.507345602053446,0.5
VLM,0,16,0,2.1551719493163904e-07,-0.6383605647396215,success,9.293999999999999,world_44.world,7.979286410739421,0.5
VLM,0,16,0,2.1739125708885717e-07,-0.591338625224911,success,9.208000000000002,world_44.world,7.979286410739421,0.5
VLM,0,16,0,2.1881833286250925e-07,-0.4988714968501065,success,9.143,world_44.world,7.979286410739421,0.5
VLM,0,17,0,2.0533876687088977e-07,-1.0632588867861716,success,9.751000000000001,world_43.world,8.109232491626438,0.5
VLM,0,19,0,1.8416202869944225e-07,-0.5383446315729499,success,10.873999999999999,world_43.world,8.109232491626438,0.5
VLM,0,21,0,1.6666663888889353e-07,-1.1133221491795287,success,12.005999999999998,world_43.world,8.109232491626438,0.5
VLM,0,28,0,0.0012707749338278357,-3.496826625590462,success,15.758999999999999,world_42.world,8.078518849674825,0.5
VLM,0,21,0,1.6666663888889353e-07,-3.277495599466759,success,12.014,world_42.world,8.078518849674825,0.5
VLM,0,18,0,1.9455249133220014e-07,-2.634306560141002,success,10.285,world_42.world,8.078518849674825,0.5
VLM,0,16,0,2.1551719493163904e-07,-1.0010222581218924,success,9.301,world_41.world,8.41676640181258,0.5
VLM,0,16,0,2.127659121774655e-07,-1.1336797558073928,success,9.403,world_41.world,8.41676640181258,0.5
VLM,0,15,0,2.2471905062493248e-07,-1.185640371666043,success,8.907,world_41.world,8.41676640181258,0.5
VLM,0,16,0,2.1413271645980377e-07,-1.305959097897662,success,9.360000000000001,world_40.world,7.91606639191294,0.5
VLM,0,16,0,2.15053717192749e-07,-1.201122450693513,success,9.312000000000001,world_40.world,7.91606639191294,0.5
VLM,0,17,0,2.0618552449783002e-07,-1.14912525421494,success,9.703,world_40.world,7.91606639191294,0.5
VLM,0,25,0,1.392757466189768e-07,-3.622555688945523,success,14.360000000000001,world_39.world,8.383492590770384,0.5
VLM,0,17,0,1.9960075856272286e-07,-3.3241157052917343,success,10.028,world_39.world,8.383492590770384,0.5
VLM,0,19,0,1.8450181097752567e-07,-3.1690229288156573,success,10.844000000000001,world_39.world,8.383492590770384,0.5
VLM,0,16,0,2.1691969264214913e-07,-0.8596932745972212,success,9.225999999999999,world_38.world,7.823793764091686,0.5
VLM,0,15,0,2.2471905062493248e-07,-0.9985908927492267,success,8.905000000000001,world_38.world,7.823793764091686,0.5
VLM,0,16,0,2.164501695995304e-07,-1.0592773587615638,success,9.257,world_38.world,7.823793764091686,0.5
VLM,0,15,0,2.257335833558503e-07,-0.3724181374178293,success,8.872,world_37.world,8.126611785765261,0.5
VLM,0,16,0,2.1834056368109966e-07,-0.40140534982499065,success,9.176999999999998,world_37.world,8.126611785765261,0.5
VLM,0,16,0,2.1881833286250925e-07,-0.35234312883737956,success,9.145000000000001,world_37.world,8.126611785765261,0.5
VLM,0,16,0,2.197801714768854e-07,-0.47775398102797456,success,9.104000000000001,world_36.world,7.866330220037212,0.5
VLM,0,15,0,2.298850046241369e-07,-0.3745611490586195,success,8.701999999999998,world_36.world,7.866330220037212,0.5
VLM,0,16,0,2.1881833286250925e-07,-0.490466162480295,success,9.151,world_36.world,7.866330220037212,0.5
VLM,0,18,0,1.9723861987403949e-07,-2.600737459939427,success,10.152,world_35.world,8.057087722477611,0.5
VLM,0,39,0,9.293679433672916e-08,-7.729498403697511,success,21.531,world_35.world,8.057087722477611,0.3742087094179375
VLM,0,20,0,1.7857139668367917e-07,-3.6363390748894275,success,11.223,world_35.world,8.057087722477611,0.5
VLM,0,24,0,1.4903127436195615e-07,-0.83758743512779,success,13.427999999999999,world_34.world,8.232892546850593,0.5
VLM,0,16,0,2.2026426866425802e-07,-0.627341350574899,success,9.087999999999997,world_34.world,8.232892546850593,0.5
VLM,0,22,0,1.6155086243120157e-07,-0.9895927650274814,success,12.395,world_34.world,8.232892546850593,0.5
VLM,0,24,0,1.4836793050920914e-07,-3.6163366330560707,success,13.491999999999999,world_33.world,8.084455348965788,0.5
VLM,0,31,0,0.22843831836383238,-10.19376584079802,success,17.175,world_33.world,8.084455348965788,0.47071064622799347
VLM,0,19,0,1.8450181097752567e-07,-2.5361390408154674,success,10.845999999999998,world_33.world,8.084455348965788,0.5
VLM,0,17,0,2.0833328993056462e-07,-0.8286158776449323,success,9.615,world_32.world,7.885459226651822,0.5
VLM,0,17,0,2.0790016467772047e-07,-0.8787830411897853,success,9.621,world_32.world,7.885459226651822,0.5
VLM,0,17,0,2.070392946088417e-07,-0.9492675242551176,success,9.673000000000002,world_32.world,7.885459226651822,0.5
VLM,0,18,0,1.9685035495071754e-07,-2.161872430803394,success,10.174000000000001,world_31.world,9.167567699214853,0.5
VLM,0,18,0,1.9417471957772437e-07,-1.9904338244586985,success,10.306,world_31.world,9.167567699214853,0.5
VLM,0,19,0,1.8518515089163875e-07,-2.3927883558112306,success,10.801000000000002,world_31.world,9.167567699214853,0.5
VLM,0,21,0,1.686340356435016e-07,-2.5836839096946007,success,11.864999999999998,world_30.world,8.334769441907351,0.5
VLM,0,19,0,1.869158529129247e-07,-2.8318538546301126,success,10.709999999999999,world_30.world,8.334769441907351,0.5
VLM,0,25,0,1.4326645511941906e-07,-4.252636526363898,success,13.970999999999998,world_30.world,8.334769441907351,0.5
VLM,0,64,0,0.5093803576247665,-46.854869892087095,success,35.198,world_29.world,8.005103129808365,0.22743062474596185
VLM,0,29,0,1.21951204640097e-07,-5.553982630563036,success,16.405,world_29.world,8.005103129808365,0.48796727399014717
VLM,0,17,0,2.0491799079549372e-07,-0.5957035337995191,success,9.765,world_29.world,8.005103129808365,0.5
VLM,0,15,0,2.3255808545160806e-07,-0.25590679061425275,success,8.600999999999999,world_28.world,8.273013727055181,0.5
VLM,0,16,0,2.1881833286250925e-07,-0.1789161839353291,success,9.140999999999998,world_28.world,8.273013727055181,0.5
VLM,0,15,0,2.3584900097900924e-07,-0.27936032951595713,success,8.489,world_28.world,8.273013727055181,0.5
VLM,0,26,0,1.381215278837669e-07,-4.151783121669366,success,14.483,world_27.world,9.7461734452151,0.5
VLM,0,27,0,1.3245031358273992e-07,-3.937788692874962,success,15.102,world_27.world,9.7461734452151,0.5
VLM,0,28,0,1.283696882709001e-07,-4.187288507586088,success,15.599,world_27.world,9.7461734452151,0.5
VLM,0,16,0,2.197801714768854e-07,-1.2732389601840657,success,9.099,world_26.world,8.137590764596517,0.5
VLM,0,16,0,2.2026426866425802e-07,-1.119776446579676,success,9.085,world_26.world,8.137590764596517,0.5
VLM,0,16,0,2.2026426866425802e-07,-0.9584775266277487,success,9.095,world_26.world,8.137590764596517,0.5
VLM,0,19,0,1.8656712937180424e-07,-3.056398495722947,success,10.740000000000002,world_25.world,8.964642398613119,0.5
VLM,0,18,0,1.95694677946247e-07,-3.0234094870535877,success,10.234,world_25.world,8.964642398613119,0.5
VLM,0,20,0,1.769911191166161e-07,-2.743947270860286,success,11.317000000000002,world_25.world,8.964642398613119,0.5
VLM,0,18,0,1.9417471957772437e-07,-1.8226409996275914,success,10.315,world_24.world,8.330207406715914,0.5
VLM,0,17,0,2.0533876687088977e-07,-2.126104384513757,success,9.752999999999998,world_24.world,8.330207406715914,0.5
VLM,0,17,0,2.0533876687088977e-07,-1.664523774347583,success,9.747000000000002,world_24.world,8.330207406715914,0.5
VLM,0,15,0,2.3094682888064e-07,-0.15088211978427032,success,8.680000000000001,world_23.world,8.080539346398604,0.5
VLM,0,15,0,2.3201850765231844e-07,-0.19033410757786623,success,8.636999999999999,world_23.world,8.080539346398604,0.5
VLM,0,15,0,2.3148142789781765e-07,-0.2927347367394042,success,8.649,world_23.world,8.080539346398604,0.5
VLM,0,17,0,2.070392946088417e-07,-0.9719639680826355,success,9.662999999999998,world_22.world,9.858020142051808,0.5
VLM,0,17,0,2.0746883662472272e-07,-0.8866324185410113,success,9.644000000000002,world_22.world,9.858020142051808,0.5
VLM,0,18,0,1.953124618530348e-07,-1.02688268572523,success,10.248999999999999,world_22.world,9.858020142051808,0.5
VLM,0,15,0,2.3419198262482846e-07,-0.14564108516785929,success,8.554,world_21.world,8.155271571994216,0.5
VLM,0,15,0,2.3041469345283563e-07,-0.15551089761764267,success,8.683000000000002,world_21.world,8.155271571994216,0.5
VLM,0,15,0,2.3255808545160806e-07,-0.19152806822315685,success,8.614999999999998,world_21.world,8.155271571994216,0.5
VLM,0,31,3,0.5697809031394575,-15.254349109133413,collision,17.339,world_20.world,8.748223030535536,0.0
VLM,0,19,0,1.848428493820981e-07,-2.8779916985094984,success,10.833,world_20.world,8.748223030535536,0.5
VLM,0,46,0,0.010954693978505948,-28.55433970373968,success,25.57,world_20.world,8.748223030535536,0.34212839384182775
VLM,0,15,0,2.3364480522317638e-07,-0.19837588831128353,success,8.577,world_19.world,8.360155832410621,0.5
VLM,0,15,0,2.3364480522317638e-07,-0.22896646826586597,success,8.577000000000002,world_19.world,8.360155832410621,0.5
VLM,0,15,0,2.3148142789781765e-07,-0.3231052990925987,success,8.643999999999998,world_19.world,8.360155832410621,0.5
VLM,0,15,0,2.288328995805722e-07,-0.3362604891072118,success,8.75,world_18.world,8.199722798952482,0.5
VLM,0,16,0,2.1929819752232513e-07,-0.318846450847791,success,9.121,world_18.world,8.199722798952482,0.5
VLM,0,16,0,2.1881833286250925e-07,-0.3315562366728554,success,9.145000000000001,world_18.world,8.199722798952482,0.5
VLM,0,16,0,2.1929819752232513e-07,-1.1173702498551594,success,9.133999999999999,world_17.world,8.019333475447048,0.5
VLM,0,16,0,2.1881833286250925e-07,-1.0169970117531304,success,9.159,world_17.world,8.019333475447048,0.5
VLM,0,17,0,2.0746883662472272e-07,-1.171792967675946,success,9.660000000000002,world_17.world,8.019333475447048,0.5
VLM,0,15,0,2.298850046241369e-07,-0.8266443660134273,success,8.716000000000001,world_16.world,7.7050962891335395,0.5
VLM,0,16,0,2.2026426866425802e-07,-0.9745176963487868,success,9.092,world_16.world,7.7050962891335395,0.5
VLM,0,15,0,2.3310017876452712e-07,-0.8882233535266899,success,8.587000000000002,world_16.world,7.7050962891335395,0.5
VLM,0,61,0,5.9594752109967104e-08,-60.259453100632825,success,33.562000000000005,world_15.world,8.183135858441506,0.24382146053398204
VLM,0,55,0,0.019907165235091888,-50.752955215057746,success,30.159,world_15.world,8.183135858441506,0.2713331296940053
VLM,0,25,0,1.4388487138347175e-07,-11.568278606933793,success,13.921,world_15.world,8.183135858441506,0.5
VLM,0,27,0,1.3123357857827053e-07,-3.9709991687146564,success,15.246000000000002,world_14.world,8.086238508844373,0.5
VLM,0,27,0,0.034666795377760615,-2.382424393567316,success,15.001000000000001,world_14.world,8.086238508844373,0.5
VLM,0,20,0,1.7452003935077848e-07,-3.8229577925037668,success,11.463000000000001,world_14.world,8.086238508844373,0.5
VLM,0,19,0,1.8726588253447895e-07,-0.33694890164916064,success,10.690999999999999,world_13.world,7.703425987449967,0.5
VLM,0,20,0,1.7543856571253234e-07,-0.339959250055859,success,11.402,world_13.world,7.703425987449967,0.5
VLM,0,19,0,1.8348620486491654e-07,-0.3843707939265673,success,10.906000000000002,world_13.world,7.703425987449967,0.5
VLM,0,17,0,2.070392946088417e-07,-1.6465559340729852,success,9.663,world_12.world,8.164601230243118,0.5
VLM,0,16,0,2.1786487628216205e-07,-1.237155189419005,success,9.189,world_12.world,8.164601230243118,0.5
VLM,0,17,0,2.0790016467772047e-07,-1.3234359531030804,success,9.637,world_12.world,8.164601230243118,0.5
VLM,0,59,3,0.6567718208551749,-22.60183699200709,collision,32.358,world_11.world,8.161275706150734,0.0
VLM,0,24,0,1.477104656262237e-07,-3.2873764438560613,success,13.562000000000001,world_11.world,8.161275706150734,0.5
VLM,0,188,2,0.8935585252639724,-142.2279006178201,collision,101.84700000000001,world_11.world,8.161275706150734,0.0
VLM,0,21,0,1.6666663888889353e-07,-2.260198317829742,success,12.002999999999998,world_10.world,8.770606378344223,0.5
VLM,0,18,0,1.953124618530348e-07,-2.4625029899217643,success,10.253000000000002,world_10.world,8.770606378344223,0.5
VLM,0,24,0,1.4903127436195615e-07,-2.9871498416861835,success,13.424,world_10.world,8.770606378344223,0.5
VLM,0,133,0,0.006604320126463397,-64.91605546864767,success,72.68299999999999,world_9.world,7.905243154921573,0.125
VLM,0,32,0,0.007812610735199694,-6.8043811767420745,success,17.932000000000002,world_9.world,7.905243154921573,0.4408455919541363
VLM,0,199,3,0.7854791553496863,-171.16856981670304,timeout,109.366,world_9.world,7.905243154921573,0.0
VLM,0,16,0,2.1739125708885717e-07,-0.8016639713971432,success,9.209999999999999,world_8.world,8.839768846148173,0.5
VLM,0,16,0,2.2026426866425802e-07,-0.6928148075022998,success,9.093,world_8.world,8.839768846148173,0.5
VLM,0,16,0,2.1929819752232513e-07,-0.6941673081349705,success,9.120999999999999,world_8.world,8.839768846148173,0.5
VLM,0,18,0,1.9455249133220014e-07,-1.5047716688776476,success,10.291,world_7.world,8.177602477491796,0.5
VLM,0,21,0,1.686340356435016e-07,-4.207069645036319,success,11.873,world_7.world,8.177602477491796,0.5
VLM,0,17,0,2.0533876687088977e-07,-1.1776340253228885,success,9.744,world_7.world,8.177602477491796,0.5
VLM,0,17,0,2.0618552449783002e-07,-0.6604241913461262,success,9.718000000000002,world_6.world,8.085837515270248,0.5
VLM,0,17,0,2.0746883662472272e-07,-1.003203848675947,success,9.66,world_6.world,8.085837515270248,0.5
VLM,0,17,0,2.0746883662472272e-07,-1.321220157002227,success,9.657,world_6.world,8.085837515270248,0.5
VLM,0,22,0,1.5898248664825332e-07,-2.035852665421944,success,12.591000000000001,world_5.world,7.912764273041438,0.5
VLM,0,16,0,2.1929819752232513e-07,-1.6878104463105783,success,9.133000000000001,world_5.world,7.912764273041438,0.5
VLM,0,30,0,1.1848339828395756e-07,-13.795092239211217,success,16.881,world_5.world,7.912764273041438,0.4687378871536898
VLM,0,46,3,0.5700712929476411,-10.529311249337285,collision,25.275999999999996,world_4.world,7.890703185790128,0.0
VLM,0,20,3,0.19224000136860647,-8.011882382433098,collision,11.362,world_4.world,7.890703185790128,0.0
VLM,0,24,0,1.492537090666106e-07,-5.768523044555806,success,13.41,world_4.world,7.890703185790128,0.5
VLM,0,17,0,2.0661152755960177e-07,-1.3540853963370998,success,9.687000000000001,world_3.world,8.95224825881783,0.5
VLM,0,17,0,2.0746883662472272e-07,-1.326838432651483,success,9.649,world_3.world,8.95224825881783,0.5
VLM,0,16,0,2.15053717192749e-07,-1.2131578631026936,success,9.309000000000001,world_3.world,8.95224825881783,0.5
VLM,0,15,0,2.3310017876452712e-07,-0.24778564803191885,success,8.591999999999999,world_2.world,8.591113429155527,0.5
VLM,0,16,0,2.197801714768854e-07,-0.20316580753310137,success,9.1,world_2.world,8.591113429155527,0.5
VLM,0,15,0,2.3201850765231844e-07,-0.15451867101264982,success,8.621999999999998,world_2.world,8.591113429155527,0.5
VLM,0,20,0,1.7482514426133844e-07,-2.8143625562513503,success,11.448999999999998,world_1.world,8.202198904645094,0.5
VLM,0,25,0,0.002873706483662862,-3.9129761427714866,success,13.921,world_1.world,8.202198904645094,0.5
VLM,0,20,0,1.7761986187924301e-07,-2.9545264133262514,success,11.264000000000001,world_1.world,8.202198904645094,0.5
VLM,0,17,0,2.070392946088417e-07,-2.5532811047792006,success,9.662999999999998,world_0.world,8.558028082848947,0.5
VLM,0,20,0,1.769911191166161e-07,-3.407274899249162,success,11.305,world_0.world,8.558028082848947,0.5
VLM,0,19,0,1.8587357139896445e-07,-2.7058708467275325,success,10.770000000000001,world_0.world,8.558028082848947,0.5
