Method,Start_frame_id,Done_frame_id,Collision,Recovery,Smoothness,Status,Time,World,optimal_time,nav_metric
VLM,0,29,0,1.19617210572104e-07,-6.637559908600005,success,16.724999999999998,world_299.world,8.407246218783108,0.5
VLM,0,30,0,1.1520735999915208e-07,-7.672566047163183,success,17.366,world_299.world,8.407246218783108,0.48412105371318137
VLM,0,26,6,0.3758213698000828,-17.114570487620558,collision,15.27,world_299.world,8.407246218783108,0.0
VLM,0,22,0,1.5624997558594132e-07,-2.1518141256765975,success,12.802000000000001,world_298.world,7.998182157301491,0.5
VLM,0,21,0,1.628664229859246e-07,-2.231808888537887,success,12.280000000000001,world_298.world,7.998182157301491,0.5
VLM,0,25,0,1.3831256731499762e-07,-2.343118100964065,success,14.461999999999998,world_298.world,7.998182157301491,0.5
VLM,0,25,0,1.3422816990225908e-07,-3.3071191600272836,success,14.912,world_297.world,7.826528565435303,0.5
VLM,0,26,0,1.321003788506765e-07,-4.180567905068469,success,15.15,world_297.world,7.826528565435303,0.5
VLM,0,25,0,1.3661200319508155e-07,-3.6197724423694324,success,14.623000000000001,world_297.world,7.826528565435303,0.5
VLM,0,22,0,1.560062159116668e-07,-3.6276575394233146,success,12.832999999999998,world_297.world,7.826528565435303,0.5
VLM,0,23,0,1.5105737899435365e-07,-3.893821449498696,success,13.265000000000002,world_297.world,7.826528565435303,0.5
VLM,0,23,0,1.5105737899435365e-07,-3.9068557975310316,success,13.258,world_297.world,7.826528565435303,0.5
VLM,0,23,0,1.5082953984471497e-07,-4.7188699327614785,success,13.270999999999999,world_296.world,7.77842316226422,0.5
VLM,0,32,3,0.7043478582230589,-23.42044391402413,collision,18.424999999999997,world_296.world,7.77842316226422,0.0
VLM,0,33,4,0.2747934633477827,-11.674512294356898,collision,19.404000000000003,world_294.world,8.261333769311195,0.0
VLM,0,29,0,0.0023641841177087335,-6.654113682400454,success,16.941,world_294.world,8.261333769311195,0.4876532536043442
VLM,0,22,2,0.010836066434045444,-3.4813944669207815,collision,12.928,world_294.world,8.261333769311195,0.0
VLM,0,42,3,0.6088407332076119,-19.337912055081592,collision,23.990000000000002,world_293.world,7.997672131399035,0.0
VLM,0,25,3,0.42955808984004284,-2.9087466217445384,collision,14.499,world_293.world,7.997672131399035,0.0
VLM,0,65,1,0.43148049358940593,-33.55587066382611,success,36.352,world_293.world,7.997672131399035,0.0
VLM,0,35,3,0.5868498933415217,-18.670135696185792,collision,20.412999999999997,world_292.world,9.189719208423899,0.0
VLM,0,19,0,1.7825308765542112e-07,-2.036347071764026,success,11.236999999999998,world_292.world,9.189719208423899,0.5
VLM,0,28,3,0.4469136485291792,-5.465357898535905,collision,16.266,world_293.world,7.997672131399035,0.0
VLM,0,31,1,0.04820638473022593,-5.404394491528207,success,17.839,world_293.world,7.997672131399035,0.0
VLM,0,65,4,0.650511596633732,-29.203443786729814,collision,37.155,world_293.world,7.997672131399035,0.0
VLM,0,20,0,1.6806719864416831e-07,-1.8655776302952012,success,11.904000000000002,world_292.world,9.189719208423899,0.5
VLM,0,19,0,1.7730493310196223e-07,-2.216694197980983,success,11.297,world_292.world,9.189719208423899,0.5
VLM,0,21,0,1.6366609432633482e-07,-1.9739183767004425,success,12.244,world_292.world,9.189719208423899,0.5
VLM,0,50,4,0.6348774090682964,-15.113649792167138,collision,29.381,world_291.world,8.268512621393903,0.0
VLM,0,42,0,0.009892909324574664,-11.099442738587102,success,24.262,world_291.world,8.268512621393903,0.340800948866289
VLM,0,63,3,0.6564019634574844,-28.085775502160146,collision,37.028000000000006,world_291.world,8.268512621393903,0.0
VLM,0,18,0,1.883238816715854e-07,-2.2402633926453683,success,10.639,world_290.world,7.731003683421283,0.5
VLM,0,19,0,1.7793591139930404e-07,-2.346562997731719,success,11.270999999999999,world_290.world,7.731003683421283,0.5
VLM,0,18,0,1.8656712937180424e-07,-1.8683345853748419,success,10.725000000000001,world_290.world,7.731003683421283,0.5
VLM,0,20,0,1.694914966963565e-07,-1.9062223557981892,success,11.821,world_289.world,7.884942331552407,0.5
VLM,0,19,0,1.7889084456335518e-07,-1.7329944265387252,success,11.184999999999999,world_289.world,7.884942331552407,0.5
VLM,0,20,0,1.7182127631936836e-07,-2.4421240564446163,success,11.64,world_289.world,7.884942331552407,0.5
VLM,0,24,0,1.4409219825760834e-07,-3.6564096076109536,success,13.881,world_288.world,7.676966908159272,0.5
VLM,0,21,0,1.6366609432633482e-07,-2.031157200764529,success,12.229000000000001,world_288.world,7.676966908159272,0.5
VLM,0,23,0,1.4903127436195615e-07,-2.932539441289163,success,13.421999999999999,world_288.world,7.676966908159272,0.5
VLM,0,11,3,0.01785743516147763,-1.1875202168459622,collision,6.728999999999999,world_287.world,8.433999179342374,0.0
VLM,0,25,0,0.020491937091265424,-5.319368151277246,success,14.647000000000002,world_287.world,8.433999179342374,0.5
VLM,0,11,3,0.03254466492761393,-0.9443795503769554,collision,6.774999999999999,world_287.world,8.433999179342374,0.0
VLM,0,25,2,0.7627346162554134,-12.558849802343373,collision,14.921,world_286.world,8.085594036502888,0.0
VLM,0,39,4,0.5022381824316757,-14.448027627678211,collision,22.339999999999996,world_286.world,8.085594036502888,0.0
VLM,0,33,3,0.2938733858906141,-14.049268861272445,collision,19.262999999999998,world_286.world,8.085594036502888,0.0
VLM,0,26,0,1.305482858292055e-07,-6.332563115279403,success,15.334999999999997,world_285.world,8.657291412439974,0.5
VLM,0,34,0,0.0020121728357975015,-12.562318996638158,success,19.879,world_285.world,8.657291412439974,0.43549934163891413
VLM,0,53,4,0.7596281700114097,-23.071757756525866,collision,30.124000000000002,world_285.world,8.657291412439974,0.0
VLM,0,20,0,1.7241376337693738e-07,-0.6121492988372963,success,11.613000000000001,world_284.world,7.85639571685466,0.5
VLM,0,19,0,1.7985608275969736e-07,-0.6686358339680872,success,11.128,world_284.world,7.85639571685466,0.5
VLM,0,19,0,1.7953318141235524e-07,-0.6477814794477854,success,11.14,world_284.world,7.85639571685466,0.5
VLM,0,24,0,1.422474904342119e-07,-4.571842007202865,success,14.089000000000002,world_283.world,8.025752695075083,0.5
VLM,0,24,0,1.4144269569410246e-07,-4.698410131419449,success,14.154,world_283.world,8.025752695075083,0.5
VLM,0,23,0,1.4836793050920914e-07,-3.9396931276187557,success,13.494000000000002,world_283.world,8.025752695075083,0.5
VLM,0,18,0,1.8761722558776257e-07,-0.5304601564557573,success,10.677,world_282.world,8.091436813921078,0.5
VLM,0,27,0,1.2658226245794147e-07,-8.124063798538959,success,15.804999999999998,world_282.world,8.091436813921078,0.5
VLM,0,17,0,1.9723861987403949e-07,-0.5121193065954901,success,10.142000000000001,world_282.world,8.091436813921078,0.5
VLM,0,20,0,1.7035772225592467e-07,-1.8912848091140508,success,11.754,world_281.world,7.753104122766794,0.5
VLM,0,19,0,1.8050538258025587e-07,-1.6236963127531392,success,11.083,world_281.world,7.753104122766794,0.5
VLM,0,19,0,1.7793591139930404e-07,-1.6601750381054006,success,11.242,world_281.world,7.753104122766794,0.5
VLM,0,20,0,1.669448803097028e-07,-2.8999495237063018,success,11.993,world_280.world,7.906981912732345,0.5
VLM,0,20,0,1.7123284739163572e-07,-2.639606084784775,success,11.695000000000002,world_280.world,7.906981912732345,0.5
VLM,0,19,0,1.757468935418465e-07,-2.4823658604650287,success,11.390999999999998,world_280.world,7.906981912732345,0.5
VLM,0,59,1,0.012492622695263373,-15.402671884860634,success,33.634,world_279.world,8.141257752809178,0.0
VLM,0,59,0,0.008269402937424517,-14.186396645460986,success,33.861999999999995,world_279.world,8.141257752809178,0.24042459845281375
VLM,0,21,3,0.22741947944847107,-7.5411910131796125,collision,12.402999999999999,world_279.world,8.141257752809178,0.0
VLM,0,38,1,0.008204283664149164,-9.111351648895074,success,21.945,world_278.world,8.04702608075498,0.0
VLM,0,43,0,0.08974366268079627,-12.02304215089068,success,24.967000000000002,world_278.world,8.04702608075498,0.3223064877940874
VLM,0,28,0,0.017326854291230903,-5.387430422156226,success,16.179000000000002,world_278.world,8.04702608075498,0.497374750031212
VLM,0,20,0,0.0033169148728167713,-2.4861863820839574,success,12.067000000000002,world_277.world,8.48636998300088,0.5
VLM,0,21,0,1.6155086243120157e-07,-2.7333267498296996,success,12.437000000000001,world_277.world,8.48636998300088,0.5
VLM,0,29,3,0.4976191074262967,-11.61460574027789,collision,16.811999999999998,world_277.world,8.48636998300088,0.0
VLM,0,20,0,1.715265571995614e-07,-2.720717403149223,success,11.718,world_276.world,8.129771498092264,0.5
VLM,0,19,0,0.01607160427292781,-1.429984283817539,success,11.200000000000001,world_276.world,8.129771498092264,0.5
VLM,0,18,0,1.869158529129247e-07,-1.7055109145807812,success,10.723,world_276.world,8.129771498092264,0.5
VLM,0,20,0,1.694914966963565e-07,-3.668652097442065,success,11.807,world_275.world,8.302841434323229,0.5
VLM,0,48,0,7.267441332308044e-08,-10.62436624927106,success,27.593000000000004,world_275.world,8.302841434323229,0.3009039044077566
VLM,0,60,0,0.008741316506916287,-21.880978953705167,success,34.328,world_275.world,8.302841434323229,0.24186790475190015
VLM,0,65,0,0.0204191821376044,-19.568027591057728,success,37.23,world_274.world,7.861005519926587,0.21114707278878828
VLM,0,67,3,0.6586639009048069,-8.966853361657757,collision,38.334999999999994,world_274.world,7.861005519926587,0.0
VLM,0,51,0,0.02311359462178147,-14.65300755084654,success,29.436,world_274.world,7.861005519926587,0.2670541350702061
VLM,0,24,0,0.0014246436717031807,-3.604942324526661,success,14.057,world_273.world,8.165814212170682,0.5
VLM,0,66,0,0.016213440574610848,-14.480207802399681,success,38.287,world_273.world,8.165814212170682,0.21327902975345894
VLM,0,24,0,1.4124291790354268e-07,-5.15560266131079,success,14.167000000000002,world_273.world,8.165814212170682,0.5
VLM,0,22,0,1.5723267968039628e-07,-2.7515915104445634,success,12.747,world_272.world,7.9472629195098925,0.5
VLM,0,21,0,1.639343993550165e-07,-2.8566377248047434,success,12.241999999999999,world_272.world,7.9472629195098925,0.5
VLM,0,21,0,1.6447365715893797e-07,-3.1501681058597777,success,12.236,world_272.world,7.9472629195098925,0.5
VLM,0,21,0,1.6339866611132909e-07,-2.3818989701556874,success,12.271999999999998,world_271.world,7.8721324090909235,0.5
VLM,0,20,0,1.7035772225592467e-07,-2.2746934732694855,success,11.751999999999999,world_271.world,7.8721324090909235,0.5
VLM,0,22,0,1.5797785813935892e-07,-2.0770651754559446,success,12.678,world_271.world,7.8721324090909235,0.5
VLM,0,28,0,1.2224937380814503e-07,-5.982228881893138,success,16.368000000000002,world_270.world,8.0158028015772,0.4897240225792521
VLM,0,30,0,1.1627905624662138e-07,-7.037400562910613,success,17.258,world_270.world,8.0158028015772,0.4644688145542473
VLM,0,30,0,1.1655010296618848e-07,-6.680802289052174,success,17.168999999999997,world_270.world,8.0158028015772,0.4668765100807969
VLM,0,24,0,1.4492751522789636e-07,-4.0351044478495215,success,13.815000000000001,world_269.world,8.393662666578876,0.5
VLM,0,22,0,1.5455948152094567e-07,-4.077474066224869,success,12.945,world_269.world,8.393662666578876,0.5
VLM,0,23,0,1.4792897219985618e-07,-4.467764695870091,success,13.533,world_269.world,8.393662666578876,0.5
VLM,0,23,0,1.494768087478612e-07,-3.3822097958553243,success,13.392,world_268.world,7.825330424845294,0.5
VLM,0,22,0,1.5723267968039628e-07,-3.4291643109280043,success,12.723,world_268.world,7.825330424845294,0.5
VLM,0,22,0,1.557632156132063e-07,-3.2727240230436268,success,12.854000000000001,world_268.world,7.825330424845294,0.5
VLM,0,17,0,1.9267819023541616e-07,-0.7494740686841442,success,10.382000000000001,world_267.world,7.767884282048531,0.5
VLM,0,17,0,1.9762841944102384e-07,-0.9411534937590578,success,10.148,world_267.world,7.767884282048531,0.5
VLM,0,17,0,1.9762841944102384e-07,-0.735175832128569,success,10.129,world_267.world,7.767884282048531,0.5
VLM,0,119,5,0.45900179860363044,-61.199327960899616,timeout,67.37899999999999,world_266.world,8.268726393333566,0.0
VLM,0,29,4,0.3017964908028155,-3.4515833535279534,collision,16.717000000000002,world_266.world,8.268726393333566,0.0
VLM,0,37,3,0.09480409345450379,-14.74550477092339,collision,21.947,world_266.world,8.268726393333566,0.0
VLM,0,28,0,1.2180266482306154e-07,-6.617305437403353,success,16.428,world_265.world,8.367950840432563,0.5
VLM,0,34,1,1.0224947829759937e-07,-8.903046818261249,success,19.575,world_265.world,8.367950840432563,0.0
VLM,0,42,4,0.3669422010791569,-12.252318258643793,collision,24.211999999999996,world_265.world,8.367950840432563,0.0
VLM,0,38,0,0.019301560725959493,-8.865452347299689,success,21.769999999999996,world_264.world,7.690668105576133,0.35326909074764057
VLM,0,63,4,0.322974510378773,-24.084593777618394,collision,36.043,world_264.world,7.690668105576133,0.0
VLM,0,49,2,0.7998595646166036,-24.23876906527353,collision,28.497999999999998,world_264.world,7.690668105576133,0.0
VLM,0,53,0,0.010561121415107497,-21.62083391898266,success,30.341,world_263.world,8.828844286165843,0.29098725441369244
VLM,0,116,0,0.01464310510545744,-22.37977108319392,success,65.56099999999999,world_263.world,8.828844286165843,0.13466610158731326
VLM,0,84,3,0.16986528501979234,-19.618413016898334,collision,49.028,world_263.world,8.828844286165843,0.0
VLM,0,28,0,1.230012148829994e-07,-5.341289544447511,success,16.288000000000004,world_262.world,7.862157626920194,0.48269631795924556
VLM,0,32,0,1.069518602190524e-07,-6.510785111917287,success,18.708,world_262.world,7.862157626920194,0.42025644787899263
VLM,0,29,0,1.200480047961579e-07,-6.347848461187137,success,16.673000000000002,world_262.world,7.862157626920194,0.47155026851317655
VLM,0,19,0,1.8083179370130316e-07,-1.9520689787871712,success,11.071000000000002,world_261.world,7.798286266619087,0.5
VLM,0,30,3,0.5920455009039204,-14.403175001210618,collision,17.614,world_261.world,7.798286266619087,0.0
VLM,0,19,0,1.8214932929884715e-07,-1.8701536840828403,success,10.991000000000001,world_261.world,7.798286266619087,0.5
VLM,0,39,0,0.00786721959202626,-10.07075105636613,success,22.889000000000003,world_260.world,7.912408394061744,0.3456860672839243
VLM,0,43,0,0.0072581445759560825,-13.414323011757505,success,24.808,world_260.world,7.912408394061744,0.3189458398122277
VLM,0,33,0,0.009534003227330166,-6.598762192391693,success,18.889000000000003,world_260.world,7.912408394061744,0.41888974504006266
VLM,0,41,3,0.491094190746888,-10.58117227420457,collision,23.608,world_259.world,8.292681330688314,0.0
VLM,0,27,0,1.2722644691775486e-07,-5.7423058256508455,success,15.723,world_259.world,8.292681330688314,0.5
VLM,0,41,4,0.8704487831965467,-22.34020868911184,collision,23.644,world_259.world,8.292681330688314,0.0
VLM,0,25,0,1.3495274831946717e-07,-4.375383914167658,success,14.839000000000002,world_258.world,8.575004014668814,0.5
VLM,0,26,0,1.326259771053081e-07,-4.576590579900507,success,15.091000000000001,world_258.world,8.575004014668814,0.5
VLM,0,35,0,0.046046141536922776,-7.215288000049546,success,19.997,world_258.world,8.575004014668814,0.42881452291187744
VLM,0,25,0,1.3661200319508155e-07,-4.339269070405495,success,14.646999999999998,world_257.world,8.037990616979489,0.5
VLM,0,30,0,1.1560692305122278e-07,-6.470822376807942,success,17.338,world_257.world,8.037990616979489,0.4636054110612232
VLM,0,26,0,1.3368982169922171e-07,-4.172616617009969,success,14.974000000000002,world_257.world,8.037990616979489,0.5
VLM,0,19,0,1.7761986187924301e-07,-2.017793222855853,success,11.276000000000002,world_256.world,7.764255277374167,0.5
VLM,0,19,0,1.7921143741730513e-07,-2.5763425944755562,success,11.178,world_256.world,7.764255277374167,0.5
VLM,0,19,0,1.7889084456335518e-07,-2.5315234712416324,success,11.193999999999999,world_256.world,7.764255277374167,0.5
VLM,0,28,0,1.2515642989281228e-07,-5.922799875830687,success,15.996999999999998,world_255.world,8.135994185598866,0.5
VLM,0,30,0,1.1695905064806426e-07,-6.766743680251769,success,17.115000000000002,world_255.world,8.135994185598866,0.4753721405550024
VLM,0,35,0,1.0010009008007107e-07,-12.066358816671059,success,19.989,world_255.world,8.135994185598866,0.4070235722446779
VLM,0,23,0,0.0045182222111111135,-2.7243989092269114,success,13.280999999999999,world_254.world,7.849673970103881,0.5
VLM,0,22,0,1.5772868174626472e-07,-3.227630981458483,success,12.696000000000002,world_254.world,7.849673970103881,0.5
VLM,0,21,0,1.6420358551665265e-07,-2.8892920511610636,success,12.201,world_254.world,7.849673970103881,0.5
VLM,0,26,0,1.3368982169922171e-07,-5.417867752238904,success,14.96,world_253.world,8.141594309743207,0.5
VLM,0,26,0,1.32275114778424e-07,-4.58767197114248,success,15.133999999999999,world_253.world,8.141594309743207,0.5
VLM,0,26,0,1.3477087132468043e-07,-4.63040098849116,success,15.098999999999998,world_253.world,8.141594309743207,0.5
VLM,0,27,0,1.2787722149907653e-07,-5.852045756355879,success,15.658000000000001,world_252.world,8.17816026606636,0.5
VLM,0,28,0,1.240694635149549e-07,-6.634889974997941,success,16.156,world_252.world,8.17816026606636,0.5
VLM,0,27,0,1.2853468784901186e-07,-6.389530280804083,success,15.562,world_252.world,8.17816026606636,0.5
VLM,0,19,0,1.7921143741730513e-07,-0.9006559004545696,success,11.172999999999998,world_251.world,7.812338128453967,0.5
VLM,0,20,0,1.706484350429292e-07,-1.1302690593089753,success,11.733,world_251.world,7.812338128453967,0.5
VLM,0,20,0,1.686340356435016e-07,-1.2138816898306242,success,11.861,world_251.world,7.812338128453967,0.5
VLM,0,28,0,1.2315269419301797e-07,-6.986870563547773,success,16.247,world_250.world,8.084153480751173,0.49757822864228307
VLM,0,36,0,0.008754960237844335,-12.21284272223908,success,20.56,world_250.world,8.084153480751173,0.39319812649567965
VLM,0,29,0,1.200480047961579e-07,-7.467530558724806,success,16.701,world_250.world,8.084153480751173,0.4840520615981781
VLM,0,20,0,1.715265571995614e-07,-2.1523068914516577,success,11.675,world_249.world,7.770397702347515,0.5
VLM,0,19,0,1.7761986187924301e-07,-1.3225423225686357,success,11.280999999999999,world_249.world,7.770397702347515,0.5
VLM,0,19,0,1.8214932929884715e-07,-1.9226530292284534,success,10.978000000000002,world_249.world,7.770397702347515,0.5
VLM,0,53,3,0.48994162946517655,-27.29072269111333,collision,30.828000000000003,world_248.world,8.12910238774821,0.0
VLM,0,45,1,0.1948558694578434,-14.81710447075207,success,25.677,world_248.world,8.12910238774821,0.0
VLM,0,43,4,0.05528462965165613,-12.720382169431488,collision,24.604,world_248.world,8.12910238774821,0.0
VLM,0,16,0,2.036659463002146e-07,-1.2766495722024862,success,9.829,world_247.world,8.032705583609713,0.5
VLM,0,17,0,1.9920314756909414e-07,-1.170692220914957,success,10.050999999999998,world_247.world,8.032705583609713,0.5
VLM,0,17,0,1.9841265904510736e-07,-0.8842934597913041,success,10.095999999999998,world_247.world,8.032705583609713,0.5
VLM,0,18,0,1.879698894793441e-07,-1.095965898314572,success,10.645999999999999,world_246.world,7.97182501236278,0.5
VLM,0,19,0,1.8248171852523387e-07,-1.0932242361162066,success,10.966,world_246.world,7.97182501236278,0.5
VLM,0,18,0,1.897532846767961e-07,-1.0888523178884086,success,10.553,world_246.world,7.97182501236278,0.5
VLM,0,27,1,1.2755100413890254e-07,-5.948689699375127,success,15.697,world_245.world,8.203446936428485,0.0
VLM,0,23,0,1.4880950166525275e-07,-4.2252409788522,success,13.483,world_245.world,8.203446936428485,0.5
VLM,0,23,0,1.503759172367042e-07,-4.332471033698004,success,13.309,world_245.world,8.203446936428485,0.5
VLM,0,18,0,1.9083965823670646e-07,-0.8156230167446845,success,10.493,world_244.world,8.276354081505499,0.5
VLM,0,18,0,1.897532846767961e-07,-0.862274931330389,success,10.566,world_244.world,8.276354081505499,0.5
VLM,0,18,0,1.897532846767961e-07,-0.8762344610373016,success,10.540999999999999,world_244.world,8.276354081505499,0.5
VLM,0,21,0,0.006472652674328046,-2.8981258314274863,success,12.382,world_243.world,8.24231146825148,0.5
VLM,0,22,0,1.5698584662702567e-07,-3.632356806222192,success,12.757000000000001,world_243.world,8.24231146825148,0.5
VLM,0,22,0,0.004732018181069688,-2.9037984376683506,success,12.679000000000002,world_243.world,8.24231146825148,0.5
VLM,0,19,0,1.8115938747112548e-07,-1.6573869756475446,success,11.045000000000002,world_242.world,7.789830031315,0.5
VLM,0,20,0,1.700679982877554e-07,-1.889421086004862,success,11.773000000000001,world_242.world,7.789830031315,0.5
VLM,0,34,3,0.3418629128082996,-9.129846238000127,collision,19.554000000000002,world_242.world,7.789830031315,0.0
VLM,0,20,0,1.7123284739163572e-07,-2.3802056319649676,success,11.692,world_241.world,7.7556717677242215,0.5
VLM,0,20,0,1.721170099626489e-07,-2.247434333181363,success,11.634,world_241.world,7.7556717677242215,0.5
VLM,0,19,0,1.8115938747112548e-07,-1.7240391603316458,success,11.052000000000001,world_241.world,7.7556717677242215,0.5
VLM,0,27,0,1.2562812492108985e-07,-4.925240620074024,success,15.923,world_240.world,8.26791047968235,0.5
VLM,0,26,0,1.3280210719759533e-07,-4.183751179210671,success,15.079,world_240.world,8.26791047968235,0.5
VLM,0,37,3,0.5330189119793479,-9.677224498406696,collision,21.213,world_240.world,8.26791047968235,0.0
VLM,0,23,0,1.4814812620027762e-07,-2.448146798326726,success,13.510000000000002,world_239.world,7.9219441315162396,0.5
VLM,0,22,0,1.5552097114759394e-07,-2.0518881781998806,success,12.872000000000002,world_239.world,7.9219441315162396,0.5
VLM,0,23,0,1.503759172367042e-07,-2.7274250796952346,success,13.297999999999998,world_239.world,7.9219441315162396,0.5
VLM,0,25,0,1.3850413594125543e-07,-4.011790795340758,success,14.457999999999998,world_238.world,8.512989118917758,0.5
VLM,0,23,0,1.4880950166525275e-07,-3.796946929576396,success,13.450000000000001,world_238.world,8.512989118917758,0.5
VLM,0,23,0,1.4858838802549957e-07,-3.7691749520885383,success,13.476999999999999,world_238.world,8.512989118917758,0.5
VLM,0,23,0,0.0014882438261541926,-2.8983833948046285,success,13.440000000000001,world_237.world,8.147969549626211,0.5
VLM,0,21,0,1.6447365715893797e-07,-3.042249007675119,success,12.168000000000001,world_237.world,8.147969549626211,0.5
VLM,0,21,0,1.626015995769757e-07,-3.11246811063763,success,12.310000000000002,world_237.world,8.147969549626211,0.5
VLM,0,20,0,1.7301035069025076e-07,-2.0840656184946416,success,11.572,world_236.world,7.811169146986348,0.5
VLM,0,20,0,1.709401417196339e-07,-1.7888614888995653,success,11.7,world_236.world,7.811169146986348,0.5
VLM,0,19,0,1.7985608275969736e-07,-1.500145966030837,success,11.131999999999998,world_236.world,7.811169146986348,0.5
VLM,0,20,0,1.7182127631936836e-07,-2.6452786647383366,success,11.644999999999998,world_235.world,8.095851906539131,0.5
VLM,0,19,0,1.7793591139930404e-07,-2.784223570722455,success,11.241999999999999,world_235.world,8.095851906539131,0.5
VLM,0,19,0,1.8050538258025587e-07,-2.252735797899787,success,11.085,world_235.world,8.095851906539131,0.5
VLM,0,24,0,1.4388487138347175e-07,-5.376703609822189,success,13.911,world_234.world,8.112848826210472,0.5
VLM,0,20,0,1.709401417196339e-07,-3.341315105183723,success,11.709999999999999,world_234.world,8.112848826210472,0.5
VLM,0,31,2,0.5354331231233832,-15.121509443064403,collision,17.785999999999998,world_234.world,8.112848826210472,0.0
VLM,0,45,0,0.0193799209783007,-10.904523349241302,success,25.811999999999998,world_233.world,8.118199884283989,0.31451262530156476
VLM,0,41,1,0.016184070171714637,-9.139573090526808,success,23.493,world_233.world,8.118199884283989,0.0
VLM,0,65,3,0.7632282328579245,-28.233863071063407,collision,37.42700000000001,world_233.world,8.118199884283989,0.0
VLM,0,18,0,1.8518515089163875e-07,-1.5470349809293666,success,10.809000000000001,world_232.world,7.909011560818807,0.5
VLM,0,21,0,1.6528922887781343e-07,-2.641526907766556,success,12.140999999999998,world_232.world,7.909011560818807,0.5
VLM,0,18,0,1.8903588108962553e-07,-2.1866820933404627,success,10.586000000000002,world_232.world,7.909011560818807,0.5
VLM,0,41,3,0.3120205190093334,-15.360008798687455,collision,23.473999999999997,world_231.world,8.772936875967888,0.0
VLM,0,35,0,9.960158370502155e-08,-10.163871385616316,success,20.089000000000002,world_231.world,8.772936875967888,0.43670351316481093
VLM,0,34,0,1.0152283233270738e-07,-8.662679927337262,success,19.72,world_231.world,8.772936875967888,0.44487509513021745
VLM,0,18,0,1.8761722558776257e-07,-0.8655147282059001,success,10.665999999999999,world_230.world,7.770867060504877,0.5
VLM,0,20,0,1.7271154184602042e-07,-1.552140685335755,success,11.584,world_230.world,7.770867060504877,0.5
VLM,0,20,0,1.706484350429292e-07,-1.2218622008580347,success,11.731,world_230.world,7.770867060504877,0.5
VLM,0,21,0,1.628664229859246e-07,-3.8117455407098255,success,12.28,world_229.world,9.333178092448502,0.5
VLM,0,22,0,1.5313933336304237e-07,-4.6859587128073485,success,13.069999999999999,world_229.world,9.333178092448502,0.5
VLM,0,21,0,1.6233763598415e-07,-3.5091889284891518,success,12.325999999999999,world_229.world,9.333178092448502,0.5
VLM,0,27,0,1.2722644691775486e-07,-5.891481050387767,success,15.728,world_228.world,8.125979676054454,0.5
VLM,0,28,0,1.2330454706479074e-07,-6.359908707950211,success,16.236,world_228.world,8.125979676054454,0.5
VLM,0,30,0,0.003460322553596015,-9.299820011339982,success,17.342,world_228.world,8.125979676054454,0.4685722336555446
VLM,0,19,0,1.7889084456335518e-07,-1.077284067936947,success,11.197000000000001,world_227.world,7.656298148557264,0.5
VLM,0,19,0,1.7889084456335518e-07,-1.4531498053823395,success,11.185,world_227.world,7.656298148557264,0.5
VLM,0,21,0,1.650164744197237e-07,-1.6329692838458423,success,12.127999999999998,world_227.world,7.656298148557264,0.5
VLM,0,106,1,0.487516442591444,-54.85474207704088,success,60.881,world_226.world,7.7971315301654105,0.0
VLM,0,53,0,0.020025903099101867,-12.80386325098581,success,30.967,world_226.world,7.7971315301654105,0.2517884047587887
VLM,0,61,2,0.07179787066066223,-13.681445816770589,success,34.821,world_226.world,7.7971315301654105,0.0
VLM,0,19,0,1.8148817032882573e-07,-0.6749187087864515,success,11.024999999999999,world_225.world,8.273415681303838,0.5
VLM,0,18,0,1.901140322977125e-07,-0.818203448339352,success,10.526,world_225.world,8.273415681303838,0.5
VLM,0,18,0,1.883238816715854e-07,-0.6724976278966518,success,10.623999999999999,world_225.world,8.273415681303838,0.5
VLM,0,18,0,1.897532846767961e-07,-0.5529378888147279,success,10.542,world_224.world,7.793928744049557,0.5
VLM,0,17,0,1.9801976276836382e-07,-0.6615678979623807,success,10.192,world_224.world,7.793928744049557,0.5
VLM,0,17,0,1.9960075856272286e-07,-0.5931297925595164,success,10.021999999999998,world_224.world,7.793928744049557,0.5
VLM,0,46,0,0.004569763551426995,-10.0826939019318,success,26.278000000000002,world_223.world,8.130412532756333,0.3093999746082781
VLM,0,44,0,0.01589832941984663,-9.421687329238658,success,25.195999999999998,world_223.world,8.130412532756333,0.3226866380678018
VLM,0,41,0,0.023749022582780104,-11.042966741307536,success,23.594,world_223.world,8.130412532756333,0.3445966149341499
VLM,0,19,0,1.766784140144145e-07,-2.5860525913713985,success,11.333,world_222.world,8.205334100558725,0.5
VLM,0,20,0,1.700679982877554e-07,-2.9581106709556573,success,11.764999999999999,world_222.world,8.205334100558725,0.5
VLM,0,19,0,1.8018014771528872e-07,-2.3721717589962195,success,11.106,world_222.world,8.205334100558725,0.5
VLM,0,18,0,1.9120455235094604e-07,-0.9239032970525891,success,10.474,world_221.world,8.407620739566742,0.5
VLM,0,18,0,1.9083965823670646e-07,-0.9765897628919181,success,10.49,world_221.world,8.407620739566742,0.5
VLM,0,18,0,1.901140322977125e-07,-0.9192761819347232,success,10.524,world_221.world,8.407620739566742,0.5
VLM,0,26,0,1.3245031358273992e-07,-6.7581820928370835,success,15.118,world_220.world,8.07835313263655,0.5
VLM,0,21,0,1.6233763598415e-07,-4.7991675415402435,success,12.34,world_220.world,8.07835313263655,0.5
VLM,0,22,0,1.5624997558594132e-07,-5.0016310758932105,success,12.807000000000002,world_220.world,8.07835313263655,0.5
VLM,0,58,0,0.0161871093413004,-29.364791363056597,success,33.361000000000004,world_219.world,8.099459323096337,0.24278227040845105
VLM,0,71,1,0.2966226482318821,-24.523346816304656,success,40.87,world_219.world,8.099459323096337,0.0
VLM,0,45,0,0.06240494197831492,-11.367748609836953,success,26.322000000000003,world_219.world,8.099459323096337,0.3077068354644911
VLM,0,62,0,0.002767072342718741,-31.621773314857233,success,36.166,world_218.world,8.59927851805124,0.2377724525258873
VLM,0,33,0,1.0449319702265445e-07,-9.967005764751455,success,19.152,world_218.world,8.59927851805124,0.4490015934654991
VLM,0,41,0,0.0033870445904280616,-13.050463398084114,success,23.626,world_218.world,8.59927851805124,0.36397521874423255
VLM,0,30,0,0.007927632171276084,-8.27897862725523,success,17.677,world_217.world,8.51694370004654,0.481809339822738
VLM,0,28,0,1.2150666810368553e-07,-7.647704487769106,success,16.461,world_217.world,8.51694370004654,0.5
VLM,0,27,1,0.006369553328719321,-6.9826297709569705,success,15.715,world_217.world,8.51694370004654,0.0
VLM,0,22,0,1.550387356529092e-07,-4.4404141204908845,success,12.901999999999997,world_216.world,8.231413228723815,0.5
VLM,0,23,0,1.494768087478612e-07,-3.757024210737514,success,13.398000000000001,world_216.world,8.231413228723815,0.5
VLM,0,24,0,1.4556038638131204e-07,-4.552123526446175,success,13.757000000000001,world_216.world,8.231413228723815,0.5
VLM,0,80,0,0.0004369156646170526,-22.4685089833745,success,45.834,world_215.world,8.6053610093842,0.18775060019601605
VLM,0,30,0,0.0022702608092780015,-8.977565901066685,success,17.622999999999998,world_215.world,8.6053610093842,0.4883028434082847
VLM,0,54,3,0.7911311188219076,-40.90387420231547,collision,31.122,world_215.world,8.6053610093842,0.0
VLM,0,28,0,0.08426281483732159,-11.61084477076691,success,16.143,world_214.world,8.091064134930969,0.5
VLM,0,25,0,1.3717419243152368e-07,-4.850232069382589,success,14.599,world_214.world,8.091064134930969,0.5
VLM,0,35,3,0.4152626942256993,-12.882991191622386,collision,20.274,world_214.world,8.091064134930969,0.0
VLM,0,65,0,0.00799578848636522,-18.6985854880825,success,37.537,world_213.world,8.080583152791007,0.21526981785414412
VLM,0,38,3,0.10854100457820244,-10.946969000940564,collision,22.503,world_213.world,8.080583152791007,0.0
VLM,0,82,5,0.18678529492650167,-45.01690393757273,collision,47.224000000000004,world_213.world,8.080583152791007,0.0
VLM,0,24,0,1.4430012347761569e-07,-6.289274413963916,success,13.872,world_212.world,8.329698063701649,0.5
VLM,0,25,0,1.3908203907064828e-07,-6.897634900819475,success,14.432,world_212.world,8.329698063701649,0.5
VLM,0,25,0,1.3850413594125543e-07,-5.707231403858311,success,14.440999999999999,world_212.world,8.329698063701649,0.5
VLM,0,21,0,1.6155086243120157e-07,-3.2673473670211077,success,12.379999999999999,world_211.world,7.835101179481681,0.5
VLM,0,33,0,0.0021053681994349267,-8.25671831138369,success,19.089000000000002,world_211.world,7.835101179481681,0.410451106893063
VLM,0,79,0,0.0017505907330157226,-50.083885772715135,success,45.702,world_211.world,7.835101179481681,0.17143891250889853
VLM,0,12,3,0.0027176623049830696,-2.81743409779951,collision,7.3679999999999986,world_210.world,8.955608784787188,0.0
VLM,0,22,0,1.533742096051826e-07,-3.7971697487238707,success,13.040999999999999,world_210.world,8.955608784787188,0.5
VLM,0,23,0,1.503759172367042e-07,-3.523780897974519,success,13.32,world_210.world,8.955608784787188,0.5
VLM,0,23,0,1.503759172367042e-07,-3.497640797802758,success,13.316999999999998,world_209.world,8.877499484588025,0.5
VLM,0,60,0,0.039112723928037135,-15.033156511605982,success,34.272999999999996,world_209.world,8.877499484588025,0.2590231227084885
VLM,0,23,0,1.5082953984471497e-07,-3.3967223616707574,success,13.272000000000002,world_209.world,8.877499484588025,0.5
VLM,0,18,0,1.8939390352388194e-07,-0.9756860994443917,success,10.575000000000001,world_208.world,7.920452801990201,0.5
VLM,0,18,0,1.883238816715854e-07,-1.28154268385138,success,10.626,world_208.world,7.920452801990201,0.5
VLM,0,19,0,1.8050538258025587e-07,-1.8766980979981758,success,11.098,world_208.world,7.920452801990201,0.5
VLM,0,35,3,0.475670359913569,-11.085627444764171,collision,20.137999999999998,world_207.world,8.691034440092492,0.0
VLM,0,53,2,0.33377053549045665,-17.721536808358504,success,30.503,world_207.world,8.691034440092492,0.0
VLM,0,35,0,0.0020000997999900204,-9.506440749890086,success,20.003,world_207.world,8.691034440092492,0.4344865490222713
VLM,0,18,0,1.9120455235094604e-07,-0.9706848458082173,success,10.475000000000001,world_206.world,8.169870713605786,0.5
VLM,0,18,0,1.9157084452665815e-07,-1.2286760590553982,success,10.447999999999999,world_206.world,8.169870713605786,0.5
VLM,0,18,0,1.9120455235094604e-07,-1.6356880308482864,success,10.469,world_206.world,8.169870713605786,0.5
VLM,0,20,0,1.715265571995614e-07,-3.5138841462225847,success,11.677999999999999,world_205.world,8.14100834873039,0.5
VLM,0,21,0,1.6420358551665265e-07,-3.853142396264188,success,12.186999999999998,world_205.world,8.14100834873039,0.5
VLM,0,19,0,1.7793591139930404e-07,-3.398688060534973,success,11.249999999999998,world_205.world,8.14100834873039,0.5
VLM,0,25,0,1.3888886959876811e-07,-4.535268868296522,success,14.408999999999999,world_204.world,8.448704095912515,0.5
VLM,0,22,0,1.536098074332093e-07,-3.917285981295027,success,13.038,world_204.world,8.448704095912515,0.5
VLM,0,23,0,1.497005763921293e-07,-4.586662124624056,success,13.379,world_204.world,8.448704095912515,0.5
VLM,0,42,0,0.012195202260552662,-9.871053201461752,success,24.616000000000003,world_203.world,9.025242805283083,0.36664132293155194
VLM,0,32,0,1.084598580846141e-07,-8.233507297563484,success,18.452,world_203.world,9.025242805283083,0.48912003063532855
VLM,0,79,3,0.7388422563481105,-34.54471978326965,collision,45.284000000000006,world_203.world,9.025242805283083,0.0
VLM,0,26,0,1.3422816990225908e-07,-6.259086223848882,success,14.904000000000002,world_202.world,8.223102409551386,0.5
VLM,0,35,3,0.7487587141252519,-25.929412087720866,collision,20.171,world_202.world,8.223102409551386,0.0
VLM,0,25,0,1.3966478496301887e-07,-6.478816978256682,success,14.333000000000002,world_202.world,8.223102409551386,0.5
VLM,0,33,3,0.4166667289885973,-10.668476070139464,collision,18.711999999999996,world_201.world,8.74515937808401,0.0
VLM,0,32,0,1.0893245000735839e-07,-8.125515166362295,success,18.419,world_201.world,8.74515937808401,0.474790128567458
VLM,0,32,0,1.0881391634233773e-07,-8.468233704354061,success,18.381,world_201.world,8.74515937808401,0.4757716869639307
VLM,0,20,0,1.7123284739163572e-07,-1.214759544231149,success,11.702,world_200.world,8.629507223633503,0.5
VLM,0,22,0,1.560062159116668e-07,-3.418166698825495,success,12.843,world_200.world,8.629507223633503,0.5
VLM,0,20,0,1.706484350429292e-07,-1.1871101480360582,success,11.732,world_200.world,8.629507223633503,0.5
VLM,0,18,0,1.901140322977125e-07,-0.933641236308139,success,10.523000000000001,world_199.world,7.819031620993853,0.5
VLM,0,19,0,0.001815063191458586,-0.9171509775310441,success,11.026000000000002,world_199.world,7.819031620993853,0.5
VLM,0,19,0,1.7825308765542112e-07,-0.9275555695539623,success,11.229000000000001,world_199.world,7.819031620993853,0.5
VLM,0,31,3,0.8327721848740534,-13.06863562437082,collision,17.838,world_198.world,7.823797529301262,0.0
VLM,0,24,0,1.4409219825760834e-07,-4.187807838704265,success,13.908999999999999,world_198.world,7.823797529301262,0.5
VLM,0,27,3,0.7900763625857045,-14.340734040934695,collision,15.734,world_198.world,7.823797529301262,0.0
VLM,0,18,0,1.8214932929884715e-07,-0.9086059500616894,success,10.994,world_197.world,9.207052694546277,0.5
VLM,0,18,0,1.901140322977125e-07,-0.8047974332983318,success,10.524,world_197.world,9.207052694546277,0.5
VLM,0,18,0,1.8621970461458015e-07,-0.5994732414768147,success,10.742,world_197.world,9.207052694546277,0.5
VLM,0,26,0,1.331557745465014e-07,-4.960519979540409,success,15.052000000000001,world_196.world,8.395202655329975,0.5
VLM,0,26,0,1.335113306393417e-07,-5.745366063400231,success,14.995000000000001,world_196.world,8.395202655329975,0.5
VLM,0,27,0,1.262626103203775e-07,-6.1309612788736905,success,15.851,world_196.world,8.395202655329975,0.5
VLM,0,24,0,1.4306149598547983e-07,-4.955577017461483,success,13.997999999999998,world_195.world,8.916531319830002,0.5
VLM,0,24,0,1.4285712244898253e-07,-4.693569862716958,success,14.007000000000001,world_195.world,8.916531319830002,0.5
VLM,0,24,0,1.4430012347761569e-07,-4.631816334104171,success,13.861999999999998,world_195.world,8.916531319830002,0.5
VLM,0,20,0,1.700679982877554e-07,-2.892102408466455,success,11.77,world_194.world,7.8260913164013495,0.5
VLM,0,19,0,1.769911191166161e-07,-2.767607577154201,success,11.314,world_194.world,7.8260913164013495,0.5
VLM,0,19,0,1.766784140144145e-07,-2.3700904080349643,success,11.325,world_194.world,7.8260913164013495,0.5
VLM,0,21,0,1.6366609432633482e-07,-4.179166934662017,success,12.226,world_193.world,8.228353883944568,0.5
VLM,0,24,0,1.4430012347761569e-07,-5.896125085739295,success,13.869000000000002,world_193.world,8.228353883944568,0.5
VLM,0,52,0,0.01622724704345862,-12.375038893413942,success,29.617000000000004,world_193.world,8.228353883944568,0.2778253666456618
VLM,0,25,0,1.3869623596446103e-07,-5.74194106818801,success,14.447,world_192.world,7.872620918957527,0.5
VLM,0,36,5,0.5913461931397891,-13.560962062728953,collision,20.817,world_192.world,7.872620918957527,0.0
VLM,0,26,0,1.321003788506765e-07,-4.405967629043827,success,15.145999999999999,world_192.world,7.872620918957527,0.5
VLM,0,19,0,1.769911191166161e-07,-0.9049777205183354,success,11.304999999999998,world_191.world,7.676324374890349,0.5
VLM,0,20,0,1.715265571995614e-07,-1.2862785595287514,success,11.671,world_191.world,7.676324374890349,0.5
VLM,0,19,0,1.8050538258025587e-07,-0.8528727554290275,success,11.110000000000001,world_191.world,7.676324374890349,0.5
VLM,0,22,0,1.5698584662702567e-07,-2.6775851435793427,success,12.761,world_190.world,8.293077654616788,0.5
VLM,0,102,0,0.009332906694334368,-27.838362605167692,success,57.875,world_190.world,8.293077654616788,0.14329291843830302
VLM,0,44,0,0.04956042769301138,-23.337352244532745,success,25.022999999999996,world_190.world,8.293077654616788,0.33141820143934736
VLM,0,20,0,1.7123284739163572e-07,-1.952514071271179,success,11.703000000000001,world_189.world,7.958318166192765,0.5
VLM,0,21,0,1.6611292921712142e-07,-1.9196716395420892,success,12.049999999999999,world_189.world,7.958318166192765,0.5
VLM,0,20,0,1.686340356435016e-07,-2.3561269115776278,success,11.860999999999999,world_189.world,7.958318166192765,0.5
VLM,0,36,3,0.6464251080876485,-21.02671603315002,collision,20.436999999999998,world_188.world,7.980659785566589,0.0
VLM,0,22,0,1.5527947899386975e-07,-2.6978508886629475,success,12.969000000000001,world_188.world,7.980659785566589,0.5
VLM,0,22,0,1.56494498201174e-07,-3.1854933843588182,success,12.797,world_188.world,7.980659785566589,0.5
VLM,0,22,0,1.5624997558594132e-07,-3.0303690757717705,success,12.806000000000001,world_187.world,8.204891659007181,0.5
VLM,0,21,0,1.6420358551665265e-07,-3.178874260709441,success,12.187,world_187.world,8.204891659007181,0.5
VLM,0,23,0,1.4903127436195615e-07,-3.264615689311039,success,13.437999999999999,world_187.world,8.204891659007181,0.5
VLM,0,22,0,1.5797785813935892e-07,-3.660161903615238,success,12.675999999999998,world_186.world,8.335547715659803,0.5
VLM,0,119,1,0.09199169121787164,-53.47516151676571,timeout,67.19500000000001,world_186.world,8.335547715659803,0.0
VLM,0,23,0,1.4749260361466026e-07,-4.360624316297737,success,13.574,world_186.world,8.335547715659803,0.5
VLM,0,24,0,1.4513785992193615e-07,-5.411731586525807,success,13.777000000000001,world_185.world,7.900082446866422,0.5
VLM,0,22,0,1.5128590752104274e-07,-4.715704472071491,success,13.222999999999999,world_185.world,7.900082446866422,0.5
VLM,0,26,0,0.0026491387219683814,-5.456200287962879,success,15.125000000000002,world_185.world,7.900082446866422,0.5
VLM,0,33,2,0.021030597157665913,-7.511344871434948,success,19.023,world_184.world,9.12925906315635,0.0
VLM,0,28,0,1.236093790346874e-07,-7.689416967184196,success,16.204,world_184.world,9.12925906315635,0.5
VLM,0,28,0,1.2468826375458058e-07,-7.215847263216441,success,16.06,world_184.world,9.12925906315635,0.5
VLM,0,12,3,0.1409216420266553,-1.8242322651030984,collision,7.3980000000000015,world_183.world,8.359616496629332,0.0
VLM,0,25,0,1.37931015457791e-07,-4.619576376272197,success,14.505,world_183.world,8.359616496629332,0.5
VLM,0,12,3,0.08563561170286971,-1.9622807641120867,collision,7.253999999999998,world_183.world,8.359616496629332,0.0
VLM,0,19,0,1.8115938747112548e-07,-1.8677689745988697,success,11.159999999999998,world_182.world,7.953031607421098,0.5
VLM,0,20,0,1.715265571995614e-07,-2.250030954434949,success,11.673999999999998,world_182.world,7.953031607421098,0.5
VLM,0,18,0,1.8903588108962553e-07,-1.5364213604458588,success,10.669,world_182.world,7.953031607421098,0.5
VLM,0,42,0,0.001679344947158275,-9.891194070400992,success,23.836999999999996,world_181.world,8.42910238774821,0.35361422946462273
VLM,0,40,0,0.0034632897434381175,-9.393976671727984,success,23.155,world_181.world,8.42910238774821,0.36402947042747613
VLM,0,41,0,0.001705114944150474,-8.90399208730239,success,23.471000000000004,world_181.world,8.42910238774821,0.3591283877017685
VLM,0,23,0,1.4903127436195615e-07,-4.674355107026756,success,13.439,world_180.world,9.004770113090498,0.5
VLM,0,22,0,1.56494498201174e-07,-3.666267056595043,success,12.794,world_180.world,9.004770113090498,0.5
VLM,0,22,0,1.536098074332093e-07,-3.8991542875561382,success,13.022,world_180.world,9.004770113090498,0.5
VLM,0,18,0,1.8761722558776257e-07,-1.9273413393707757,success,10.671000000000001,world_179.world,8.366493444282845,0.5
VLM,0,18,0,1.8939390352388194e-07,-2.0721977621611867,success,10.57,world_179.world,8.366493444282845,0.5
VLM,0,18,0,1.9047615419501827e-07,-1.9267915362380634,success,10.516,world_179.world,8.366493444282845,0.5
VLM,0,24,0,1.4492751522789636e-07,-4.375694293565416,success,13.813,world_178.world,8.294915851709288,0.5
VLM,0,24,0,1.4347200237130527e-07,-4.598033236312474,success,13.94,world_178.world,8.294915851709288,0.5
VLM,0,24,0,1.4430012347761569e-07,-4.2016199985308065,success,13.877,world_178.world,8.294915851709288,0.5
VLM,0,21,0,1.6051361789508543e-07,-2.732419415872851,success,12.473,world_177.world,9.022924695256084,0.5
VLM,0,20,0,1.6806719864416831e-07,-2.2993795591958635,success,11.902000000000001,world_177.world,9.022924695256084,0.5
VLM,0,20,0,1.7035772225592467e-07,-2.5044023997677436,success,11.744,world_177.world,9.022924695256084,0.5
VLM,0,28,0,1.2453298573686355e-07,-4.853022134209516,success,16.116,world_176.world,8.045525647896753,0.49922596474911596
VLM,0,40,0,0.003395670339926117,-7.976499396213671,success,23.564999999999998,world_176.world,8.045525647896753,0.3414184446380969
VLM,0,30,0,1.1695905064806426e-07,-6.864114924645684,success,17.109,world_176.world,8.045525647896753,0.47025107533442934
VLM,0,22,0,1.5673978734486092e-07,-4.624551043962331,success,12.771999999999998,world_175.world,7.976736854257178,0.5
VLM,0,22,0,1.5698584662702567e-07,-5.651361433177882,success,12.740999999999998,world_175.world,7.976736854257178,0.5
VLM,0,21,0,0.001631484236299472,-3.2800626466230476,success,12.265999999999998,world_175.world,7.976736854257178,0.5
VLM,0,20,0,1.706484350429292e-07,-2.279459750386867,success,11.76,world_174.world,7.869672043342989,0.5
VLM,0,19,0,1.7825308765542112e-07,-2.0675760136336647,success,11.235999999999999,world_174.world,7.869672043342989,0.5
VLM,0,19,0,1.7793591139930404e-07,-2.1514586860734326,success,11.258000000000003,world_174.world,7.869672043342989,0.5
VLM,0,18,0,1.8903588108962553e-07,-0.5251122392307597,success,10.591999999999999,world_173.world,7.769171954657533,0.5
VLM,0,18,0,1.9047615419501827e-07,-0.5510845116583603,success,10.509,world_173.world,7.769171954657533,0.5
VLM,0,18,0,1.879698894793441e-07,-0.5497022728591283,success,10.642,world_173.world,7.769171954657533,0.5
VLM,0,32,4,0.5259740772755328,-8.930845562525745,collision,18.509,world_172.world,8.151308943401995,0.0
VLM,0,33,0,0.009554245270249971,-7.697551134748082,success,18.857999999999997,world_172.world,8.151308943401995,0.43224673578332784
VLM,0,22,0,1.524390011525913e-07,-3.2458455447737684,success,13.136999999999999,world_172.world,8.151308943401995,0.5
VLM,0,25,0,1.3850413594125543e-07,-5.36793505699218,success,14.475000000000001,world_171.world,7.983474610537893,0.5
VLM,0,24,0,1.4471777934619693e-07,-4.914264874784244,success,13.834000000000001,world_171.world,7.983474610537893,0.5
VLM,0,25,3,0.6361222262785888,-10.154649973500788,collision,15.074,world_171.world,7.983474610537893,0.0
VLM,0,17,0,1.9762841944102384e-07,-0.4663276406734449,success,10.132,world_170.world,7.651993480777325,0.5
VLM,0,17,0,1.9841265904510736e-07,-0.4166496009708557,success,10.094000000000001,world_170.world,7.651993480777325,0.5
VLM,0,17,0,1.95694677946247e-07,-0.2947669781597639,success,10.251,world_170.world,7.651993480777325,0.5
VLM,0,22,0,1.5552097114759394e-07,-4.848191894032002,success,12.881999999999998,world_169.world,7.947794994798985,0.5
VLM,0,20,0,1.7035772225592467e-07,-3.1551450174618947,success,11.768,world_169.world,7.947794994798985,0.5
VLM,0,19,0,1.7953318141235524e-07,-2.792560141402292,success,11.142999999999999,world_169.world,7.947794994798985,0.5
VLM,0,20,0,1.7182127631936836e-07,-3.7164121274578275,success,11.638000000000002,world_168.world,8.734100236381483,0.5
VLM,0,20,0,1.7182127631936836e-07,-3.1075953358284587,success,11.656999999999998,world_168.world,8.734100236381483,0.5
VLM,0,20,0,1.7241376337693738e-07,-2.752614754817661,success,11.612,world_168.world,8.734100236381483,0.5
VLM,0,19,0,1.7857139668367917e-07,-1.6944224551211329,success,11.227,world_167.world,8.434824452904516,0.5
VLM,0,19,0,1.7921143741730513e-07,-1.2285665586659185,success,11.167,world_167.world,8.434824452904516,0.5
VLM,0,19,0,1.8248171852523387e-07,-1.4283818954381577,success,10.981000000000002,world_167.world,8.434824452904516,0.5
VLM,0,19,0,1.7825308765542112e-07,-2.2327568743523325,success,11.23,world_166.world,7.75232408004971,0.5
VLM,0,18,0,1.897532846767961e-07,-1.4379749471525771,success,10.551000000000002,world_166.world,7.75232408004971,0.5
VLM,0,19,0,1.7985608275969736e-07,-1.4999201491661873,success,11.126000000000001,world_166.world,7.75232408004971,0.5
VLM,0,23,3,0.26836592678172017,-7.015740405457897,collision,13.34,world_165.world,8.611369784443538,0.0
VLM,0,20,0,1.7035772225592467e-07,-1.4811502281606235,success,11.743,world_165.world,8.611369784443538,0.5
VLM,0,23,0,0.0195784609068583,-2.6863689035518252,success,13.282,world_165.world,8.611369784443538,0.5
VLM,0,20,0,1.7035772225592467e-07,-2.0186434031078666,success,11.745000000000001,world_164.world,8.222543997037086,0.5
VLM,0,21,0,1.6313211041890534e-07,-2.6842150312098063,success,12.274000000000001,world_164.world,8.222543997037086,0.5
VLM,0,62,0,0.0011455325804391422,-33.64266070342958,success,34.926,world_164.world,8.222543997037086,0.23542758967637534
VLM,0,24,0,1.4450864963747838e-07,-5.4228121003857215,success,13.928,world_163.world,8.79991465469347,0.5
VLM,0,24,0,1.4388487138347175e-07,-5.303565743793038,success,13.918,world_163.world,8.79991465469347,0.5
VLM,0,24,0,1.4513785992193615e-07,-5.606626100643735,success,13.786,world_163.world,8.79991465469347,0.5
VLM,0,17,0,1.9841265904510736e-07,-1.7803271705242103,success,10.174000000000001,world_162.world,7.958902179934425,0.5
VLM,0,9,2,0.11552378500946392,-0.34208425301898143,collision,5.547000000000001,world_162.world,7.958902179934425,0.0
VLM,0,17,0,1.95694677946247e-07,-1.9044097169598944,success,10.233,world_162.world,7.958902179934425,0.5
VLM,0,20,0,1.6835014000839396e-07,-2.9474068305085406,success,11.895,world_161.world,8.095210743534128,0.5
VLM,0,23,0,1.5082953984471497e-07,-3.889165124685122,success,13.261999999999999,world_161.world,8.095210743534128,0.5
VLM,0,22,0,1.584785802728082e-07,-4.078930711286228,success,12.624999999999998,world_161.world,8.095210743534128,0.5
VLM,0,17,0,2.0120720297641792e-07,-0.6448814378761615,success,9.955,world_160.world,7.822764780761914,0.5
VLM,0,16,0,2.0790016467772047e-07,-0.5779376027580947,success,9.633999999999999,world_160.world,7.822764780761914,0.5
VLM,0,16,0,2.036659463002146e-07,-0.5873880094236896,success,9.828,world_160.world,7.822764780761914,0.5
VLM,0,19,0,1.7985608275969736e-07,-1.7282995588840668,success,11.118999999999998,world_159.world,8.460411962681121,0.5
VLM,0,19,0,1.7921143741730513e-07,-1.5759535535974263,success,11.181,world_159.world,8.460411962681121,0.5
VLM,0,18,0,1.869158529129247e-07,-1.315310951676959,success,10.707000000000003,world_159.world,8.460411962681121,0.5
VLM,0,22,0,1.5174504525871848e-07,-3.737530931311531,success,13.188,world_158.world,8.185130885153928,0.5
VLM,0,21,0,1.6366609432633482e-07,-3.209581405529087,success,12.223000000000003,world_158.world,8.185130885153928,0.5
VLM,0,19,0,1.7985608275969736e-07,-2.1926990681097673,success,11.134,world_158.world,8.185130885153928,0.5
VLM,0,49,2,0.45345560977040833,-28.381645694285172,collision,28.387999999999998,world_157.world,7.833988860013338,0.0
VLM,0,56,0,0.0025016258598107655,-14.866373346411587,success,31.983,world_157.world,7.833988860013338,0.2449422774603176
VLM,0,69,8,0.7237851803690445,-28.305095186845502,collision,39.108000000000004,world_157.world,7.833988860013338,0.0
VLM,0,22,0,1.5313933336304237e-07,-4.3827961136072435,success,13.078000000000001,world_156.world,8.133650292117396,0.5
VLM,0,24,0,1.4184395151149624e-07,-5.37325522687283,success,14.118,world_156.world,8.133650292117396,0.5
VLM,0,18,0,1.8726588253447895e-07,-3.089532021518726,success,10.688,world_156.world,8.133650292117396,0.5
VLM,0,19,0,1.8018014771528872e-07,-1.6626468873669464,success,11.114000000000003,world_155.world,7.830441902459944,0.5
VLM,0,20,0,1.7182127631936836e-07,-2.0798618926309103,success,11.642000000000001,world_155.world,7.830441902459944,0.5
VLM,0,18,0,1.8587357139896445e-07,-1.1744480265648463,success,10.751000000000001,world_155.world,7.830441902459944,0.5
VLM,0,40,3,0.7086267862124308,-12.492322216357074,collision,22.722,world_154.world,7.898906121797543,0.0
VLM,0,24,0,0.001428714081612274,-2.9679201731568394,success,14.016,world_154.world,7.898906121797543,0.5
VLM,0,25,0,1.3717419243152368e-07,-3.781504807923657,success,14.655999999999999,world_154.world,7.898906121797543,0.5
VLM,0,29,3,0.5790094836073723,-11.315511769850954,collision,16.968,world_153.world,7.951241205135583,0.0
VLM,0,27,0,1.269035371949826e-07,-4.602411499138587,success,15.76,world_153.world,7.951241205135583,0.5
VLM,0,24,0,1.4245012215810227e-07,-4.582323274972516,success,14.043999999999999,world_153.world,7.951241205135583,0.5
VLM,0,20,0,1.6977925810199355e-07,-1.5527069637619753,success,11.793,world_152.world,8.057859296533934,0.5
VLM,0,21,0,1.647446186582177e-07,-1.8162454597706037,success,12.153999999999998,world_152.world,8.057859296533934,0.5
VLM,0,20,0,1.686340356435016e-07,-1.6648675786372042,success,11.874999999999998,world_152.world,8.057859296533934,0.5
VLM,0,22,0,1.5552097114759394e-07,-3.4485201491563346,success,12.892000000000001,world_151.world,8.942836118417254,0.5
VLM,0,24,0,1.4204543436854627e-07,-4.81038635825302,success,14.088999999999999,world_151.world,8.942836118417254,0.5
VLM,0,27,0,1.2755100413890254e-07,-5.929358452096312,success,15.7,world_151.world,8.942836118417254,0.5
VLM,0,20,0,1.6750415954704197e-07,-2.914113916393638,success,11.951999999999998,world_150.world,7.973092676548482,0.5
VLM,0,22,0,1.5624997558594132e-07,-3.56626228345951,success,12.804,world_150.world,7.973092676548482,0.5
VLM,0,21,0,1.599999744000041e-07,-3.5756026965656345,success,12.498000000000001,world_150.world,7.973092676548482,0.5
VLM,0,22,0,1.557632156132063e-07,-4.0192788251404625,success,12.843,world_149.world,8.312134163588864,0.5
VLM,0,20,0,1.692047091024181e-07,-3.6342863310806,success,11.833,world_149.world,8.312134163588864,0.5
VLM,0,21,0,1.5698584662702567e-07,-4.642125957183351,success,12.739,world_149.world,8.312134163588864,0.5
VLM,0,18,0,1.8761722558776257e-07,-1.4671667093515148,success,10.673,world_148.world,8.356690315066317,0.5
VLM,0,19,0,0.0017732266359527242,-1.6296507525779367,success,11.310999999999998,world_148.world,8.356690315066317,0.5
VLM,0,19,0,1.7985608275969736e-07,-1.3408748627463314,success,11.121000000000002,world_148.world,8.356690315066317,0.5
VLM,0,17,0,1.9880711753337627e-07,-1.3306094040469338,success,10.077999999999998,world_147.world,8.187537457443312,0.5
VLM,0,17,0,1.9841265904510736e-07,-1.1471296275689231,success,10.077,world_147.world,8.187537457443312,0.5
VLM,0,17,0,2.004007614427332e-07,-0.9709375611027607,success,9.991999999999999,world_147.world,8.187537457443312,0.5
VLM,0,19,0,1.8115938747112548e-07,-3.552848665951041,success,11.050999999999998,world_146.world,8.034842319404571,0.5
VLM,0,20,0,1.7271154184602042e-07,-3.799152148573555,success,11.589000000000002,world_146.world,8.034842319404571,0.5
VLM,0,19,0,1.818181487603366e-07,-3.397055606264204,success,11.009999999999998,world_146.world,8.034842319404571,0.5
VLM,0,20,0,1.692047091024181e-07,-4.521462982434163,success,11.83,world_145.world,8.15255693907889,0.5
VLM,0,21,0,1.639343993550165e-07,-3.6893467171264542,success,12.190999999999999,world_145.world,8.15255693907889,0.5
VLM,0,22,0,1.5455948152094567e-07,-5.833788957318253,success,12.956,world_145.world,8.15255693907889,0.5
VLM,0,16,0,2.0533876687088977e-07,-0.14806723042666695,success,9.741000000000001,world_144.world,8.467915828030232,0.5
VLM,0,17,0,1.95694677946247e-07,-0.21735173377118025,success,10.227,world_144.world,8.467915828030232,0.5
VLM,0,16,0,2.127659121774655e-07,-0.1499406829977734,success,9.415000000000001,world_144.world,8.467915828030232,0.5
VLM,0,19,0,1.7857139668367917e-07,-2.159172443210167,success,11.211,world_143.world,7.783440561012931,0.5
VLM,0,22,0,1.5748029016058424e-07,-3.7354277769462416,success,12.713999999999999,world_143.world,7.783440561012931,0.5
VLM,0,20,0,1.7035772225592467e-07,-2.3478915794827135,success,11.747,world_143.world,7.783440561012931,0.5
VLM,0,17,0,1.9157084452665815e-07,-0.9070394624244703,success,10.454,world_142.world,7.850464282154265,0.5
VLM,0,18,0,1.8552872253641513e-07,-0.9715069336500518,success,10.796,world_142.world,7.850464282154265,0.5
VLM,0,17,0,1.9493173588075326e-07,-1.4269488760984659,success,10.268,world_142.world,7.850464282154265,0.5
VLM,0,19,4,0.5141844833006235,-2.660727470951417,collision,11.309999999999999,world_141.world,7.942081561496044,0.0
VLM,0,22,0,1.540831811890322e-07,-3.7296414256714545,success,12.990000000000002,world_141.world,7.942081561496044,0.5
VLM,0,21,0,1.6447365715893797e-07,-4.18720050158503,success,12.172,world_141.world,7.942081561496044,0.5
VLM,0,22,0,1.5723267968039628e-07,-4.1302796205554015,success,12.737,world_140.world,9.080746950584595,0.5
VLM,0,23,3,0.5198822503855302,-7.769753233014477,collision,13.589,world_140.world,9.080746950584595,0.0
VLM,0,24,4,0.4891775628892405,-6.569529788703061,collision,13.880999999999998,world_140.world,9.080746950584595,0.0
VLM,0,19,0,1.7953318141235524e-07,-1.9285704953382756,success,11.142999999999999,world_139.world,7.744009224017903,0.5
VLM,0,20,0,1.7182127631936836e-07,-2.166244945981767,success,11.652,world_139.world,7.744009224017903,0.5
VLM,0,20,0,1.7182127631936836e-07,-2.493031202344197,success,11.71,world_139.world,7.744009224017903,0.5
VLM,0,36,0,0.010659010595057113,-7.854290902643603,success,20.657,world_138.world,8.66316792019046,0.41938170693665394
VLM,0,38,0,0.005347682232826895,-10.071001506385489,success,22.461999999999996,world_138.world,8.66316792019046,0.38568105779496314
VLM,0,36,0,0.007699806766139869,-8.280288186405986,success,20.791000000000004,world_138.world,8.66316792019046,0.4166787513919705
VLM,0,17,0,1.9762841944102384e-07,-0.4290871875861331,success,10.122,world_137.world,7.683886493579108,0.5
VLM,0,18,0,1.88679209683168e-07,-0.35819939474623663,success,10.615,world_137.world,7.683886493579108,0.5
VLM,0,18,0,1.879698894793441e-07,-0.3982707520713452,success,10.655999999999999,world_137.world,7.683886493579108,0.5
VLM,0,19,0,1.7985608275969736e-07,-3.2674845383470235,success,11.120000000000001,world_136.world,8.580845785714267,0.5
VLM,0,16,0,2.0833328993056462e-07,-1.991689225614793,success,9.627,world_136.world,8.580845785714267,0.5
VLM,0,18,0,1.8348620486491654e-07,-3.084088843917257,success,10.901000000000002,world_136.world,8.580845785714267,0.5
VLM,0,9,2,0.05985948596496973,-2.2966777250368255,collision,5.6960000000000015,world_135.world,8.456991877899835,0.0
VLM,0,23,0,1.5082953984471497e-07,-4.288855711999846,success,13.265000000000002,world_135.world,8.456991877899835,0.5
VLM,0,29,3,0.7730415008016704,-10.433807943865798,collision,17.383000000000003,world_135.world,8.456991877899835,0.0
VLM,0,21,0,1.6051361789508543e-07,-4.499442980241417,success,12.471,world_134.world,8.903085477451352,0.5
VLM,0,21,0,1.6207452802681882e-07,-5.382846961466784,success,12.357000000000001,world_134.world,8.903085477451352,0.5
VLM,0,22,2,0.7233385280775072,-2.6916905972833534,collision,12.959,world_134.world,8.903085477451352,0.0
VLM,0,19,0,1.7825308765542112e-07,-2.4036468460762896,success,11.240000000000002,world_133.world,8.239301258889826,0.5
VLM,0,19,0,1.8018014771528872e-07,-2.4900952103510985,success,11.098,world_133.world,8.239301258889826,0.5
VLM,0,18,0,1.8587357139896445e-07,-2.690437718986403,success,10.780000000000001,world_133.world,8.239301258889826,0.5
VLM,0,22,0,0.007899050884826085,-2.85972338942024,success,12.672,world_132.world,9.489190949419601,0.5
VLM,0,50,2,0.31649127603569993,-11.830318777924775,collision,28.528,world_132.world,9.489190949419601,0.0
VLM,0,21,0,1.6155086243120157e-07,-3.6890857064252933,success,12.384000000000002,world_132.world,9.489190949419601,0.5
VLM,0,18,0,1.8903588108962553e-07,-2.5681926180134873,success,10.600000000000001,world_131.world,7.980536179987913,0.5
VLM,0,24,0,1.4245012215810227e-07,-4.96795094058899,success,14.076000000000002,world_131.world,7.980536179987913,0.5
VLM,0,18,0,1.848428493820981e-07,-3.1463569302055197,success,10.889999999999999,world_131.world,7.980536179987913,0.5
VLM,0,18,0,1.818181487603366e-07,-2.2115141657935653,success,11.034,world_130.world,7.900807679780633,0.5
VLM,0,22,0,1.560062159116668e-07,-3.8873892393982103,success,12.850999999999999,world_130.world,7.900807679780633,0.5
VLM,0,20,0,1.694914966963565e-07,-3.557008207046011,success,11.809000000000001,world_130.world,7.900807679780633,0.5
VLM,0,18,0,1.8903588108962553e-07,-3.0678942464252508,success,10.596999999999998,world_129.world,8.85103850168101,0.5
VLM,0,19,0,1.8018014771528872e-07,-3.1607411756620194,success,11.119000000000002,world_129.world,8.85103850168101,0.5
VLM,0,20,0,1.689188903853226e-07,-3.7901125647617535,success,11.858999999999998,world_129.world,8.85103850168101,0.5
VLM,0,58,0,6.06796079684704e-08,-28.707039258000435,success,32.998,world_128.world,8.616854335027416,0.2611326242507854
VLM,0,38,2,0.19646189977077283,-13.325920838611099,success,21.486000000000004,world_128.world,8.616854335027416,0.0
VLM,0,33,2,0.592132547398287,-15.696465860791943,collision,19.348,world_128.world,8.616854335027416,0.0
VLM,0,20,0,1.715265571995614e-07,-1.6143595572046274,success,11.677000000000001,world_127.world,8.000727788237427,0.5
VLM,0,21,0,1.639343993550165e-07,-1.8143628857230536,success,12.212,world_127.world,8.000727788237427,0.5
VLM,0,22,0,1.5527947899386975e-07,-2.293095697047136,success,12.877999999999998,world_127.world,8.000727788237427,0.5
VLM,0,18,0,1.8761722558776257e-07,-1.1495503173934911,success,10.668,world_126.world,7.838098818829927,0.5
VLM,0,18,0,1.8903588108962553e-07,-1.1549481218709676,success,10.591999999999999,world_126.world,7.838098818829927,0.5
VLM,0,18,0,1.8656712937180424e-07,-1.1233930056346912,success,10.729000000000001,world_126.world,7.838098818829927,0.5
VLM,0,17,0,1.9880711753337627e-07,-1.0079263208023723,success,10.08,world_125.world,7.940600935402479,0.5
VLM,0,17,0,1.9920314756909414e-07,-0.8491615369304868,success,10.048,world_125.world,7.940600935402479,0.5
VLM,0,16,0,2.0964356191958872e-07,-0.6266632799400143,success,9.544999999999998,world_125.world,7.940600935402479,0.5
VLM,0,19,0,1.7391301323251946e-07,-1.9574134789194886,success,11.513,world_124.world,8.206309761944365,0.5
VLM,0,41,0,8.445945232605977e-08,-10.417248230898505,success,23.682000000000002,world_124.world,8.206309761944365,0.3465209763509992
VLM,0,21,0,1.5822782306521788e-07,-2.8791245494220203,success,12.655999999999999,world_124.world,8.206309761944365,0.5
VLM,0,74,0,0.05501622491834374,-15.644786459409591,success,43.285,world_123.world,8.351860774453773,0.19295046261877724
VLM,0,24,0,1.4204543436854627e-07,-6.698265663495202,success,14.087000000000002,world_123.world,8.351860774453773,0.5
VLM,0,32,3,0.6770053821384618,-15.359732359395673,collision,18.712000000000003,world_123.world,8.351860774453773,0.0
VLM,0,19,0,1.7452003935077848e-07,-1.5581276954346157,success,11.464,world_122.world,8.26882234942228,0.5
VLM,0,19,0,1.7605630703234033e-07,-1.9649980641357927,success,11.363999999999999,world_122.world,8.26882234942228,0.5
VLM,0,21,0,0.0033169148728167713,-1.7227756825666747,success,12.074000000000002,world_122.world,8.26882234942228,0.5
VLM,0,22,0,1.5624997558594132e-07,-5.57327118588407,success,12.804000000000002,world_121.world,8.086528592188191,0.5
VLM,0,20,0,1.6778520674744855e-07,-3.4211886182595994,success,11.940000000000001,world_121.world,8.086528592188191,0.5
VLM,0,17,0,1.9841265904510736e-07,-1.6583338489410593,success,10.087,world_121.world,8.086528592188191,0.5
VLM,0,17,0,1.901140322977125e-07,-0.7190403509128431,success,10.518,world_120.world,7.642964254777576,0.5
VLM,0,18,0,1.8587357139896445e-07,-0.9143528138921243,success,10.762,world_120.world,7.642964254777576,0.5
VLM,0,18,0,1.8761722558776257e-07,-0.7311814579723015,success,10.674000000000001,world_120.world,7.642964254777576,0.5
VLM,0,16,0,2.1186436189314368e-07,-0.7193429220185218,success,9.449,world_119.world,8.04011850367356,0.5
VLM,0,17,0,1.9999996000000803e-07,-0.8909961098465446,success,10.013000000000002,world_119.world,8.04011850367356,0.5
VLM,0,16,0,2.105262714681534e-07,-0.6905104002717027,success,9.523,world_119.world,8.04011850367356,0.5
VLM,0,24,0,1.4388487138347175e-07,-4.91952636397352,success,13.914,world_118.world,8.286531889905214,0.5
VLM,0,21,0,1.6181227155141238e-07,-3.5636973960284504,success,12.38,world_118.world,8.286531889905214,0.5
VLM,0,21,0,1.5923564343381477e-07,-4.0524369832933465,success,12.559,world_118.world,8.286531889905214,0.5
VLM,0,18,0,1.8903588108962553e-07,-2.102591386039466,success,10.626000000000001,world_117.world,9.082600245261535,0.5
VLM,0,19,0,1.8115938747112548e-07,-1.9992868513406161,success,11.057,world_117.world,9.082600245261535,0.5
VLM,0,18,0,1.901140322977125e-07,-2.1070400970796244,success,10.532,world_117.world,9.082600245261535,0.5
VLM,0,23,0,1.497005763921293e-07,-3.1449229222759083,success,13.363000000000001,world_116.world,8.263270357397584,0.5
VLM,0,22,0,1.5698584662702567e-07,-3.494387063523768,success,12.770000000000001,world_116.world,8.263270357397584,0.5
VLM,0,22,0,1.5432096383935745e-07,-2.6078478631215636,success,12.982,world_116.world,8.263270357397584,0.5
VLM,0,19,0,1.8050538258025587e-07,-1.879530724154881,success,11.094,world_115.world,7.913606026165007,0.5
VLM,0,19,0,1.7543856571253234e-07,-2.534398766458061,success,11.412,world_115.world,7.913606026165007,0.5
VLM,0,20,0,1.700679982877554e-07,-3.4107270717327314,success,11.768,world_115.world,7.913606026165007,0.5
VLM,0,35,3,0.58144130489227,-14.572699015398339,collision,20.264,world_114.world,7.836260874827511,0.0
VLM,0,16,0,2.0964356191958872e-07,-1.1816704627675299,success,9.552,world_114.world,7.836260874827511,0.5
VLM,0,17,0,1.9920314756909414e-07,-1.4662590037060257,success,10.054000000000002,world_114.world,7.836260874827511,0.5
VLM,0,15,2,2.1691969264214913e-07,-0.43489968154730796,collision,9.241999999999999,world_113.world,8.193475167563369,0.0
VLM,0,34,3,0.40688265112523775,-6.2972305065260334,collision,19.790999999999997,world_113.world,8.193475167563369,0.0
VLM,0,68,6,0.7158163410297785,-39.38249518112812,collision,39.205,world_113.world,8.193475167563369,0.0
VLM,0,24,0,1.4388487138347175e-07,-4.661705478215156,success,13.899000000000001,world_112.world,8.52877630222659,0.5
VLM,0,25,0,1.3831256731499762e-07,-5.120460738596217,success,14.468000000000002,world_112.world,8.52877630222659,0.5
VLM,0,26,0,1.3440858408486775e-07,-5.075966709461077,success,14.883000000000001,world_112.world,8.52877630222659,0.5
VLM,0,21,0,1.6528922887781343e-07,-4.360445873481465,success,12.104000000000001,world_111.world,8.005659507313519,0.5
VLM,0,21,0,1.626015995769757e-07,-4.087628645982204,success,12.308,world_111.world,8.005659507313519,0.5
VLM,0,20,0,1.689188903853226e-07,-3.998382894906341,success,11.871,world_111.world,8.005659507313519,0.5
VLM,0,19,0,1.7921143741730513e-07,-2.3427659833883046,success,11.188999999999998,world_110.world,7.78493225807519,0.5
VLM,0,18,0,1.8726588253447895e-07,-1.570551772219135,success,10.7,world_110.world,7.78493225807519,0.5
VLM,0,17,0,1.9342356026623595e-07,-1.475359876701672,success,10.359000000000002,world_110.world,7.78493225807519,0.5
VLM,0,19,0,1.7857139668367917e-07,-3.0443923890879887,success,11.216000000000001,world_109.world,8.324773821860362,0.5
VLM,0,20,0,1.7182127631936836e-07,-3.3593061143108045,success,11.669999999999998,world_109.world,8.324773821860362,0.5
VLM,0,19,0,1.8083179370130316e-07,-2.0842440469022163,success,11.094,world_109.world,8.324773821860362,0.5
VLM,0,30,0,0.001140364750243472,-6.554294375350945,success,17.561,world_108.world,7.839549742510147,0.4464181847565712
VLM,0,68,1,0.4700722667661369,-25.488773145779568,success,38.847,world_108.world,7.839549742510147,0.0
VLM,0,28,2,0.4476534960705781,-8.767284357454848,collision,16.633000000000003,world_108.world,7.839549742510147,0.0
VLM,0,23,0,1.468428565575835e-07,-3.422428302114865,success,13.624,world_107.world,8.252165035604982,0.5
VLM,0,23,0,1.4814812620027762e-07,-3.399829745045169,success,13.519,world_107.world,8.252165035604982,0.5
VLM,0,24,0,1.4184395151149624e-07,-4.7675817853890985,success,14.121,world_107.world,8.252165035604982,0.5
VLM,0,40,5,0.8019281505759728,-28.681576095166104,collision,22.838,world_106.world,7.976636803178238,0.0
VLM,0,20,0,1.6611292921712142e-07,-3.134011322173247,success,12.049000000000001,world_106.world,7.976636803178238,0.5
VLM,0,21,0,1.6155086243120157e-07,-3.1650453892060106,success,12.402,world_106.world,7.976636803178238,0.5
VLM,0,21,0,1.628664229859246e-07,-3.925227723224564,success,12.281,world_105.world,8.212060772852059,0.5
VLM,0,20,0,1.6977925810199355e-07,-3.136939515794785,success,11.779000000000002,world_105.world,8.212060772852059,0.5
VLM,0,21,0,1.6103056988235592e-07,-4.282711413475615,success,12.422,world_105.world,8.212060772852059,0.5
VLM,0,21,0,1.6207452802681882e-07,-3.2410253640713185,success,12.382,world_104.world,9.38458633589459,0.5
VLM,0,56,3,0.46996248623513853,-19.86743633450335,collision,31.967,world_104.world,9.38458633589459,0.0
VLM,0,22,0,1.5624997558594132e-07,-2.969434645993946,success,12.802,world_104.world,9.38458633589459,0.5
VLM,0,22,0,1.540831811890322e-07,-2.9528220640928695,success,12.99,world_103.world,8.957754143673563,0.5
VLM,0,22,0,1.56494498201174e-07,-2.9446091733679567,success,12.786999999999999,world_103.world,8.957754143673563,0.5
VLM,0,22,1,0.0031057448593563887,-2.5163105031326873,success,12.881,world_103.world,8.957754143673563,0.0
VLM,0,44,0,0.012019309934350166,-13.938688480125196,success,24.964,world_102.world,8.31033103070008,0.33289260658148057
VLM,0,40,0,0.025483389676327798,-10.166959310083842,success,22.809000000000005,world_102.world,8.31033103070008,0.3643443829497163
VLM,0,40,1,0.00941789302928998,-10.398031440563635,success,23.367,world_102.world,8.31033103070008,0.0
VLM,0,17,0,1.9960075856272286e-07,-1.7764594202075952,success,10.03,world_101.world,8.043651759318303,0.5
VLM,0,37,4,0.5622162068831783,-7.931938540781827,collision,22.036,world_101.world,8.043651759318303,0.0
VLM,0,18,0,1.897532846767961e-07,-2.2016021731442152,success,10.541999999999998,world_101.world,8.043651759318303,0.5
VLM,0,18,0,1.869158529129247e-07,-1.7266109238812988,success,10.705999999999998,world_100.world,7.710418300975051,0.5
VLM,0,17,0,1.9841265904510736e-07,-0.8840622195428903,success,10.086999999999998,world_100.world,7.710418300975051,0.5
VLM,0,17,0,2.0161286257805191e-07,-1.2494303043499253,success,9.935,world_100.world,7.710418300975051,0.5
VLM,0,39,3,0.44355560501727953,-18.065508183896803,collision,22.508,world_99.world,8.762009355181966,0.0
VLM,0,30,2,0.6109840262032007,-18.470848325399416,collision,17.492,world_99.world,8.762009355181966,0.0
VLM,0,28,3,0.29331691914394564,-8.908736604900314,collision,16.168999999999997,world_99.world,8.762009355181966,0.0
VLM,0,17,0,1.9801976276836382e-07,-1.4282885868502597,success,10.126999999999999,world_98.world,8.013904791833717,0.5
VLM,0,18,0,1.9083965823670646e-07,-1.537041000301402,success,10.509,world_98.world,8.013904791833717,0.5
VLM,0,17,0,1.9685035495071754e-07,-1.7252043824190886,success,10.246999999999998,world_98.world,8.013904791833717,0.5
VLM,0,53,1,0.0521173255949625,-17.37167844342228,success,30.701999999999998,world_97.world,8.744001349522417,0.0
VLM,0,31,3,0.3479730463994317,-9.853959187681841,collision,17.776000000000003,world_97.world,8.744001349522417,0.0
VLM,0,28,3,0.3272059648031906,-9.287445509987219,collision,16.323,world_97.world,8.744001349522417,0.0
VLM,0,19,0,1.757468935418465e-07,-2.150632231350442,success,11.397,world_96.world,8.233773212154066,0.5
VLM,0,19,0,1.7331019526686392e-07,-2.81697757102099,success,11.561,world_96.world,8.233773212154066,0.5
VLM,0,19,0,1.7857139668367917e-07,-2.185871425879705,success,11.209999999999999,world_96.world,8.233773212154066,0.5
VLM,0,19,0,1.7605630703234033e-07,-2.8694234757583588,success,11.365000000000002,world_95.world,9.649307432794064,0.5
VLM,0,19,0,1.7953318141235524e-07,-2.69355325127288,success,11.149999999999999,world_95.world,9.649307432794064,0.5
VLM,0,22,0,1.5552097114759394e-07,-3.6593534088114583,success,12.865,world_95.world,9.649307432794064,0.5
VLM,0,23,0,1.4662754448276476e-07,-5.080226310411089,success,13.770000000000001,world_94.world,7.874110368727349,0.5
VLM,0,25,0,0.13535923544761944,-3.8417266501073217,success,14.495,world_94.world,7.874110368727349,0.5
VLM,0,23,0,1.5015012760508597e-07,-4.346105324067782,success,13.341,world_94.world,7.874110368727349,0.5
VLM,0,26,0,1.314060274105089e-07,-4.745400551654733,success,15.224,world_93.world,8.737123788614076,0.5
VLM,0,25,0,1.3831256731499762e-07,-4.936962851112051,success,14.475000000000001,world_93.world,8.737123788614076,0.5
VLM,0,20,2,0.003384263386757465,-4.2145516988446605,collision,11.820000000000002,world_93.world,8.737123788614076,0.0
VLM,0,32,3,0.6401718968666061,-11.900289397789185,collision,18.628,world_92.world,8.426405905836614,0.0
VLM,0,20,0,1.706484350429292e-07,-1.9828427123444101,success,11.735000000000001,world_92.world,8.426405905836614,0.5
VLM,0,20,0,1.706484350429292e-07,-1.9753600123605222,success,11.723,world_92.world,8.426405905836614,0.5
VLM,0,38,5,0.7271898059133388,-11.596592240098659,collision,21.939000000000004,world_91.world,8.651211523244614,0.0
VLM,0,17,0,1.9762841944102384e-07,-1.4426322547372163,success,10.118999999999998,world_91.world,8.651211523244614,0.5
VLM,0,18,0,1.9047615419501827e-07,-1.5691981388645617,success,10.515,world_91.world,8.651211523244614,0.5
VLM,0,22,0,1.5748029016058424e-07,-4.372668171744541,success,12.706000000000001,world_90.world,8.915313973228162,0.5
VLM,0,22,0,1.557632156132063e-07,-4.599221332334149,success,12.844999999999999,world_90.world,8.915313973228162,0.5
VLM,0,25,0,1.398601202992839e-07,-5.905928593956399,success,14.306000000000001,world_90.world,8.915313973228162,0.5
VLM,0,24,0,1.4347200237130527e-07,-4.178192105191273,success,13.947999999999999,world_89.world,8.277057943766925,0.5
VLM,0,24,0,0.008695795841189008,-3.93023664827238,success,13.813999999999998,world_89.world,8.277057943766925,0.5
VLM,0,29,0,1.1990406236162322e-07,-6.583618573600265,success,16.677999999999997,world_89.world,8.277057943766925,0.4962860021445573
VLM,0,19,0,1.8050538258025587e-07,-1.1869793210010897,success,11.083,world_88.world,8.22603682618968,0.5
VLM,0,18,0,1.869158529129247e-07,-1.840728702015963,success,10.713,world_88.world,8.22603682618968,0.5
VLM,0,18,0,1.901140322977125e-07,-1.2786679174668358,success,10.536999999999999,world_88.world,8.22603682618968,0.5
VLM,0,18,0,1.8939390352388194e-07,-1.5055550402738438,success,10.623,world_87.world,7.965846176566169,0.5
VLM,0,18,0,1.901140322977125e-07,-1.8110615202092077,success,10.535,world_87.world,7.965846176566169,0.5
VLM,0,18,0,1.883238816715854e-07,-1.8070448237009962,success,10.622999999999998,world_87.world,7.965846176566169,0.5
VLM,0,19,0,1.766784140144145e-07,-0.6935344399023861,success,11.332,world_86.world,8.086051833195288,0.5
VLM,0,20,0,1.700679982877554e-07,-0.9852128513009667,success,11.778999999999998,world_86.world,8.086051833195288,0.5
VLM,0,21,0,1.6233763598415e-07,-1.1140040278891103,success,12.334000000000001,world_86.world,8.086051833195288,0.5
VLM,0,25,0,1.362397634550731e-07,-4.690841562020239,success,14.676,world_85.world,8.49776588751143,0.5
VLM,0,62,0,0.003950394810925801,-11.59382478966323,success,35.492,world_85.world,8.49776588751143,0.2394276424972228
VLM,0,23,0,1.5105737899435365e-07,-3.2886488987719704,success,13.257,world_85.world,8.49776588751143,0.5
VLM,0,21,0,1.628664229859246e-07,-2.3514916830198147,success,12.281999999999998,world_84.world,7.7946843634494,0.5
VLM,0,20,0,1.6638932339611925e-07,-2.337330079211615,success,12.043,world_84.world,7.7946843634494,0.5
VLM,0,22,0,1.5479873764725425e-07,-3.0049162030984253,success,12.954999999999998,world_84.world,7.7946843634494,0.5
VLM,0,26,0,1.3192610396753248e-07,-7.116386673993477,success,15.169999999999998,world_83.world,8.267190471112068,0.5
VLM,0,24,0,0.004335403997773989,-5.189206805432516,success,13.855,world_83.world,8.267190471112068,0.5
VLM,0,28,0,1.2330454706479074e-07,-8.553242274833629,success,16.229,world_83.world,8.267190471112068,0.5
VLM,0,46,1,0.4731670844166981,-17.359506741930492,success,26.462,world_82.world,8.958164793488972,0.0
VLM,0,51,1,0.4924346979068296,-21.110385675884412,success,29.112000000000002,world_82.world,8.958164793488972,0.0
VLM,0,31,0,0.015486834570040424,-5.7987721333034665,success,18.097,world_82.world,8.958164793488972,0.49500827725528934
VLM,0,20,0,1.721170099626489e-07,-3.9573192044754126,success,11.636,world_81.world,8.068852074309877,0.5
VLM,0,21,0,1.6366609432633482e-07,-4.058971693677077,success,12.232,world_81.world,8.068852074309877,0.5
VLM,0,21,0,0.008237395677529543,-4.174220373127557,success,12.150999999999998,world_81.world,8.068852074309877,0.5
VLM,0,17,0,1.9685035495071754e-07,-1.7562128677401831,success,10.172,world_80.world,8.100313695246186,0.5
VLM,0,19,0,1.7889084456335518e-07,-2.5955360963416805,success,11.19,world_80.world,8.100313695246186,0.5
VLM,0,17,0,1.9960075856272286e-07,-1.512876119699447,success,10.028,world_80.world,8.100313695246186,0.5
VLM,0,19,0,0.0017732266359527242,-2.0935075437558517,success,11.284999999999998,world_79.world,7.9152425094789844,0.5
VLM,0,18,0,1.8726588253447895e-07,-1.8746352830510575,success,10.694,world_79.world,7.9152425094789844,0.5
VLM,0,20,0,1.709401417196339e-07,-1.8971095630202177,success,11.709,world_79.world,7.9152425094789844,0.5
VLM,0,18,0,1.8903588108962553e-07,-0.5067425196067176,success,10.62,world_78.world,8.307917259957843,0.5
VLM,0,18,0,1.9120455235094604e-07,-0.42264922438216646,success,10.477000000000002,world_78.world,8.307917259957843,0.5
VLM,0,17,0,2.004007614427332e-07,-0.5013351344951783,success,9.984,world_78.world,8.307917259957843,0.5
VLM,0,24,0,1.4005600279327693e-07,-4.347422320925136,success,14.293,world_77.world,7.858846823156121,0.5
VLM,0,24,0,1.4430012347761569e-07,-4.813092078375178,success,13.875,world_77.world,7.858846823156121,0.5
VLM,0,25,0,1.381215278837669e-07,-4.919050656588896,success,14.484,world_77.world,7.858846823156121,0.5
VLM,0,21,0,1.6155086243120157e-07,-3.933155986490063,success,12.395999999999999,world_76.world,8.134191097866879,0.5
VLM,0,23,0,1.4836793050920914e-07,-4.409531555756765,success,13.495000000000001,world_76.world,8.134191097866879,0.5
VLM,0,24,0,1.4367814027612928e-07,-4.917170038682042,success,13.927,world_76.world,8.134191097866879,0.5
VLM,0,18,0,1.879698894793441e-07,-1.9995219358370522,success,10.647,world_75.world,8.598515422056995,0.5
VLM,0,17,0,1.919385428140993e-07,-1.8622235418513466,success,10.427000000000001,world_75.world,8.598515422056995,0.5
VLM,0,18,0,1.9083965823670646e-07,-1.9652012888870578,success,10.525,world_75.world,8.598515422056995,0.5
VLM,0,16,0,2.127659121774655e-07,-1.3298456529734257,success,9.417000000000002,world_74.world,7.681679114277142,0.5
VLM,0,17,0,1.9960075856272286e-07,-1.1563426900766745,success,10.034000000000002,world_74.world,7.681679114277142,0.5
VLM,0,16,0,2.1367516801812652e-07,-1.2036582378310308,success,9.378,world_74.world,7.681679114277142,0.5
VLM,0,18,0,1.869158529129247e-07,-2.3360415289022023,success,10.704,world_73.world,7.662817528720334,0.5
VLM,0,18,0,1.8450181097752567e-07,-2.697947811054052,success,10.847999999999999,world_73.world,7.662817528720334,0.5
VLM,0,19,0,1.8083179370130316e-07,-2.3576721731157595,success,11.072,world_73.world,7.662817528720334,0.5
VLM,0,23,0,0.020558146760918244,-4.674322633435185,success,13.623000000000001,world_72.world,9.048141684378571,0.5
VLM,0,24,0,1.422474904342119e-07,-4.965285172024427,success,14.061999999999998,world_72.world,9.048141684378571,0.5
VLM,0,24,0,1.4245012215810227e-07,-4.814684554499223,success,14.06,world_72.world,9.048141684378571,0.5
VLM,0,17,0,1.9999996000000803e-07,-0.29463413358773544,success,10.013,world_71.world,8.454422867423581,0.5
VLM,0,17,0,1.9880711753337627e-07,-0.3515472496506494,success,10.059999999999999,world_71.world,8.454422867423581,0.5
VLM,0,16,0,2.0408159100375695e-07,-0.34503304694096965,success,9.808000000000002,world_71.world,8.454422867423581,0.5
VLM,0,18,0,1.8315014960619973e-07,-1.645378499652418,success,10.932,world_70.world,8.555485396665695,0.5
VLM,0,17,0,1.9267819023541616e-07,-1.1240921670695916,success,10.434,world_70.world,8.555485396665695,0.5
VLM,0,18,0,1.8518515089163875e-07,-1.219614654157821,success,10.862000000000002,world_70.world,8.555485396665695,0.5
VLM,0,32,0,0.001073068554391786,-7.466432976827995,success,18.643,world_69.world,8.295894615687171,0.4449871059211056
VLM,0,96,3,0.3803836633954519,-42.01161891449579,collision,55.278999999999996,world_69.world,8.295894615687171,0.0
VLM,0,36,0,9.569377074700759e-08,-13.053400471600046,success,20.951,world_69.world,8.295894615687171,0.3959665226331522
VLM,0,19,0,1.7985608275969736e-07,-1.8415438432813271,success,11.136,world_68.world,7.992671380754568,0.5
VLM,0,18,0,1.8761722558776257e-07,-1.9262945792962984,success,10.681000000000001,world_68.world,7.992671380754568,0.5
VLM,0,18,0,1.897532846767961e-07,-1.8673109196265625,success,10.543,world_68.world,7.992671380754568,0.5
VLM,0,20,0,1.715265571995614e-07,-2.153052943313631,success,11.665000000000001,world_67.world,8.137590764596517,0.5
VLM,0,25,0,1.3774102785936258e-07,-5.050601175750053,success,14.525999999999998,world_67.world,8.137590764596517,0.5
VLM,0,18,0,1.9083965823670646e-07,-2.0170917633246197,success,10.583999999999998,world_67.world,8.137590764596517,0.5
VLM,0,20,0,1.721170099626489e-07,-2.343353193951693,success,11.636,world_66.world,8.431327419200922,0.5
VLM,0,68,3,0.4459116584097685,-15.975152933673822,collision,39.385,world_66.world,8.431327419200922,0.0
VLM,0,19,0,1.7857139668367917e-07,-2.4638969396381842,success,11.215,world_66.world,8.431327419200922,0.5
VLM,0,16,0,2.1097041962649376e-07,-1.103281190918077,success,9.527000000000001,world_65.world,7.784881350694137,0.5
VLM,0,16,0,2.0746883662472272e-07,-0.9412102280544098,success,9.653,world_65.world,7.784881350694137,0.5
VLM,0,17,0,1.9723861987403949e-07,-1.2908264771237123,success,10.155999999999999,world_65.world,7.784881350694137,0.5
VLM,0,22,0,1.5479873764725425e-07,-4.7540104947512845,success,12.929000000000002,world_64.world,8.299052786270355,0.5
VLM,0,23,0,1.4836793050920914e-07,-4.334109822371756,success,13.485999999999999,world_64.world,8.299052786270355,0.5
VLM,0,23,0,1.494768087478612e-07,-5.043662216900913,success,13.414,world_64.world,8.299052786270355,0.5
VLM,0,21,0,1.628664229859246e-07,-4.344976714950276,success,12.297,world_63.world,8.142136090349757,0.5
VLM,0,19,0,1.7301035069025076e-07,-3.927033431741648,success,11.642,world_63.world,8.142136090349757,0.5
VLM,0,19,0,1.769911191166161e-07,-3.938515038137948,success,11.317,world_63.world,8.142136090349757,0.5
VLM,0,16,0,2.1097041962649376e-07,-0.17811794009078571,success,9.489,world_62.world,7.789669185797129,0.5
VLM,0,16,0,2.070392946088417e-07,-0.19070410902738463,success,9.677,world_62.world,7.789669185797129,0.5
VLM,0,15,0,2.1834056368109966e-07,-0.18960457727398894,success,9.253,world_62.world,7.789669185797129,0.5
VLM,0,17,0,1.9685035495071754e-07,-0.4688674718688586,success,10.177,world_61.world,7.90488192076935,0.5
VLM,0,17,0,1.9960075856272286e-07,-0.4507512269927667,success,10.038999999999998,world_61.world,7.90488192076935,0.5
VLM,0,17,0,1.9999996000000803e-07,-0.4251316486418739,success,10.018,world_61.world,7.90488192076935,0.5
VLM,0,16,0,2.0661152755960177e-07,-1.0081572209521117,success,9.699,world_60.world,8.1793502054952,0.5
VLM,0,17,0,1.9999996000000803e-07,-0.9295514621842934,success,10.003,world_60.world,8.1793502054952,0.5
VLM,0,16,0,2.0964356191958872e-07,-1.243839624928217,success,9.549,world_60.world,8.1793502054952,0.5
VLM,0,20,0,1.692047091024181e-07,-2.22082394864653,success,11.848,world_59.world,8.195378268581361,0.5
VLM,0,21,0,1.6339866611132909e-07,-2.4567588615360463,success,12.241,world_59.world,8.195378268581361,0.5
VLM,0,19,0,1.7761986187924301e-07,-2.1476566707354,success,11.27,world_59.world,8.195378268581361,0.5
VLM,0,19,0,1.818181487603366e-07,-2.8029155656842826,success,11.015,world_58.world,8.561860718112822,0.5
VLM,0,18,0,1.88679209683168e-07,-1.8911359281507916,success,10.614999999999998,world_58.world,8.561860718112822,0.5
VLM,0,19,1,0.009058150532943744,-1.560415553076667,success,11.05,world_58.world,8.561860718112822,0.0
VLM,0,18,0,1.9120455235094604e-07,-2.6798798760679308,success,10.468,world_57.world,8.325250746080222,0.5
VLM,0,23,0,1.4903127436195615e-07,-5.243571239669568,success,13.434,world_57.world,8.325250746080222,0.5
VLM,0,18,0,1.8518515089163875e-07,-3.209375120710002,success,10.819,world_57.world,8.325250746080222,0.5
VLM,0,17,0,2.004007614427332e-07,-1.5110716707694651,success,9.984999999999998,world_56.world,8.14825227129895,0.5
VLM,0,17,0,2.0080317252948344e-07,-1.3935115198657815,success,9.966000000000001,world_56.world,8.14825227129895,0.5
VLM,0,16,0,2.1097041962649376e-07,-1.2805475549946121,success,9.490999999999998,world_56.world,8.14825227129895,0.5
VLM,0,19,0,1.7985608275969736e-07,-3.1460013848691473,success,11.133000000000001,world_55.world,7.972038590337743,0.5
VLM,0,24,0,1.398601202992839e-07,-6.059720166098891,success,14.317,world_55.world,7.972038590337743,0.5
VLM,0,20,0,1.706484350429292e-07,-3.481238125078228,success,11.724999999999998,world_55.world,7.972038590337743,0.5
VLM,0,16,0,2.0746883662472272e-07,-0.09306943217604832,success,9.638999999999998,world_54.world,7.937059993858295,0.5
VLM,0,16,0,2.105262714681534e-07,-0.13592648918077008,success,9.505999999999998,world_54.world,7.937059993858295,0.5
VLM,0,16,0,2.12314179975758e-07,-0.1409595898552654,success,9.426,world_54.world,7.937059993858295,0.5
VLM,0,16,0,2.0576127453471718e-07,-0.07866600553991644,success,9.73,world_53.world,8.137162957850254,0.5
VLM,0,16,0,2.105262714681534e-07,-0.081271795848682,success,9.573999999999998,world_53.world,8.137162957850254,0.5
VLM,0,15,0,2.1834056368109966e-07,-0.06459805468433565,success,9.176,world_53.world,8.137162957850254,0.5
VLM,0,20,0,1.689188903853226e-07,-4.6243093604490735,success,11.861,world_52.world,8.908826053052014,0.5
VLM,0,20,0,1.6835014000839396e-07,-5.3636531240685175,success,11.900999999999998,world_52.world,8.908826053052014,0.5
VLM,0,21,0,1.6181227155141238e-07,-5.1319908329958155,success,12.361999999999998,world_52.world,8.908826053052014,0.5
VLM,0,17,0,1.9723861987403949e-07,-1.6328375419467214,success,10.142999999999999,world_51.world,8.428638485368548,0.5
VLM,0,20,0,0.06666682621079895,-3.082154450161347,success,11.713999999999999,world_51.world,8.428638485368548,0.5
VLM,0,17,0,1.9880711753337627e-07,-1.4322230351410248,success,10.063,world_51.world,8.428638485368548,0.5
VLM,0,18,0,1.8939390352388194e-07,-1.025800936032048,success,10.57,world_50.world,8.136260874827512,0.5
VLM,0,17,0,1.9920314756909414e-07,-1.1387032408740325,success,10.049000000000001,world_50.world,8.136260874827512,0.5
VLM,0,17,0,2.004007614427332e-07,-1.012513699803493,success,9.993999999999998,world_50.world,8.136260874827512,0.5
VLM,0,21,4,0.3126024038293938,-1.0235016647141242,collision,12.232999999999999,world_49.world,9.849313256116805,0.0
VLM,0,51,0,0.52267972626101,-22.28494391783936,success,28.689000000000004,world_49.world,9.849313256116805,0.3433132300225453
VLM,0,19,0,1.7793591139930404e-07,-3.1356409313882607,success,11.248,world_49.world,9.849313256116805,0.5
VLM,0,17,0,1.9762841944102384e-07,-0.6101545244140065,success,10.129,world_48.world,7.723639668622052,0.5
VLM,0,17,0,1.9880711753337627e-07,-0.5061254349023934,success,10.097999999999999,world_48.world,7.723639668622052,0.5
VLM,0,16,0,2.0876822363920176e-07,-0.4906999030805627,success,9.593,world_48.world,7.723639668622052,0.5
VLM,0,16,0,2.1097041962649376e-07,-0.5317792352712386,success,9.492,world_47.world,7.978430289997688,0.5
VLM,0,16,0,2.092049771537705e-07,-0.45234392731107254,success,9.568000000000001,world_47.world,7.978430289997688,0.5
VLM,0,16,0,2.0876822363920176e-07,-0.4955867779932244,success,9.585999999999999,world_47.world,7.978430289997688,0.5
VLM,0,74,0,0.004752899013645484,-39.32867894228297,success,42.097,world_46.world,8.128776611550942,0.19309633968099726
VLM,0,23,0,1.4792897219985618e-07,-4.390369595254932,success,13.517999999999999,world_46.world,8.128776611550942,0.5
VLM,0,25,0,1.3717419243152368e-07,-5.675250694727276,success,14.597,world_46.world,8.128776611550942,0.5
VLM,0,16,0,2.070392946088417e-07,-0.0637195154100488,success,9.669,world_45.world,8.507345602053446,0.5
VLM,0,16,0,2.1141644578933496e-07,-0.08534399501221424,success,9.475,world_45.world,8.507345602053446,0.5
VLM,0,15,0,2.2421519636430577e-07,-0.0695632821433133,success,8.927999999999999,world_45.world,8.507345602053446,0.5
VLM,0,17,0,2.028397154483336e-07,-0.6333408206516185,success,9.961000000000002,world_44.world,7.979286410739421,0.5
VLM,0,16,0,2.0964356191958872e-07,-0.5825791524114445,success,9.549000000000001,world_44.world,7.979286410739421,0.5
VLM,0,18,0,1.8903588108962553e-07,-0.6205399979399202,success,10.596000000000002,world_44.world,7.979286410739421,0.5
VLM,0,15,0,2.1786487628216205e-07,-0.566341910891794,success,9.194999999999999,world_43.world,8.109232491626438,0.5
VLM,0,16,0,2.092049771537705e-07,-0.6120494451951886,success,9.579999999999998,world_43.world,8.109232491626438,0.5
VLM,0,17,0,1.9960075856272286e-07,-0.8526112266300463,success,10.084,world_43.world,8.109232491626438,0.5
VLM,0,18,0,1.8761722558776257e-07,-2.0447724697285325,success,10.662,world_42.world,8.078518849674825,0.5
VLM,0,17,0,2.004007614427332e-07,-2.249945782401228,success,10.0,world_42.world,8.078518849674825,0.5
VLM,0,17,0,2.004007614427332e-07,-2.158673419630118,success,9.985,world_42.world,8.078518849674825,0.5
VLM,0,16,0,2.0661152755960177e-07,-1.1337693897185785,success,9.769,world_41.world,8.41676640181258,0.5
VLM,0,16,0,1.9880711753337627e-07,-1.425631263760392,success,10.063999999999998,world_41.world,8.41676640181258,0.5
VLM,0,17,0,2.0080317252948344e-07,-1.2776946272032452,success,9.98,world_41.world,8.41676640181258,0.5
VLM,0,18,0,1.88679209683168e-07,-1.046761236352051,success,10.608000000000002,world_40.world,7.91606639191294,0.5
VLM,0,18,0,1.869158529129247e-07,-1.0996333108655314,success,10.706,world_40.world,7.91606639191294,0.5
VLM,0,19,0,1.7825308765542112e-07,-1.0067458887202017,success,11.225,world_40.world,7.91606639191294,0.5
VLM,0,20,0,1.6583745176825015e-07,-3.5674516374298917,success,12.089,world_39.world,8.383492590770384,0.5
VLM,0,20,0,1.6977925810199355e-07,-3.5621523571214824,success,11.804,world_39.world,8.383492590770384,0.5
VLM,0,50,4,0.8188105242869623,-37.09826251607931,collision,28.940999999999995,world_39.world,8.383492590770384,0.0
VLM,0,17,0,1.95694677946247e-07,-1.154169881849384,success,10.23,world_38.world,7.823793764091686,0.5
VLM,0,17,0,1.9762841944102384e-07,-1.0345779125521561,success,10.159999999999998,world_38.world,7.823793764091686,0.5
VLM,0,16,0,2.092049771537705e-07,-1.0566548245814884,success,9.568,world_38.world,7.823793764091686,0.5
VLM,0,16,0,2.105262714681534e-07,-0.33166545927275326,success,9.514999999999999,world_37.world,8.126611785765261,0.5
VLM,0,16,0,2.1367516801812652e-07,-0.44601860392599907,success,9.360999999999999,world_37.world,8.126611785765261,0.5
VLM,0,16,0,2.105262714681534e-07,-0.45186455997589237,success,9.504,world_37.world,8.126611785765261,0.5
VLM,0,15,0,2.2172944085821714e-07,-0.43758091097432383,success,9.026000000000002,world_36.world,7.866330220037212,0.5
VLM,0,16,0,2.1097041962649376e-07,-0.37653730184948714,success,9.499999999999998,world_36.world,7.866330220037212,0.5
VLM,0,16,0,2.0790016467772047e-07,-0.442791721774743,success,9.639,world_36.world,7.866330220037212,0.5
VLM,0,19,0,1.7825308765542112e-07,-2.6231264167896304,success,11.224999999999998,world_35.world,8.057087722477611,0.5
VLM,0,21,0,1.626015995769757e-07,-3.903055406934892,success,12.305,world_35.world,8.057087722477611,0.5
VLM,0,19,0,1.8018014771528872e-07,-2.743557396479996,success,11.116,world_35.world,8.057087722477611,0.5
VLM,0,18,0,1.8656712937180424e-07,-0.7968635716917299,success,10.721,world_34.world,8.232892546850593,0.5
VLM,0,17,0,1.953124618530348e-07,-0.6830508669247866,success,10.243,world_34.world,8.232892546850593,0.5
VLM,0,16,0,2.092049771537705e-07,-0.7428562831079664,success,9.561000000000002,world_34.world,8.232892546850593,0.5
VLM,0,24,0,1.4409219825760834e-07,-4.939318367829784,success,13.898,world_33.world,8.084455348965788,0.5
VLM,0,22,0,1.5748029016058424e-07,-5.0645347787178405,success,12.719000000000001,world_33.world,8.084455348965788,0.5
VLM,0,21,0,1.597443834274148e-07,-5.586679944147209,success,12.531,world_33.world,8.084455348965788,0.5
VLM,0,19,0,1.7921143741730513e-07,-0.9628195238939334,success,11.17,world_32.world,7.885459226651822,0.5
VLM,0,18,0,1.8587357139896445e-07,-0.8049303342988762,success,10.776,world_32.world,7.885459226651822,0.5
VLM,0,19,0,1.8018014771528872e-07,-1.1150080332435692,success,11.119,world_32.world,7.885459226651822,0.5
VLM,0,19,0,1.7857139668367917e-07,-2.1809384329985906,success,11.2,world_31.world,9.167567699214853,0.5
VLM,0,20,0,1.694914966963565e-07,-1.9937444126327573,success,11.817999999999998,world_31.world,9.167567699214853,0.5
VLM,0,19,0,1.757468935418465e-07,-1.8250750625557712,success,11.385000000000002,world_31.world,9.167567699214853,0.5
VLM,0,29,0,1.200480047961579e-07,-5.550940276331238,success,16.681,world_30.world,8.334769441907351,0.4996564619571579
VLM,0,18,0,1.8382349562068098e-07,-2.90647326641727,success,10.887,world_30.world,8.334769441907351,0.5
VLM,0,20,0,1.709401417196339e-07,-3.0739995228420542,success,11.712000000000002,world_30.world,8.334769441907351,0.5
VLM,0,24,0,1.4005600279327693e-07,-5.791182864728128,success,14.299,world_29.world,8.005103129808365,0.5
VLM,0,18,0,1.879698894793441e-07,-0.7445607650258046,success,10.643,world_29.world,8.005103129808365,0.5
VLM,0,23,2,0.7021898244978358,-11.617765631730922,collision,13.699000000000002,world_29.world,8.005103129808365,0.0
VLM,0,16,0,2.1141644578933496e-07,-0.29558734133023784,success,9.483,world_28.world,8.273013727055181,0.5
VLM,0,16,0,2.0833328993056462e-07,-0.28960583302429144,success,9.680000000000001,world_28.world,8.273013727055181,0.5
VLM,0,16,0,2.1097041962649376e-07,-0.3054351667964811,success,9.481,world_28.world,8.273013727055181,0.5
VLM,0,24,0,1.4388487138347175e-07,-4.317916811138236,success,13.902000000000001,world_27.world,9.7461734452151,0.5
VLM,0,23,0,1.494768087478612e-07,-4.512356922527675,success,13.387,world_27.world,9.7461734452151,0.5
VLM,0,26,0,1.335113306393417e-07,-5.262034847075276,success,14.995999999999999,world_27.world,9.7461734452151,0.5
VLM,0,17,0,1.9607839292580533e-07,-1.5611455751048913,success,10.203,world_26.world,8.137590764596517,0.5
VLM,0,18,0,1.8587357139896445e-07,-1.717548888444872,success,10.764999999999999,world_26.world,8.137590764596517,0.5
VLM,0,18,0,1.897532846767961e-07,-1.4041420074539215,success,10.556,world_26.world,8.137590764596517,0.5
VLM,0,23,0,1.5060238695747187e-07,-4.202469004952845,success,13.314,world_25.world,8.964642398613119,0.5
VLM,0,18,0,1.8450181097752567e-07,-2.9766105660934685,success,10.836,world_25.world,8.964642398613119,0.5
VLM,0,24,1,0.012784231138603531,-5.9642701028236385,success,14.096,world_25.world,8.964642398613119,0.0
VLM,0,17,0,1.9801976276836382e-07,-1.592831083384398,success,10.113000000000001,world_24.world,8.330207406715914,0.5
VLM,0,17,0,1.9960075856272286e-07,-1.2834102047304272,success,10.03,world_24.world,8.330207406715914,0.5
VLM,0,17,0,1.9646361562600874e-07,-1.5297170636614643,success,10.18,world_24.world,8.330207406715914,0.5
VLM,0,15,0,2.227170996175725e-07,-0.23114989981498676,success,8.996,world_23.world,8.080539346398604,0.5
VLM,0,15,0,2.2172944085821714e-07,-0.16976127773086253,success,9.034000000000002,world_23.world,8.080539346398604,0.5
VLM,0,15,0,2.2172944085821714e-07,-0.1524795255790227,success,9.039000000000001,world_23.world,8.080539346398604,0.5
VLM,0,19,0,1.7761986187924301e-07,-0.9907383949666926,success,11.276,world_22.world,9.858020142051808,0.5
VLM,0,19,0,1.7482514426133844e-07,-0.8138249388989264,success,11.452,world_22.world,9.858020142051808,0.5
VLM,0,18,0,1.8656712937180424e-07,-0.9964667740553333,success,10.737000000000002,world_22.world,9.858020142051808,0.5
VLM,0,15,0,2.1691969264214913e-07,-0.15332999321562926,success,9.235999999999999,world_21.world,8.155271571994216,0.5
VLM,0,16,0,2.0242910882001849e-07,-0.1332307791309162,success,9.876999999999999,world_21.world,8.155271571994216,0.5
VLM,0,16,0,2.0746883662472272e-07,-0.10021200117891714,success,9.648,world_21.world,8.155271571994216,0.5
VLM,0,21,0,1.6155086243120157e-07,-3.5308494393443657,success,12.379,world_20.world,8.748223030535536,0.5
VLM,0,21,0,1.6339866611132909e-07,-3.7108557673049365,success,12.256,world_20.world,8.748223030535536,0.5
VLM,0,21,0,1.5723267968039628e-07,-3.425406848341251,success,12.726999999999999,world_20.world,8.748223030535536,0.5
VLM,0,16,0,2.1186436189314368e-07,-0.29172114443754044,success,9.523,world_19.world,8.360155832410621,0.5
VLM,0,16,0,2.100839894781535e-07,-0.267127615982124,success,9.537999999999998,world_19.world,8.360155832410621,0.5
VLM,0,16,0,2.105262714681534e-07,-0.2950034711907856,success,9.51,world_19.world,8.360155832410621,0.5
VLM,0,17,0,1.9920314756909414e-07,-0.23273275066386706,success,10.043,world_18.world,8.199722798952482,0.5
VLM,0,16,0,2.092049771537705e-07,-0.27337688541815236,success,9.665000000000001,world_18.world,8.199722798952482,0.5
VLM,0,17,0,2.004007614427332e-07,-0.40668710084808907,success,9.993,world_18.world,8.199722798952482,0.5
VLM,0,16,0,2.127659121774655e-07,-1.2052017123610947,success,9.421999999999999,world_17.world,8.019333475447048,0.5
VLM,0,17,0,2.0080317252948344e-07,-1.2682462383215913,success,9.961000000000002,world_17.world,8.019333475447048,0.5
VLM,0,16,0,2.0833328993056462e-07,-1.2813602845327576,success,9.650000000000002,world_17.world,8.019333475447048,0.5
VLM,0,17,0,1.9880711753337627e-07,-0.9007299344317615,success,10.080999999999998,world_16.world,7.7050962891335395,0.5
VLM,0,17,0,2.004007614427332e-07,-0.9318066604117314,success,9.993000000000002,world_16.world,7.7050962891335395,0.5
VLM,0,16,0,2.12314179975758e-07,-1.1347824022985706,success,9.425,world_16.world,7.7050962891335395,0.5
VLM,0,24,0,1.4388487138347175e-07,-4.841618431243025,success,13.903999999999998,world_15.world,8.183135858441506,0.5
VLM,0,23,0,1.5015012760508597e-07,-3.9153738306891164,success,13.324999999999998,world_15.world,8.183135858441506,0.5
VLM,0,23,0,1.4727538331732206e-07,-4.788141069651728,success,13.579999999999998,world_15.world,8.183135858441506,0.5
VLM,0,19,0,1.8050538258025587e-07,-2.0460147235924646,success,11.097,world_14.world,8.086238508844373,0.5
VLM,0,64,0,0.00385043983220903,-21.220180513734228,success,36.362,world_14.world,8.086238508844373,0.2223815661636976
VLM,0,20,0,1.694914966963565e-07,-2.3020354136630914,success,11.810999999999998,world_14.world,8.086238508844373,0.5
VLM,0,17,0,2.0080317252948344e-07,-0.47749387921407604,success,9.969999999999999,world_13.world,7.703425987449967,0.5
VLM,0,17,0,1.9999996000000803e-07,-0.45559650165663307,success,9.999,world_13.world,7.703425987449967,0.5
VLM,0,16,0,2.105262714681534e-07,-0.37348276428480925,success,9.515999999999998,world_13.world,7.703425987449967,0.5
VLM,0,17,0,1.9646361562600874e-07,-1.0958952823383323,success,10.187,world_12.world,8.164601230243118,0.5
VLM,0,20,0,1.709401417196339e-07,-2.461489772044058,success,11.717,world_12.world,8.164601230243118,0.5
VLM,0,18,0,1.883238816715854e-07,-1.6725927179996125,success,10.628999999999998,world_12.world,8.164601230243118,0.5
VLM,0,19,0,1.721170099626489e-07,-2.971102681280387,success,11.625000000000002,world_11.world,8.161275706150734,0.5
VLM,0,18,0,1.883238816715854e-07,-2.3581482043217012,success,10.632,world_11.world,8.161275706150734,0.5
VLM,0,19,0,1.7605630703234033e-07,-2.395378040104993,success,11.362,world_11.world,8.161275706150734,0.5
VLM,0,19,0,1.7730493310196223e-07,-2.7998723317058314,success,11.295000000000002,world_10.world,8.770606378344223,0.5
VLM,0,19,0,1.757468935418465e-07,-2.3311926896514477,success,11.396,world_10.world,8.770606378344223,0.5
VLM,0,21,0,1.5923564343381477e-07,-3.6075467559345133,success,12.597,world_10.world,8.770606378344223,0.5
VLM,0,20,0,1.6835014000839396e-07,-3.5612345040512823,success,11.898000000000001,world_9.world,7.905243154921573,0.5
VLM,0,37,0,0.01133153811789064,-9.592762583439924,success,21.18,world_9.world,7.905243154921573,0.3732409421587145
VLM,0,20,0,1.650164744197237e-07,-3.0787892527368554,success,12.123000000000001,world_9.world,7.905243154921573,0.5
VLM,0,17,0,1.9960075856272286e-07,-0.7658571630209664,success,10.023000000000001,world_8.world,8.839768846148173,0.5
VLM,0,17,0,2.0080317252948344e-07,-0.6061114613271984,success,9.972999999999999,world_8.world,8.839768846148173,0.5
VLM,0,16,0,2.100839894781535e-07,-0.6427197404730968,success,9.536,world_8.world,8.839768846148173,0.5
VLM,0,19,0,1.7825308765542112e-07,-1.8745980764945889,success,11.223,world_7.world,8.177602477491796,0.5
VLM,0,18,0,1.848428493820981e-07,-1.4013466823673213,success,10.838999999999999,world_7.world,8.177602477491796,0.5
VLM,0,18,0,1.8939390352388194e-07,-1.268184754996055,success,10.573,world_7.world,8.177602477491796,0.5
VLM,0,17,0,1.9801976276836382e-07,-0.5812935520014034,success,10.1,world_6.world,8.085837515270248,0.5
VLM,0,16,0,2.1097041962649376e-07,-0.4688842649465787,success,9.488,world_6.world,8.085837515270248,0.5
VLM,0,18,0,1.8621970461458015e-07,-1.4353957629366814,success,10.758000000000001,world_6.world,8.085837515270248,0.5
VLM,0,18,0,1.883238816715854e-07,-2.0583059175557996,success,10.703999999999999,world_5.world,7.912764273041438,0.5
VLM,0,17,0,2.0080317252948344e-07,-1.733620927719883,success,9.975000000000001,world_5.world,7.912764273041438,0.5
VLM,0,19,0,1.7825308765542112e-07,-2.609664958563732,success,11.237000000000002,world_5.world,7.912764273041438,0.5
VLM,0,26,0,1.2953366197750494e-07,-5.377275293428172,success,15.45,world_4.world,7.890703185790128,0.5
VLM,0,50,0,0.000684999953082195,-15.618476400683218,success,29.232999999999997,world_4.world,7.890703185790128,0.2699245094855174
VLM,0,49,0,7.168458267494031e-08,-15.418732532614545,success,27.915,world_4.world,7.890703185790128,0.2826689301733881
VLM,0,18,0,1.8939390352388194e-07,-1.8455946194827562,success,10.56,world_3.world,8.95224825881783,0.5
VLM,0,17,0,1.9880711753337627e-07,-1.712728918789939,success,10.066,world_3.world,8.95224825881783,0.5
VLM,0,18,0,1.8656712937180424e-07,-2.2018784130737936,success,10.724,world_3.world,8.95224825881783,0.5
VLM,0,16,0,2.092049771537705e-07,-0.17833282224569144,success,9.568000000000001,world_2.world,8.591113429155527,0.5
VLM,0,16,0,2.0746883662472272e-07,-0.14671314693736848,success,9.684,world_2.world,8.591113429155527,0.5
VLM,0,16,0,2.105262714681534e-07,-0.1889814721884439,success,9.524,world_2.world,8.591113429155527,0.5
VLM,0,19,0,1.8018014771528872e-07,-2.3415032884558236,success,11.102,world_1.world,8.202198904645094,0.5
VLM,0,17,0,1.9841265904510736e-07,-2.039424972765836,success,10.081000000000001,world_1.world,8.202198904645094,0.5
VLM,0,18,0,1.8281532306849672e-07,-2.034411721357438,success,10.950000000000001,world_1.world,8.202198904645094,0.5
VLM,0,19,0,1.7953318141235524e-07,-2.503579097544035,success,11.157000000000002,world_0.world,8.558028082848947,0.5
VLM,0,19,0,1.7921143741730513e-07,-2.5476588401114157,success,11.178,world_0.world,8.558028082848947,0.5
VLM,0,22,0,1.5748029016058424e-07,-3.7159555013362704,success,12.710999999999999,world_0.world,8.558028082848947,0.5
