Method,Start_frame_id,Done_frame_id,Collision,Recovery,Smoothness,Status,Time,World,optimal_time,nav_metric
VLM,0,199,0,0.4373253969579923,-361.93669344506804,timeout,107.38499999999999,world_299.world,8.407246218783108,0.0
VLM,0,199,0,0.5272828595530279,-365.0374648028396,timeout,107.777,world_299.world,8.407246218783108,0.0
VLM,0,199,0,0.8387455958666618,-349.6588494590843,timeout,107.78999999999999,world_299.world,8.407246218783108,0.0
VLM,0,12,0,2.8490020373213575e-07,-1.0607889508408548,success,7.035999999999998,world_298.world,7.998182157301491,0.5
VLM,0,21,0,0.13728828181554548,-7.295702652852869,success,11.814,world_298.world,7.998182157301491,0.5
VLM,0,12,0,2.8985498844782945e-07,-1.0417251402450383,success,6.916,world_298.world,7.998182157301491,0.5
VLM,0,17,0,0.020576333214746254,-1.3362667244610948,success,9.735,world_297.world,7.826528565435303,0.5
VLM,0,19,0,1.8726588253447895e-07,-1.276850082288723,success,10.690000000000001,world_297.world,7.826528565435303,0.5
VLM,0,20,0,1.7761986187924301e-07,-1.3764909223717672,success,11.274000000000001,world_297.world,7.826528565435303,0.5
VLM,0,18,0,1.9841265904510736e-07,-0.778931693405405,success,10.084000000000001,world_296.world,7.77842316226422,0.5
VLM,0,21,0,0.1331059499819198,-3.1486344056045357,success,11.734999999999998,world_296.world,7.77842316226422,0.5
VLM,0,20,0,0.021239111285113046,-1.1872931869473922,success,11.307999999999998,world_296.world,7.77842316226422,0.5
VLM,0,35,0,0.0640496834659418,-12.526494252287916,success,19.361,world_295.world,8.500779295370204,0.4390671605480194
VLM,0,92,0,0.6284349012968975,-59.88796916407247,success,50.224999999999994,world_295.world,8.500779295370204,0.16925394316316983
VLM,0,40,0,0.15630720691890249,-18.94838647882357,success,21.880999999999997,world_295.world,8.500779295370204,0.38850049336731435
VLM,0,199,0,0.49547052143703973,-364.45428627150574,timeout,108.191,world_294.world,8.261333769311195,0.0
VLM,0,199,0,0.4789806644534847,-365.03088097371614,timeout,107.531,world_294.world,8.261333769311195,0.0
VLM,0,50,0,0.4616508793534785,-33.109743142183774,success,27.379999999999995,world_294.world,8.261333769311195,0.30172877170603346
VLM,0,199,0,0.5108675550646934,-507.97364775426547,timeout,107.679,world_293.world,7.997672131399035,0.0
VLM,0,62,3,0.43400716801384254,-35.715812037714336,success,33.647000000000006,world_293.world,7.997672131399035,0.0
VLM,0,34,0,0.20550855873850013,-15.767393510797067,success,18.894999999999996,world_293.world,7.997672131399035,0.4232692316167789
VLM,0,11,0,3.1249990234378054e-07,-0.9505810259575057,success,6.408000000000001,world_292.world,9.189719208423899,0.5
VLM,0,11,0,3.154573137358632e-07,-0.9003980064738928,success,6.341999999999999,world_292.world,9.189719208423899,0.5
VLM,0,10,0,3.333332222222593e-07,-0.788130836112389,success,6.005000000000001,world_292.world,9.189719208423899,0.5
VLM,0,199,0,0.6275773264437164,-342.1946671653459,timeout,108.641,world_291.world,8.268512621393903,0.0
VLM,0,199,0,0.558410359363949,-383.4645181161616,timeout,108.215,world_291.world,8.268512621393903,0.0
VLM,0,199,0,0.4363434597271751,-384.0101943079184,timeout,108.086,world_291.world,8.268512621393903,0.0
VLM,0,11,0,3.1446530991656923e-07,-0.5249069736717697,success,6.375000000000002,world_290.world,7.731003683421283,0.5
VLM,0,12,0,2.85714204081656e-07,-0.615573854226152,success,7.003000000000002,world_290.world,7.731003683421283,0.5
VLM,0,11,0,3.0674837216307606e-07,-0.5551215727714434,success,6.535000000000002,world_290.world,7.731003683421283,0.5
VLM,0,12,0,2.8490020373213575e-07,-0.6672612410070345,success,7.029000000000002,world_289.world,7.884942331552407,0.5
VLM,0,13,0,2.5906729039707504e-07,-0.5561757710527995,success,7.720999999999998,world_289.world,7.884942331552407,0.5
VLM,0,12,0,2.9154510450580044e-07,-0.559581261406277,success,6.861000000000001,world_289.world,7.884942331552407,0.5
VLM,0,19,0,1.8382349562068098e-07,-1.230264001970462,success,10.886,world_288.world,7.676966908159272,0.5
VLM,0,13,0,2.6737960765251136e-07,-1.1463330061192378,success,7.489000000000001,world_288.world,7.676966908159272,0.5
VLM,0,19,0,0.009259442729732828,-1.196286228155591,success,10.823000000000002,world_288.world,7.676966908159272,0.5
VLM,0,19,0,1.8552872253641513e-07,-2.5084721875445433,success,10.781,world_287.world,8.433999179342374,0.5
VLM,0,199,0,0.943766186759782,-108.0408226310599,timeout,108.134,world_287.world,8.433999179342374,0.0
VLM,0,21,0,0.09230784746874403,-7.6984601701554265,success,11.716000000000001,world_287.world,8.433999179342374,0.5
VLM,0,98,0,0.7863024032072454,-37.856074896326675,success,53.458000000000006,world_286.world,8.085594036502888,0.15125133818143005
VLM,0,11,0,3.1249990234378054e-07,-0.5115878802300112,success,6.416,world_286.world,8.085594036502888,0.5
VLM,0,117,0,0.8396108022721029,-9.949597030603522,success,63.730000000000004,world_286.world,8.085594036502888,0.12687265081598756
VLM,0,19,0,1.8726588253447895e-07,-2.0856067244840806,success,10.682000000000002,world_285.world,8.657291412439974,0.5
VLM,0,199,0,0.9132990464125819,-33.23524190129272,timeout,108.882,world_285.world,8.657291412439974,0.0
VLM,0,73,2,0.666833183474866,-14.625447051053461,success,40.058,world_285.world,8.657291412439974,0.0
VLM,0,11,0,3.058103040335462e-07,-0.5967665106593826,success,6.539,world_284.world,7.85639571685466,0.5
VLM,0,11,0,3.105589097643138e-07,-0.547364998462355,success,6.444000000000001,world_284.world,7.85639571685466,0.5
VLM,0,11,0,3.0769221301778066e-07,-0.5957664779802834,success,6.511000000000001,world_284.world,7.85639571685466,0.5
VLM,0,13,0,2.6666659555557455e-07,-0.7526369777720036,success,7.5169999999999995,world_283.world,8.025752695075083,0.5
VLM,0,15,0,2.3148142789781765e-07,-0.7820736378121691,success,8.636000000000001,world_283.world,8.025752695075083,0.5
VLM,0,17,0,2.0746883662472272e-07,-0.8458500692189278,success,9.651,world_283.world,8.025752695075083,0.5
VLM,0,11,0,3.1446530991656923e-07,-0.25864405938213847,success,6.377000000000001,world_282.world,8.091436813921078,0.5
VLM,0,11,0,3.134795255550077e-07,-0.2656502045063613,success,6.388000000000002,world_282.world,8.091436813921078,0.5
VLM,0,11,0,3.0674837216307606e-07,-0.26982304107876137,success,6.529,world_282.world,8.091436813921078,0.5
VLM,0,19,0,0.33712133766641333,-6.389608898974232,success,10.565,world_281.world,7.753104122766794,0.5
VLM,0,21,0,0.345177775773642,-6.736581412026,success,11.825,world_281.world,7.753104122766794,0.5
VLM,0,13,0,2.6666659555557455e-07,-0.4197925006347312,success,7.506000000000002,world_281.world,7.753104122766794,0.5
VLM,0,13,0,2.6595737607516596e-07,-1.02208711599969,success,7.5329999999999995,world_280.world,7.906981912732345,0.5
VLM,0,14,0,2.487561570258316e-07,-1.2363706429930226,success,8.052,world_280.world,7.906981912732345,0.5
VLM,0,13,0,2.6385217312607574e-07,-1.1001925147166316,success,7.579000000000001,world_280.world,7.906981912732345,0.5
VLM,0,34,0,0.014941407156733495,-8.126895862885622,success,18.752000000000002,world_279.world,8.141257752809178,0.4341541037120935
VLM,0,199,0,0.48261835276223464,-479.2798926051268,timeout,108.173,world_279.world,8.141257752809178,0.0
VLM,0,147,0,0.5425425539904266,-217.64680848928842,success,79.92099999999999,world_279.world,8.141257752809178,0.125
VLM,0,199,0,0.8758531659130573,-196.9207389964403,timeout,108.421,world_278.world,8.04702608075498,0.0
VLM,0,65,0,0.582633076603189,-28.97731828946148,success,35.71,world_278.world,8.04702608075498,0.2253437715137211
VLM,0,161,0,0.8361028946937652,-141.29103383467643,success,87.867,world_278.world,8.04702608075498,0.125
VLM,0,15,0,2.3419198262482846e-07,-1.8290184304387287,success,8.55,world_277.world,8.48636998300088,0.5
VLM,0,39,0,0.4868914338116635,-23.668201244121708,success,21.375999999999998,world_277.world,8.48636998300088,0.3970045837855951
VLM,0,17,0,0.02910623095504554,-1.595630616743489,success,9.626000000000001,world_277.world,8.48636998300088,0.5
VLM,0,11,0,3.115263827020615e-07,-0.17411428385276861,success,6.423,world_276.world,8.129771498092264,0.5
VLM,0,12,0,2.9154510450580044e-07,-0.33829838120183553,success,6.875,world_276.world,8.129771498092264,0.5
VLM,0,122,0,0.854010217662655,-15.07618861913362,success,66.581,world_276.world,8.129771498092264,0.125
VLM,0,54,0,0.6700336922536234,-20.303744498812758,success,29.717999999999996,world_275.world,8.302841434323229,0.27938762481739116
VLM,0,21,0,0.1365189186827784,-2.392750094158798,success,11.721,world_275.world,8.302841434323229,0.5
VLM,0,17,0,2.092049771537705e-07,-2.1707486625537875,success,9.573,world_275.world,8.302841434323229,0.5
VLM,0,199,0,0.950137995397645,-104.7417581382307,timeout,108.718,world_274.world,7.861005519926587,0.0
VLM,0,34,0,0.03319068167123323,-9.209937454423406,success,18.697000000000003,world_274.world,7.861005519926587,0.4204420773346839
VLM,0,199,0,0.944775010324005,-304.0273489552047,timeout,107.566,world_274.world,7.861005519926587,0.0
VLM,0,22,0,1.6181227155141238e-07,-1.1810910937448666,success,12.369,world_273.world,8.165814212170682,0.5
VLM,0,21,0,1.686340356435016e-07,-1.1165819273251758,success,11.867,world_273.world,8.165814212170682,0.5
VLM,0,22,0,1.6207452802681882e-07,-1.2467124538651355,success,12.346,world_273.world,8.165814212170682,0.5
VLM,0,12,0,2.8328603872916754e-07,-0.5625585503900771,success,7.077999999999999,world_272.world,7.9472629195098925,0.5
VLM,0,13,0,0.03217184124079323,-0.8085781246289399,success,7.478,world_272.world,7.9472629195098925,0.5
VLM,0,12,0,2.8735623926544855e-07,-0.5425938468106696,success,6.975999999999999,world_272.world,7.9472629195098925,0.5
VLM,0,54,0,0.6786666880888874,-9.132614741142568,success,30.001999999999995,world_271.world,7.8721324090909235,0.2623869211749525
VLM,0,126,4,0.9371896016012387,-8.79083381029173,collision,68.472,world_271.world,7.8721324090909235,0.0
VLM,0,199,0,0.9751713919738486,-88.19527024046924,timeout,107.954,world_271.world,7.8721324090909235,0.0
VLM,0,21,0,1.694914966963565e-07,-1.9551820771700947,success,11.808000000000002,world_270.world,8.0158028015772,0.5
VLM,0,8,3,0.24793419506851444,-0.6840172812535241,collision,4.846999999999998,world_270.world,8.0158028015772,0.0
VLM,0,24,0,1.497005763921293e-07,-2.1088674133738747,success,13.370000000000001,world_270.world,8.0158028015772,0.5
VLM,0,133,1,0.8024965380722181,-90.8870390973378,success,72.103,world_269.world,8.393662666578876,0.0
VLM,0,24,0,0.13075793005082764,-4.878178261946747,success,13.460999999999999,world_269.world,8.393662666578876,0.5
VLM,0,100,0,0.7619912877183399,-54.5954897284895,success,55.041000000000004,world_269.world,8.393662666578876,0.15249836788174045
VLM,0,49,0,0.5277572518314395,-18.77133324008108,success,27.034000000000002,world_268.world,7.825330424845294,0.2894625443828251
VLM,0,29,0,0.2624379026818529,-6.872618049660998,success,16.087,world_268.world,7.825330424845294,0.4864381441440476
VLM,0,82,1,0.7021085822293143,-25.983756520103633,success,44.597,world_268.world,7.825330424845294,0.0
VLM,0,10,0,3.378377237034718e-07,-0.48698617516420484,success,5.933999999999999,world_267.world,7.767884282048531,0.5
VLM,0,11,0,3.1446530991656923e-07,-0.5312839079573705,success,6.366999999999999,world_267.world,7.767884282048531,0.5
VLM,0,10,0,3.333332222222593e-07,-0.5141474505868844,success,6.003999999999998,world_267.world,7.767884282048531,0.5
VLM,0,22,0,1.6207452802681882e-07,-2.1169955187806657,success,12.352,world_266.world,8.268726393333566,0.5
VLM,0,199,0,0.9021900537826641,-97.49696876381009,timeout,107.75999999999999,world_266.world,8.268726393333566,0.0
VLM,0,28,0,0.09195413895860295,-8.665461716516681,success,15.677000000000001,world_266.world,8.268726393333566,0.5
VLM,0,44,0,0.24792019568051615,-15.223725001736128,success,24.04,world_265.world,8.367950840432563,0.3480844775554311
VLM,0,43,0,0.2117647721206074,-38.91733106340639,success,23.799999999999997,world_265.world,8.367950840432563,0.35159457312741865
VLM,0,199,0,0.5245325027859192,-429.90025799321455,timeout,108.036,world_265.world,8.367950840432563,0.0
VLM,0,199,0,0.4381376472243063,-427.30022279871525,timeout,107.833,world_264.world,7.690668105576133,0.0
VLM,0,199,0,0.7535694464385417,-334.8771145110475,timeout,107.86500000000001,world_264.world,7.690668105576133,0.0
VLM,0,199,0,0.804311778066855,-325.583316627898,timeout,108.551,world_264.world,7.690668105576133,0.0
VLM,0,26,0,1.3661200319508155e-07,-5.216082294816468,success,14.648,world_263.world,8.828844286165843,0.5
VLM,0,68,0,0.3548734865442387,-77.47687374287395,success,37.144999999999996,world_263.world,8.828844286165843,0.23768594120785688
VLM,0,57,0,0.2805663268618837,-45.80075561206942,success,31.080000000000002,world_263.world,8.828844286165843,0.28406834897573496
VLM,0,199,0,0.44311824984859666,-357.30465960747324,timeout,107.256,world_262.world,7.862157626920194,0.0
VLM,0,199,2,0.6000739992587125,-282.40147120534516,timeout,108.128,world_262.world,7.862157626920194,0.0
VLM,0,199,0,0.515264342604908,-335.5259547193461,timeout,107.45,world_262.world,7.862157626920194,0.0
VLM,0,12,0,2.9069758991349133e-07,-0.4708816858877731,success,6.888000000000002,world_261.world,7.798286266619087,0.5
VLM,0,11,0,3.105589097643138e-07,-0.5208874328126175,success,6.446,world_261.world,7.798286266619087,0.5
VLM,0,13,0,2.6595737607516596e-07,-0.5600844819738624,success,7.535000000000002,world_261.world,7.798286266619087,0.5
VLM,0,32,0,0.14864874452153778,-12.713056224254773,success,17.765,world_260.world,7.912408394061744,0.44539309845548797
VLM,0,199,0,0.6518587425305067,-362.6461349145494,timeout,107.606,world_260.world,7.912408394061744,0.0
VLM,0,46,0,0.2557769517309202,-29.7587712748899,success,25.104999999999997,world_260.world,7.912408394061744,0.3151726107971219
VLM,0,39,3,0.5065298967789276,-23.306230833720313,collision,21.462,world_259.world,8.292681330688314,0.0
VLM,0,199,0,0.8577530202831379,-270.8159136564443,timeout,107.715,world_259.world,8.292681330688314,0.0
VLM,0,199,0,0.863072079616971,-221.1779103583572,timeout,107.958,world_259.world,8.292681330688314,0.0
VLM,0,199,0,0.4463559110921955,-387.7915173181783,timeout,108.125,world_258.world,8.575004014668814,0.0
VLM,0,199,0,0.44088027898395604,-384.2001447564572,timeout,107.24799999999999,world_258.world,8.575004014668814,0.0
VLM,0,199,0,0.44341201554707277,-388.67876461754986,timeout,107.65,world_258.world,8.575004014668814,0.0
VLM,0,45,0,0.21492301582132878,-26.093172159256984,success,24.674999999999997,world_257.world,8.037990616979489,0.3257544322990675
VLM,0,199,0,0.8468686146279759,-222.52272568637122,timeout,107.629,world_257.world,8.037990616979489,0.0
VLM,0,54,0,0.28120810193234214,-39.09379097836796,success,29.814999999999998,world_257.world,8.037990616979489,0.269595526311571
VLM,0,10,0,3.378377237034718e-07,-0.09453903151000177,success,5.932,world_256.world,7.764255277374167,0.5
VLM,0,10,0,3.3898293593798786e-07,-0.09739026883702621,success,5.901000000000002,world_256.world,7.764255277374167,0.5
VLM,0,10,0,3.3898293593798786e-07,-0.11449319062161797,success,5.912000000000001,world_256.world,7.764255277374167,0.5
VLM,0,199,0,0.49944362946135706,-444.57195489540146,timeout,107.847,world_255.world,8.135994185598866,0.0
VLM,0,32,0,0.1830509397682554,-12.586630547673924,success,17.703000000000003,world_255.world,8.135994185598866,0.4595827930632585
VLM,0,199,0,0.6512830044068119,-287.6778067871151,timeout,108.358,world_255.world,8.135994185598866,0.0
VLM,0,18,0,0.16731533709818347,-3.1472386560297227,success,10.281,world_254.world,7.849673970103881,0.5
VLM,0,17,0,0.03138095577804272,-2.244040153231686,success,9.568999999999999,world_254.world,7.849673970103881,0.5
VLM,0,14,0,2.463053580528675e-07,-1.783832091955324,success,8.134,world_254.world,7.849673970103881,0.5
VLM,0,32,0,0.15340918711259238,-9.283156325911168,success,17.605,world_253.world,8.141594309743207,0.46245920532480583
VLM,0,62,0,0.48724038651392365,-28.030153243151553,success,33.716,world_253.world,8.141594309743207,0.24147568838958378
VLM,0,87,0,0.5322580843693512,-72.24895472507076,success,47.129999999999995,world_253.world,8.141594309743207,0.17274759833955458
VLM,0,27,0,0.00798947962856463,-4.515173413570991,success,15.038,world_252.world,8.17816026606636,0.5
VLM,0,27,0,0.003984196018035058,-4.817589124733388,success,15.068999999999999,world_252.world,8.17816026606636,0.5
VLM,0,27,0,0.01335126657526481,-4.991547156836346,success,14.984,world_252.world,8.17816026606636,0.5
VLM,0,22,0,0.26375416444107375,-6.885706691829986,success,12.373999999999999,world_251.world,7.812338128453967,0.5
VLM,0,28,0,0.46243530279335454,-13.533802324272724,success,15.441000000000003,world_251.world,7.812338128453967,0.5
VLM,0,20,0,0.25668462447689405,-6.795368040510805,success,11.237,world_251.world,7.812338128453967,0.5
VLM,0,20,0,1.7761986187924301e-07,-3.6987913146151636,success,11.273000000000001,world_250.world,8.084153480751173,0.5
VLM,0,23,0,0.10477671729172308,-3.598807721145106,success,12.981,world_250.world,8.084153480751173,0.5
VLM,0,21,0,0.02020218515114728,-3.8044672690801,success,11.890999999999998,world_250.world,8.084153480751173,0.5
VLM,0,18,0,0.11844677311713145,-6.453499053016337,success,10.315,world_249.world,7.770397702347515,0.5
VLM,0,20,0,0.13345211148538944,-7.082333749255557,success,11.253000000000002,world_249.world,7.770397702347515,0.5
VLM,0,36,0,0.43147213893683867,-19.915096602421677,success,19.704,world_249.world,7.770397702347515,0.39435635923403956
VLM,0,199,0,0.5058539396793544,-493.1382164256685,timeout,107.638,world_248.world,8.12910238774821,0.0
VLM,0,199,0,0.5845697406422526,-427.83931672286167,timeout,107.858,world_248.world,8.12910238774821,0.0
VLM,0,199,0,0.9538803490668578,-37.275161659854696,timeout,107.98700000000001,world_248.world,8.12910238774821,0.0
VLM,0,11,0,3.115263827020615e-07,-0.31450337822561597,success,6.433000000000002,world_247.world,8.032705583609713,0.5
VLM,0,11,0,3.1249990234378054e-07,-0.30976655757277666,success,6.4,world_247.world,8.032705583609713,0.5
VLM,0,11,0,3.095974273692176e-07,-0.3037937840677766,success,6.4670000000000005,world_247.world,8.032705583609713,0.5
VLM,0,10,0,3.378377237034718e-07,-0.21070822573188225,success,5.925000000000001,world_246.world,7.97182501236278,0.5
VLM,0,10,0,3.378377237034718e-07,-0.21330016807178323,success,5.9239999999999995,world_246.world,7.97182501236278,0.5
VLM,0,10,0,3.3898293593798786e-07,-0.21738046403873637,success,5.9140000000000015,world_246.world,7.97182501236278,0.5
VLM,0,199,0,0.44223995100611996,-385.3912118513221,timeout,107.864,world_245.world,8.203446936428485,0.0
VLM,0,199,0,0.8558708986111871,-299.71550268562225,timeout,107.82900000000001,world_245.world,8.203446936428485,0.0
VLM,0,199,0,0.4410943710944655,-394.6688420702504,timeout,107.468,world_245.world,8.203446936428485,0.0
VLM,0,10,0,3.3898293593798786e-07,-0.26140646930459166,success,5.911000000000001,world_244.world,8.276354081505499,0.5
VLM,0,10,0,3.4246563614190546e-07,-0.28068845160342937,success,5.854000000000001,world_244.world,8.276354081505499,0.5
VLM,0,10,0,3.401359387292726e-07,-0.2708274849985948,success,5.893000000000001,world_244.world,8.276354081505499,0.5
VLM,0,16,0,2.2172944085821714e-07,-2.319818837170062,success,9.033999999999999,world_243.world,8.24231146825148,0.5
VLM,0,15,0,2.3094682888064e-07,-2.2501124778832913,success,8.666,world_243.world,8.24231146825148,0.5
VLM,0,199,0,0.9274283601148425,-79.10706279471115,timeout,107.48899999999999,world_243.world,8.24231146825148,0.0
VLM,0,27,0,0.24302798897370664,-7.35338082801264,success,15.074000000000002,world_242.world,7.789830031315,0.5
VLM,0,19,0,1.8450181097752567e-07,-1.115654755995079,success,10.858999999999998,world_242.world,7.789830031315,0.5
VLM,0,19,0,0.0018763598731032134,-1.1642088226787932,success,10.673000000000002,world_242.world,7.789830031315,0.5
VLM,0,11,0,3.095974273692176e-07,-0.4880090475113032,success,6.478,world_241.world,7.7556717677242215,0.5
VLM,0,12,0,2.8735623926544855e-07,-0.5066725045290735,success,6.975999999999999,world_241.world,7.7556717677242215,0.5
VLM,0,14,0,2.4752469120675964e-07,-0.6765855053599704,success,8.082,world_241.world,7.7556717677242215,0.5
VLM,0,39,0,0.3583490282974645,-25.007874969867405,success,21.336,world_240.world,8.26791047968235,0.3875098650019849
VLM,0,26,0,0.11740343682272973,-7.1730726891115415,success,14.483,world_240.world,8.26791047968235,0.5
VLM,0,27,0,0.11819400820796705,-7.200802647601755,success,15.066,world_240.world,8.26791047968235,0.5
VLM,0,12,1,0.04624305021877161,-0.8949574078173896,success,6.923000000000002,world_239.world,7.9219441315162396,0.0
VLM,0,12,0,0.037464254333067916,-1.0369806368152938,success,6.939999999999998,world_239.world,7.9219441315162396,0.5
VLM,0,199,3,0.9341006138091589,-22.831045372077376,timeout,107.739,world_239.world,7.9219441315162396,0.0
VLM,0,13,0,2.6666659555557455e-07,-1.278213840622164,success,7.506,world_238.world,8.512989118917758,0.5
VLM,0,13,0,2.6954170632299024e-07,-1.157515091897192,success,7.420000000000002,world_238.world,8.512989118917758,0.5
VLM,0,17,0,2.092049771537705e-07,-1.0682247118560775,success,9.568,world_238.world,8.512989118917758,0.5
VLM,0,18,0,1.9841265904510736e-07,-1.6169070738541402,success,10.094999999999999,world_237.world,8.147969549626211,0.5
VLM,0,199,0,0.9153674848669732,-41.45446277255235,timeout,107.767,world_237.world,8.147969549626211,0.0
VLM,0,199,0,0.9758633498725705,-126.46088452988104,timeout,107.72399999999999,world_237.world,8.147969549626211,0.0
VLM,0,59,1,0.6390605909109647,-34.28838004640857,success,32.36,world_236.world,7.811169146986348,0.0
VLM,0,199,0,0.9470762408016979,-26.886274668527644,timeout,108.085,world_236.world,7.811169146986348,0.0
VLM,0,21,0,0.0819399528528507,-4.1737430345744775,success,11.96,world_236.world,7.811169146986348,0.5
VLM,0,19,0,1.8656712937180424e-07,-0.6701973722898941,success,10.726,world_235.world,8.095851906539131,0.5
VLM,0,19,0,1.8621970461458015e-07,-0.9011628002573749,success,10.756,world_235.world,8.095851906539131,0.5
VLM,0,19,0,1.879698894793441e-07,-0.6252444214388848,success,10.651999999999997,world_235.world,8.095851906539131,0.5
VLM,0,13,0,2.624671227120413e-07,-1.0878361930171152,success,7.623000000000001,world_234.world,8.112848826210472,0.5
VLM,0,34,0,0.4793651344587159,-13.354387152856834,success,18.909,world_234.world,8.112848826210472,0.42904695257340275
VLM,0,26,0,0.19478749042695606,-7.606996066759738,success,14.586,world_234.world,8.112848826210472,0.5
VLM,0,48,0,0.19224930150081296,-41.85199061066613,success,26.331000000000003,world_233.world,8.118199884283989,0.30831339046310385
VLM,0,92,0,0.3426966555900218,-130.3045332853698,success,49.849000000000004,world_233.world,8.118199884283989,0.16285582226893194
VLM,0,43,0,0.19019448941720293,-22.45447704506246,success,23.678000000000004,world_233.world,8.118199884283989,0.34285834463569503
VLM,0,11,0,3.095974273692176e-07,-0.6379637599389577,success,6.478,world_232.world,7.909011560818807,0.5
VLM,0,11,0,3.115263827020615e-07,-0.6770324727815984,success,6.436,world_232.world,7.909011560818807,0.5
VLM,0,11,0,3.1249990234378054e-07,-0.9667569599379794,success,6.416999999999998,world_232.world,7.909011560818807,0.5
VLM,0,49,4,0.606957838123032,-27.914030427403066,collision,27.036,world_231.world,8.772936875967888,0.0
VLM,0,79,6,0.5416085754714748,-95.52094816720854,collision,43.033,world_231.world,8.772936875967888,0.0
VLM,0,199,0,0.8620817869501527,-273.73208037292255,timeout,107.606,world_231.world,8.772936875967888,0.0
VLM,0,10,0,3.378377237034718e-07,-0.2650660161691393,success,5.921999999999999,world_230.world,7.770867060504877,0.5
VLM,0,10,0,3.4246563614190546e-07,-0.27316874735651664,success,5.840000000000002,world_230.world,7.770867060504877,0.5
VLM,0,10,0,3.4129681184409156e-07,-0.27093415000821625,success,5.864000000000001,world_230.world,7.770867060504877,0.5
VLM,0,12,0,2.8818435499009945e-07,-0.845685640658974,success,6.948999999999998,world_229.world,9.333178092448502,0.5
VLM,0,11,0,3.1249990234378054e-07,-0.8202920615670265,success,6.417000000000002,world_229.world,9.333178092448502,0.5
VLM,0,11,0,3.058103040335462e-07,-0.9146169439691327,success,6.551,world_229.world,9.333178092448502,0.5
VLM,0,21,0,1.7035772225592467e-07,-3.3390580001136856,success,11.743,world_228.world,8.125979676054454,0.5
VLM,0,199,0,0.9202750432953903,-162.9229457635879,timeout,107.633,world_228.world,8.125979676054454,0.0
VLM,0,24,4,0.38947377601898103,-6.803915426358277,collision,13.302,world_228.world,8.125979676054454,0.0
VLM,0,11,0,3.154573137358632e-07,-0.03887056922732867,success,6.354999999999999,world_227.world,7.656298148557264,0.5
VLM,0,11,0,3.115263827020615e-07,-0.02228470126891862,success,6.430999999999999,world_227.world,7.656298148557264,0.5
VLM,0,11,0,3.1249990234378054e-07,-0.033862138169135296,success,6.4190000000000005,world_227.world,7.656298148557264,0.5
VLM,0,57,0,0.2474293542783191,-50.761788366557475,success,31.131999999999998,world_226.world,7.7971315301654105,0.2504539229784598
VLM,0,199,0,0.7572275804813273,-218.86862322225403,timeout,107.926,world_226.world,7.7971315301654105,0.0
VLM,0,62,0,0.33606561264252854,-54.801765664187,success,34.174,world_226.world,7.7971315301654105,0.22815975683752007
VLM,0,10,0,3.4129681184409156e-07,-0.3892928067544544,success,5.870000000000001,world_225.world,8.273415681303838,0.5
VLM,0,10,0,3.3557035719115533e-07,-0.4005496272274297,success,5.973000000000001,world_225.world,8.273415681303838,0.5
VLM,0,10,0,3.401359387292726e-07,-0.40175487802871357,success,5.898,world_225.world,8.273415681303838,0.5
VLM,0,10,0,3.401359387292726e-07,-0.028569297781541898,success,5.895999999999999,world_224.world,7.793928744049557,0.5
VLM,0,11,0,3.1446530991656923e-07,-0.075934715693823,success,6.366999999999999,world_224.world,7.793928744049557,0.5
VLM,0,10,0,3.3557035719115533e-07,-0.047901248122152844,success,5.9670000000000005,world_224.world,7.793928744049557,0.5
VLM,0,74,1,0.788662367545382,-30.77142409484837,success,40.227,world_223.world,8.130412532756333,0.0
VLM,0,8,2,0.438524820276713,-0.5970702358938964,collision,4.8969999999999985,world_223.world,8.130412532756333,0.0
VLM,0,199,1,0.9704905944210513,-11.947049092531667,timeout,108.452,world_223.world,8.130412532756333,0.0
VLM,0,11,0,3.105589097643138e-07,-0.9256099038111698,success,6.452000000000002,world_222.world,8.205334100558725,0.5
VLM,0,10,0,3.401359387292726e-07,-0.48944209547865725,success,5.8919999999999995,world_222.world,8.205334100558725,0.5
VLM,0,11,0,3.1645559605835573e-07,-0.7975985221973777,success,6.3359999999999985,world_222.world,8.205334100558725,0.5
VLM,0,11,0,3.115263827020615e-07,-0.10085065808463624,success,6.4239999999999995,world_221.world,8.407620739566742,0.5
VLM,0,10,0,3.401359387292726e-07,-0.07901513289560357,success,5.879000000000001,world_221.world,8.407620739566742,0.5
VLM,0,11,0,3.134795255550077e-07,-0.09300749211371646,success,6.379999999999999,world_221.world,8.407620739566742,0.5
VLM,0,29,0,0.42821789254729054,-12.772854395410507,success,16.16,world_220.world,8.07835313263655,0.49989808989087564
VLM,0,12,0,2.8735623926544855e-07,-0.3460915809614135,success,6.965000000000002,world_220.world,8.07835313263655,0.5
VLM,0,146,0,0.8949357547257305,-18.49379481348369,success,79.39500000000001,world_220.world,8.07835313263655,0.125
VLM,0,199,0,0.5613905406547607,-261.8467102846844,timeout,108.168,world_219.world,8.099459323096337,0.0
VLM,0,199,0,0.4995362734272626,-409.31756630986604,timeout,107.833,world_219.world,8.099459323096337,0.0
VLM,0,199,1,0.4943424319357739,-374.7637735350557,timeout,107.835,world_219.world,8.099459323096337,0.0
VLM,0,199,0,0.9271952588515143,-266.0919535070489,timeout,107.97200000000001,world_218.world,8.59927851805124,0.0
VLM,0,199,0,0.9334807456517276,-154.93696146462162,timeout,108.55,world_218.world,8.59927851805124,0.0
VLM,0,199,0,0.9196016979605072,-110.0055543785042,timeout,108.47,world_218.world,8.59927851805124,0.0
VLM,0,37,1,0.0420333292245035,-12.501429572794866,success,20.478,world_217.world,8.51694370004654,0.0
VLM,0,199,0,0.6714365420658513,-359.47092453872415,timeout,107.636,world_217.world,8.51694370004654,0.0
VLM,0,168,4,0.862415377540612,-77.69118369716834,collision,91.59299999999999,world_217.world,8.51694370004654,0.0
VLM,0,21,0,0.12013551266742596,-6.671656592972659,success,11.838,world_216.world,8.231413228723815,0.5
VLM,0,12,0,2.890172575094632e-07,-0.4048860645727341,success,6.932000000000002,world_216.world,8.231413228723815,0.5
VLM,0,19,0,0.07129473334057537,-0.8332649196505403,success,10.662999999999998,world_216.world,8.231413228723815,0.5
VLM,0,199,0,0.8665675549792314,-206.41802986801056,timeout,107.63900000000001,world_215.world,8.6053610093842,0.0
VLM,0,199,0,0.8512014814935032,-120.65894303660959,timeout,108.20700000000001,world_215.world,8.6053610093842,0.0
VLM,0,73,0,0.46392788256874334,-46.51988651484803,success,39.928,world_215.world,8.6053610093842,0.21552196477119318
VLM,0,23,0,0.0030489324620529786,-2.891933015302488,success,13.134999999999998,world_214.world,8.091064134930969,0.5
VLM,0,24,0,1.492537090666106e-07,-3.111181368415583,success,13.401,world_214.world,8.091064134930969,0.5
VLM,0,28,0,0.1477708092011708,-8.908579742802692,success,15.709000000000001,world_214.world,8.091064134930969,0.5
VLM,0,199,0,0.8933755137071918,-313.9539892206139,timeout,107.48400000000001,world_213.world,8.080583152791007,0.0
VLM,0,199,0,0.4181379033982921,-401.08981656415676,timeout,107.63000000000001,world_213.world,8.080583152791007,0.0
VLM,0,199,0,0.7061452568688035,-329.05089706908643,timeout,107.41199999999999,world_213.world,8.080583152791007,0.0
VLM,0,48,0,0.3583903296590486,-53.63478566197298,success,26.353,world_212.world,8.329698063701649,0.31608158705656464
VLM,0,44,0,0.28903660390061425,-30.17328348074638,success,24.08,world_212.world,8.329698063701649,0.34591769367531766
VLM,0,41,1,0.2701252888975591,-17.17675652256027,success,22.375000000000004,world_212.world,8.329698063701649,0.0
VLM,0,19,0,1.8552872253641513e-07,-1.647434466651962,success,10.787999999999998,world_211.world,7.835101179481681,0.5
VLM,0,17,0,2.070392946088417e-07,-1.5578773003350572,success,9.66,world_211.world,7.835101179481681,0.5
VLM,0,14,0,2.512562182773321e-07,-1.6382783202006101,success,7.9719999999999995,world_211.world,7.835101179481681,0.5
VLM,0,16,0,2.2222217283951718e-07,-0.808304802455386,success,9.016,world_210.world,8.955608784787188,0.5
VLM,0,15,4,0.2900233665839057,-0.4225936713956557,collision,8.628,world_210.world,8.955608784787188,0.0
VLM,0,11,0,3.058103040335462e-07,-0.548951404586803,success,6.553000000000003,world_210.world,8.955608784787188,0.5
VLM,0,199,1,0.9615028694891196,-104.16044205171674,timeout,108.082,world_209.world,8.877499484588025,0.0
VLM,0,120,1,0.6599388483199129,-105.39126848548975,success,65.414,world_209.world,8.877499484588025,0.0
VLM,0,13,0,2.6525191903132126e-07,-1.0536888977254268,success,7.549999999999999,world_209.world,8.877499484588025,0.5
VLM,0,10,0,3.3898293593798786e-07,-0.06562171206200797,success,5.911,world_208.world,7.920452801990201,0.5
VLM,0,10,0,3.322258032472415e-07,-0.06720503955701643,success,6.025,world_208.world,7.920452801990201,0.5
VLM,0,10,0,3.4246563614190546e-07,-0.07714917895994249,success,5.854999999999999,world_208.world,7.920452801990201,0.5
VLM,0,40,0,0.18960809575131307,-22.97856037054487,success,21.961,world_207.world,8.691034440092492,0.39574857429499993
VLM,0,51,0,0.33213001212057675,-30.11158001361147,success,27.708000000000006,world_207.world,8.691034440092492,0.31366516674218603
VLM,0,37,0,0.22102168752242757,-10.65440948516085,success,20.378,world_207.world,8.691034440092492,0.42649104132360843
VLM,0,199,0,0.9756550831508068,-36.098281823186454,timeout,107.622,world_206.world,8.169870713605786,0.0
VLM,0,12,0,2.8985498844782945e-07,-0.5198211243319965,success,6.903999999999998,world_206.world,8.169870713605786,0.5
VLM,0,166,0,0.8721318807722904,-107.75715317518757,success,89.786,world_206.world,8.169870713605786,0.125
VLM,0,26,0,0.2228413338661095,-8.11441937501231,success,14.365,world_205.world,8.14100834873039,0.5
VLM,0,19,0,1.8552872253641513e-07,-2.0426541503708058,success,10.782,world_205.world,8.14100834873039,0.5
VLM,0,23,0,0.12656263647458807,-3.754368890202572,success,12.805,world_205.world,8.14100834873039,0.5
VLM,0,19,0,1.8587357139896445e-07,-2.8212537019140327,success,10.768,world_204.world,8.448704095912515,0.5
VLM,0,23,0,1.5624997558594132e-07,-3.185010684633488,success,12.813,world_204.world,8.448704095912515,0.5
VLM,0,28,0,0.22094518251019382,-7.986238812645868,success,15.668999999999999,world_204.world,8.448704095912515,0.5
VLM,0,107,4,0.7559217385540083,-111.65536103839118,collision,58.262,world_203.world,9.025242805283083,0.0
VLM,0,199,0,0.7584362943308816,-240.03193583524543,timeout,108.464,world_203.world,9.025242805283083,0.0
VLM,0,98,0,0.6183520742190234,-56.22345788424208,success,53.419,world_203.world,9.025242805283083,0.1689519235718206
VLM,0,25,0,0.17579262596648043,-9.049782202676381,success,13.899,world_202.world,8.223102409551386,0.5
VLM,0,23,0,0.007812655029272652,-4.423476175864416,success,12.805,world_202.world,8.223102409551386,0.5
VLM,0,18,0,0.007752130280594907,-2.1901876088920367,success,10.328,world_202.world,8.223102409551386,0.5
VLM,0,23,0,0.16845341983867998,-7.813333008146785,success,13.076000000000002,world_201.world,8.74515937808401,0.5
VLM,0,28,0,0.2666667606837486,-7.786157334115178,success,15.619,world_201.world,8.74515937808401,0.5
VLM,0,39,0,0.40883464202681935,-14.579706896111611,success,21.282999999999998,world_201.world,8.74515937808401,0.41089881022806984
VLM,0,11,0,3.0674837216307606e-07,-0.5371408889411571,success,6.522999999999998,world_200.world,8.629507223633503,0.5
VLM,0,11,0,3.058103040335462e-07,-0.5491843634783647,success,6.543000000000001,world_200.world,8.629507223633503,0.5
VLM,0,11,0,3.0674837216307606e-07,-0.5372329944194755,success,6.532,world_200.world,8.629507223633503,0.5
VLM,0,11,0,3.1446530991656923e-07,-0.3383810757161406,success,6.368,world_199.world,7.819031620993853,0.5
VLM,0,10,0,3.367002233332582e-07,-0.31982517003138733,success,5.943,world_199.world,7.819031620993853,0.5
VLM,0,10,0,3.4129681184409156e-07,-0.3175390497676268,success,5.868,world_199.world,7.819031620993853,0.5
VLM,0,19,0,0.06741590497829496,-0.8564110094511254,success,10.687000000000001,world_198.world,7.823797529301262,0.5
VLM,0,18,0,0.003968451593561192,-0.9460727857860116,success,10.092999999999998,world_198.world,7.823797529301262,0.5
VLM,0,13,0,2.7027019722427105e-07,-0.9282294478682245,success,7.415000000000001,world_198.world,7.823797529301262,0.5
VLM,0,12,0,2.9069758991349133e-07,-0.3592664527013664,success,6.893000000000001,world_197.world,9.207052694546277,0.5
VLM,0,12,0,2.890172575094632e-07,-0.3436976856067857,success,6.920999999999999,world_197.world,9.207052694546277,0.5
VLM,0,11,0,3.115263827020615e-07,-0.3510396498121552,success,6.433999999999999,world_197.world,9.207052694546277,0.5
VLM,0,34,0,0.4527897582843607,-20.971603043329576,success,18.643,world_196.world,8.395202655329975,0.4503139331293233
VLM,0,26,0,0.3928078294871605,-14.861303075938231,success,14.459000000000001,world_196.world,8.395202655329975,0.5
VLM,0,16,0,0.0504388047283323,-3.917572688148017,success,9.133000000000001,world_196.world,8.395202655329975,0.5
VLM,0,14,0,0.0025002493749376564,-1.3763655904682486,success,8.008999999999999,world_195.world,8.916531319830002,0.5
VLM,0,55,2,0.4664005677710866,-30.085695173718438,success,30.063000000000002,world_195.world,8.916531319830002,0.0
VLM,0,103,0,0.6316909028113823,-100.9999152933286,success,56.431,world_195.world,8.916531319830002,0.1580076787551169
VLM,0,43,0,0.5463744058706235,-26.04717120731462,success,23.732,world_194.world,7.8260913164013495,0.3297695649924722
VLM,0,13,0,0.0053766114579001465,-1.7908256022054205,success,7.439,world_194.world,7.8260913164013495,0.5
VLM,0,199,0,0.9605043582328137,-60.216831019647735,timeout,107.872,world_194.world,7.8260913164013495,0.0
VLM,0,20,0,1.769911191166161e-07,-1.47588652882997,success,11.302,world_193.world,8.228353883944568,0.5
VLM,0,12,0,2.840908283832874e-07,-1.3811823032380122,success,7.041000000000002,world_193.world,8.228353883944568,0.5
VLM,0,17,0,0.0437501992187085,-1.5026586850663657,success,9.613000000000001,world_193.world,8.228353883944568,0.5
VLM,0,48,0,0.26529057604812106,-38.11635013986283,success,26.173000000000002,world_192.world,7.872620918957527,0.3007916906337648
VLM,0,64,0,0.5028604403397917,-51.83140427894924,success,34.971,world_192.world,7.872620918957527,0.22511855305703377
VLM,0,199,0,0.4373720558836394,-382.0421788301639,timeout,107.464,world_192.world,7.872620918957527,0.0
VLM,0,71,0,0.7433903710010176,-8.722320964537142,success,38.591,world_191.world,7.676324374890349,0.198914886240065
VLM,0,183,0,0.9172661887037132,-122.58506279506098,success,100.083,world_191.world,7.676324374890349,0.125
VLM,0,11,0,3.095974273692176e-07,-0.4492431895263208,success,6.477999999999998,world_191.world,7.676324374890349,0.5
VLM,0,43,0,0.39542765491721804,-21.73277640067503,success,23.622999999999998,world_190.world,8.293077654616788,0.35105946131383775
VLM,0,20,0,0.005300529098846449,-2.070001626635607,success,11.333000000000002,world_190.world,8.293077654616788,0.5
VLM,0,24,0,0.12893566282823646,-9.026367352598225,success,13.34,world_190.world,8.293077654616788,0.5
VLM,0,18,0,1.9762841944102384e-07,-0.8982474957502923,success,10.129999999999999,world_189.world,7.958318166192765,0.5
VLM,0,18,0,1.9762841944102384e-07,-0.8335472199419249,success,10.127,world_189.world,7.958318166192765,0.5
VLM,0,18,0,1.9646361562600874e-07,-0.9344189101324427,success,10.189000000000002,world_189.world,7.958318166192765,0.5
VLM,0,13,0,2.6595737607516596e-07,-0.43955742912045764,success,7.536,world_188.world,7.980659785566589,0.5
VLM,0,12,0,2.85714204081656e-07,-0.464459616576995,success,7.011000000000001,world_188.world,7.980659785566589,0.5
VLM,0,13,0,2.688171320384054e-07,-0.4786101069324822,success,7.456000000000001,world_188.world,7.980659785566589,0.5
VLM,0,16,0,2.1881833286250925e-07,-1.7608187633609118,success,9.146999999999998,world_187.world,8.204891659007181,0.5
VLM,0,16,0,0.013072110441806005,-1.6474189760276343,success,9.187000000000001,world_187.world,8.204891659007181,0.5
VLM,0,199,0,0.941089293421836,-158.91179166414767,timeout,107.97200000000001,world_187.world,8.204891659007181,0.0
VLM,0,199,0,0.9014686763065872,-265.56336299092453,timeout,107.59100000000001,world_186.world,8.335547715659803,0.0
VLM,0,68,0,0.4141088091486909,-63.283180685916356,success,37.138999999999996,world_186.world,8.335547715659803,0.22444189977274037
VLM,0,199,0,0.44098574317239686,-330.75911363750714,timeout,107.946,world_186.world,8.335547715659803,0.0
VLM,0,42,0,0.3756477223102139,-11.454432130625971,success,23.163000000000004,world_185.world,7.900082446866422,0.3410647345709287
VLM,0,85,0,0.6448276015160516,-84.97421833534722,success,46.405,world_185.world,7.900082446866422,0.17024205251301416
VLM,0,116,0,0.7153748502104559,-130.7488715031922,success,62.980000000000004,world_185.world,7.900082446866422,0.12543795565046717
VLM,0,59,0,0.4331052001801369,-34.56352603437109,success,32.153,world_184.world,9.12925906315635,0.2839317968200899
VLM,0,24,0,1.503759172367042e-07,-3.5580075095009627,success,13.308000000000002,world_184.world,9.12925906315635,0.5
VLM,0,53,0,0.42463871819416943,-40.64880847473401,success,29.077,world_184.world,9.12925906315635,0.3139683964355453
VLM,0,27,0,1.3245031358273992e-07,-4.115850894081717,success,15.100000000000001,world_183.world,8.359616496629332,0.5
VLM,0,199,0,0.5715883748771743,-363.1441178128567,timeout,107.289,world_183.world,8.359616496629332,0.0
VLM,0,28,0,0.0012659492068418726,-5.19480421657121,success,15.806,world_183.world,8.359616496629332,0.5
VLM,0,11,0,3.105589097643138e-07,-0.5189470705952562,success,6.4510000000000005,world_182.world,7.953031607421098,0.5
VLM,0,10,0,3.378377237034718e-07,-0.4846711565928501,success,5.927999999999999,world_182.world,7.953031607421098,0.5
VLM,0,10,0,3.3898293593798786e-07,-0.4950660022472455,success,5.9,world_182.world,7.953031607421098,0.5
VLM,0,6,2,0.571428790087352,-0.2394026783855282,collision,3.9299999999999997,world_181.world,8.42910238774821,0.0
VLM,0,51,0,0.3473910402150793,-34.11235365733157,success,27.98,world_181.world,8.42910238774821,0.3012545528144464
VLM,0,25,1,0.13675225972190033,-4.575970976400569,success,14.052999999999999,world_181.world,8.42910238774821,0.0
VLM,0,11,0,3.095974273692176e-07,-0.5296458619016237,success,6.469999999999999,world_180.world,9.004770113090498,0.5
VLM,0,19,0,0.028090069646054375,-0.7740160460448154,success,10.683,world_180.world,9.004770113090498,0.5
VLM,0,47,0,0.5847457947037138,-12.07235211913674,success,25.971000000000004,world_180.world,9.004770113090498,0.3467240427049592
VLM,0,13,0,2.6595737607516596e-07,-1.4911800634561332,success,7.5230000000000015,world_179.world,8.366493444282845,0.5
VLM,0,27,0,0.1770973133026214,-7.948405563123356,success,15.021,world_179.world,8.366493444282845,0.5
VLM,0,26,0,0.19444455632714497,-7.716008858983537,success,14.41,world_179.world,8.366493444282845,0.5
VLM,0,21,0,1.706484350429292e-07,-2.05554408257673,success,11.725,world_178.world,8.294915851709288,0.5
VLM,0,21,0,1.694914966963565e-07,-2.0656307116612154,success,11.817000000000002,world_178.world,8.294915851709288,0.5
VLM,0,26,0,0.11281349403711784,-13.439516754218442,success,14.374,world_178.world,8.294915851709288,0.5
VLM,0,12,0,2.890172575094632e-07,-0.6457801991497667,success,6.935999999999998,world_177.world,9.022924695256084,0.5
VLM,0,12,0,2.923975753223464e-07,-0.6528270128811845,success,6.856000000000002,world_177.world,9.022924695256084,0.5
VLM,0,12,0,2.8818435499009945e-07,-0.6527626526316703,success,6.944000000000001,world_177.world,9.022924695256084,0.5
VLM,0,24,0,1.4992501500374589e-07,-2.003025311110015,success,13.341999999999999,world_176.world,8.045525647896753,0.5
VLM,0,23,0,1.5527947899386975e-07,-2.0169046858381217,success,12.889999999999999,world_176.world,8.045525647896753,0.5
VLM,0,23,0,1.560062159116668e-07,-1.9981860427651401,success,12.831,world_176.world,8.045525647896753,0.5
VLM,0,15,0,2.3255808545160806e-07,-1.5820533877596326,success,8.613,world_175.world,7.976736854257178,0.5
VLM,0,15,0,2.3474172893386647e-07,-1.9230253028330526,success,8.522,world_175.world,7.976736854257178,0.5
VLM,0,14,0,2.4271838768971174e-07,-1.7597431994544819,success,8.254000000000001,world_175.world,7.976736854257178,0.5
VLM,0,16,0,2.212388891064405e-07,-1.1759225243584321,success,9.047,world_174.world,7.869672043342989,0.5
VLM,0,16,0,2.1929819752232513e-07,-1.2640419425160425,success,9.123,world_174.world,7.869672043342989,0.5
VLM,0,16,0,2.1929819752232513e-07,-1.4512409470469365,success,9.129999999999999,world_174.world,7.869672043342989,0.5
VLM,0,11,0,3.134795255550077e-07,-0.3786126447749204,success,6.395,world_173.world,7.769171954657533,0.5
VLM,0,11,0,3.105589097643138e-07,-0.40759059103666617,success,6.452,world_173.world,7.769171954657533,0.5
VLM,0,11,0,3.1645559605835573e-07,-0.3745391456634699,success,6.330999999999998,world_173.world,7.769171954657533,0.5
VLM,0,199,0,0.9566987424741166,-213.17122020880464,timeout,108.098,world_172.world,8.151308943401995,0.0
VLM,0,12,0,2.8653286918828964e-07,-0.9582908466721929,success,6.982000000000001,world_172.world,8.151308943401995,0.5
VLM,0,14,0,0.03768868399781809,-1.0377022414674923,success,7.971,world_172.world,8.151308943401995,0.5
VLM,0,30,0,0.10228650995348858,-11.315572520098836,success,16.626,world_171.world,7.983474610537893,0.48018011611559563
VLM,0,26,0,0.035714418171096406,-4.819308383141728,success,14.565999999999999,world_171.world,7.983474610537893,0.5
VLM,0,31,0,0.12398619652535382,-9.883322639685629,success,17.266000000000002,world_171.world,7.983474610537893,0.4623812469904953
VLM,0,10,0,3.4246563614190546e-07,-0.11292636354778979,success,5.8420000000000005,world_170.world,7.651993480777325,0.5
VLM,0,10,0,3.367002233332582e-07,-0.10866225072183348,success,5.9399999999999995,world_170.world,7.651993480777325,0.5
VLM,0,11,0,3.134795255550077e-07,-0.1456793055585229,success,6.399000000000001,world_170.world,7.651993480777325,0.5
VLM,0,199,0,0.9621591548477249,-111.53873948806896,timeout,107.839,world_169.world,7.947794994798985,0.0
VLM,0,17,0,0.10537208566692446,-7.383560991940178,success,9.689000000000002,world_169.world,7.947794994798985,0.5
VLM,0,123,0,0.8415723692205965,-31.95827144282884,success,67.171,world_169.world,7.947794994798985,0.125
VLM,0,17,0,0.21118028754031315,-7.036916988683754,success,9.661000000000001,world_168.world,8.734100236381483,0.5
VLM,0,11,0,3.134795255550077e-07,-0.37883780804128586,success,6.392000000000001,world_168.world,8.734100236381483,0.5
VLM,0,163,0,0.8914466284936441,-38.5119057746067,success,88.637,world_168.world,8.734100236381483,0.125
VLM,0,11,0,3.1446530991656923e-07,-0.09394454182992583,success,6.377000000000001,world_167.world,8.434824452904516,0.5
VLM,0,11,0,3.1446530991656923e-07,-0.11436873084240469,success,6.368000000000002,world_167.world,8.434824452904516,0.5
VLM,0,11,0,3.134795255550077e-07,-0.09515821563016932,success,6.399000000000001,world_167.world,8.434824452904516,0.5
VLM,0,5,3,0.45962766482753736,0,collision,3.228999999999999,world_166.world,7.75232408004971,0.0
VLM,0,11,0,3.105589097643138e-07,-0.5226570627910219,success,6.448,world_166.world,7.75232408004971,0.5
VLM,0,11,0,3.1249990234378054e-07,-0.5332282606156592,success,6.399999999999999,world_166.world,7.75232408004971,0.5
VLM,0,22,0,0.40518648214157504,-7.560704515006423,success,12.338,world_165.world,8.611369784443538,0.5
VLM,0,19,0,0.00186934544498216,-1.30304948206868,success,10.709999999999999,world_165.world,8.611369784443538,0.5
VLM,0,12,0,2.9069758991349133e-07,-0.9346603729133817,success,6.896000000000001,world_165.world,8.611369784443538,0.5
VLM,0,29,0,0.22304842341407394,-7.303042598848457,success,16.143,world_164.world,8.222543997037086,0.5
VLM,0,13,0,2.6595737607516596e-07,-1.591049997078096,success,7.536,world_164.world,8.222543997037086,0.5
VLM,0,24,0,0.10014961133787574,-7.234958594321314,success,13.397,world_164.world,8.222543997037086,0.5
VLM,0,199,0,0.6626394114751039,-323.7675060939527,timeout,107.618,world_163.world,8.79991465469347,0.0
VLM,0,41,0,0.29207486268255894,-11.99883203985837,success,22.468000000000004,world_163.world,8.79991465469347,0.39166435173106057
VLM,0,199,0,0.7896301841733845,-285.9587906461371,timeout,107.62700000000001,world_163.world,8.79991465469347,0.0
VLM,0,11,0,3.105589097643138e-07,-0.1818110769008066,success,6.441000000000001,world_162.world,7.958902179934425,0.5
VLM,0,10,0,3.333332222222593e-07,-0.2263567456518998,success,6.019,world_162.world,7.958902179934425,0.5
VLM,0,10,0,3.344480486795824e-07,-0.11230131413858127,success,5.991999999999999,world_162.world,7.958902179934425,0.5
VLM,0,32,0,0.12852320986209584,-12.965998064905316,success,17.751,world_161.world,8.095210743534128,0.4560425183670851
VLM,0,32,0,0.14545464256197244,-8.105727897410997,success,17.619999999999997,world_161.world,8.095210743534128,0.4594330728452968
VLM,0,199,0,0.961345475537159,-215.1186020931166,timeout,107.632,world_161.world,8.095210743534128,0.0
VLM,0,12,0,2.8735623926544855e-07,-0.16563626624061642,success,6.962999999999999,world_160.world,7.822764780761914,0.5
VLM,0,13,0,2.6455019456344064e-07,-0.1365546323605803,success,7.568000000000001,world_160.world,7.822764780761914,0.5
VLM,0,13,0,2.6954170632299024e-07,-0.17281048812250174,success,7.421000000000001,world_160.world,7.822764780761914,0.5
VLM,0,11,0,3.134795255550077e-07,-0.2077839443858294,success,6.388,world_159.world,8.460411962681121,0.5
VLM,0,11,0,3.115263827020615e-07,-0.2186539287845684,success,6.437999999999999,world_159.world,8.460411962681121,0.5
VLM,0,10,0,3.3112571817029206e-07,-0.19692294027303284,success,6.059999999999999,world_159.world,8.460411962681121,0.5
VLM,0,11,0,3.115263827020615e-07,-0.3357598678516105,success,6.422000000000001,world_158.world,8.185130885153928,0.5
VLM,0,11,0,3.134795255550077e-07,-0.387211447698774,success,6.3870000000000005,world_158.world,8.185130885153928,0.5
VLM,0,11,0,3.0864188004880247e-07,-0.35313626580909324,success,6.493,world_158.world,8.185130885153928,0.5
VLM,0,199,2,0.770095874445135,-87.10256659896261,timeout,108.485,world_157.world,7.833988860013338,0.0
VLM,0,199,0,0.6100092750693369,-207.9426223768258,timeout,107.903,world_157.world,7.833988860013338,0.0
VLM,0,199,1,0.6200483611670381,-240.8165462645543,timeout,107.559,world_157.world,7.833988860013338,0.0
VLM,0,18,0,0.05304537268263798,-1.5926483536357803,success,10.189,world_156.world,8.133650292117396,0.5
VLM,0,14,0,2.469135192806125e-07,-1.5179925712960203,success,8.113999999999999,world_156.world,8.133650292117396,0.5
VLM,0,199,2,0.7471370567577197,-223.35614870233846,timeout,108.297,world_156.world,8.133650292117396,0.0
VLM,0,11,0,3.105589097643138e-07,-0.39098432135508504,success,6.450000000000001,world_155.world,7.830441902459944,0.5
VLM,0,89,0,0.7619834809097734,-43.787508432292455,success,48.413,world_155.world,7.830441902459944,0.16174254647429295
VLM,0,158,0,0.8729603759216695,-8.462034308718188,success,85.80600000000001,world_155.world,7.830441902459944,0.125
VLM,0,16,0,2.2026426866425802e-07,-0.9475173841489123,success,9.093,world_154.world,7.898906121797543,0.5
VLM,0,11,0,3.0769221301778066e-07,-0.7403896001597953,success,6.5009999999999994,world_154.world,7.898906121797543,0.5
VLM,0,199,0,0.9830886455475071,-10.767714655331451,timeout,107.63900000000001,world_154.world,7.898906121797543,0.0
VLM,0,22,0,1.626015995769757e-07,-1.860702838204023,success,12.306000000000001,world_153.world,7.951241205135583,0.5
VLM,0,23,0,0.18238034275419743,-8.824319093778369,success,12.943999999999999,world_153.world,7.951241205135583,0.5
VLM,0,19,0,0.03544794114777217,-2.0395586292836234,success,10.722,world_153.world,7.951241205135583,0.5
VLM,0,18,0,1.9685035495071754e-07,-0.8988539065886448,success,10.172999999999998,world_152.world,8.057859296533934,0.5
VLM,0,18,0,1.9342356026623595e-07,-0.916297264637597,success,10.34,world_152.world,8.057859296533934,0.5
VLM,0,19,0,1.88679209683168e-07,-0.9269839395453503,success,10.632,world_152.world,8.057859296533934,0.5
VLM,0,117,0,0.4373425869854349,-197.98897218940868,success,63.539,world_151.world,8.942836118417254,0.14074562266351776
VLM,0,197,0,0.8686623036732964,-16.484537981748165,success,106.91499999999999,world_151.world,8.942836118417254,0.125
VLM,0,75,0,0.5702398644033351,-53.58101807324607,success,40.863,world_151.world,8.942836118417254,0.2188492308057963
VLM,0,100,0,0.8520558057248235,-7.027928440135053,success,54.482,world_150.world,7.973092676548482,0.1463436121388437
VLM,0,12,0,2.890172575094632e-07,-0.36985462933013424,success,6.9300000000000015,world_150.world,7.973092676548482,0.5
VLM,0,13,0,2.6666659555557455e-07,-0.3880101101239152,success,7.516000000000002,world_150.world,7.973092676548482,0.5
VLM,0,10,0,3.4246563614190546e-07,-0.42055963565255955,success,5.843,world_149.world,8.312134163588864,0.5
VLM,0,11,0,3.0864188004880247e-07,-0.434129981580583,success,6.495999999999999,world_149.world,8.312134163588864,0.5
VLM,0,11,0,3.1446530991656923e-07,-0.47343535545679916,success,6.3759999999999994,world_149.world,8.312134163588864,0.5
VLM,0,11,0,3.1446530991656923e-07,-0.8674545560333942,success,6.3740000000000006,world_148.world,8.356690315066317,0.5
VLM,0,10,0,3.378377237034718e-07,-0.8471919461149753,success,5.933,world_148.world,8.356690315066317,0.5
VLM,0,10,0,3.378377237034718e-07,-0.7917993983481629,success,5.937000000000001,world_148.world,8.356690315066317,0.5
VLM,0,11,0,3.0674837216307606e-07,-0.5434105077804718,success,6.5280000000000005,world_147.world,8.187537457443312,0.5
VLM,0,11,0,3.115263827020615e-07,-0.5233950622227461,success,6.43,world_147.world,8.187537457443312,0.5
VLM,0,11,0,3.0864188004880247e-07,-0.5225068460372156,success,6.491999999999999,world_147.world,8.187537457443312,0.5
VLM,0,12,0,2.840908283832874e-07,-1.9739545431209171,success,7.048,world_146.world,8.034842319404571,0.5
VLM,0,39,2,0.526364521150368,-19.566772008888695,success,21.626999999999995,world_146.world,8.034842319404571,0.0
VLM,0,20,2,0.28318596757770487,-7.5783488323488255,success,11.315999999999999,world_146.world,8.034842319404571,0.0
VLM,0,16,0,2.212388891064405e-07,-2.531404391920287,success,9.057,world_145.world,8.15255693907889,0.5
VLM,0,12,0,2.85714204081656e-07,-1.133819039614567,success,7.007,world_145.world,8.15255693907889,0.5
VLM,0,15,0,0.002325813412601532,-1.4554663278447844,success,8.615000000000002,world_145.world,8.15255693907889,0.5
VLM,0,11,0,3.1249990234378054e-07,-0.009429072565099606,success,6.415000000000003,world_144.world,8.467915828030232,0.5
VLM,0,11,0,3.115263827020615e-07,-0.007152526961084375,success,6.425000000000001,world_144.world,8.467915828030232,0.5
VLM,0,11,0,3.095974273692176e-07,-0.014201206231384045,success,6.475,world_144.world,8.467915828030232,0.5
VLM,0,108,0,0.8801624955936866,-15.454457916579809,success,59.093999999999994,world_143.world,7.783440561012931,0.1317128737437461
VLM,0,12,0,0.04584554560299553,-0.6136495880917989,success,6.9830000000000005,world_143.world,7.783440561012931,0.5
VLM,0,11,0,3.095974273692176e-07,-0.3987514884307269,success,6.462999999999999,world_143.world,7.783440561012931,0.5
VLM,0,17,0,0.004175573241007675,-1.253160152246679,success,9.582999999999998,world_142.world,7.850464282154265,0.5
VLM,0,18,0,1.9762841944102384e-07,-0.6596638342245136,success,10.136999999999999,world_142.world,7.850464282154265,0.5
VLM,0,13,0,2.7027019722427105e-07,-0.698004430060514,success,7.414999999999999,world_142.world,7.850464282154265,0.5
VLM,0,17,0,0.002062061430502798,-1.8599587217412337,success,9.706,world_141.world,7.942081561496044,0.5
VLM,0,21,0,0.025553828696110954,-2.0567823093943787,success,11.754,world_141.world,7.942081561496044,0.5
VLM,0,33,0,0.46775962100987745,-14.327906402048239,success,18.313000000000002,world_141.world,7.942081561496044,0.43368544539376636
VLM,0,11,0,3.1645559605835573e-07,-0.2736160921003822,success,6.328999999999999,world_140.world,9.080746950584595,0.5
VLM,0,11,0,3.115263827020615e-07,-0.2755993797566379,success,6.421000000000001,world_140.world,9.080746950584595,0.5
VLM,0,11,0,3.1446530991656923e-07,-0.26278697499069603,success,6.3759999999999994,world_140.world,9.080746950584595,0.5
VLM,0,11,0,3.115263827020615e-07,-0.9472212315959591,success,6.429000000000002,world_139.world,7.744009224017903,0.5
VLM,0,11,0,0.021672129513272596,-0.48099786528281213,success,6.475999999999999,world_139.world,7.744009224017903,0.5
VLM,0,11,0,3.134795255550077e-07,-1.1823970586668648,success,6.390999999999998,world_139.world,7.744009224017903,0.5
VLM,0,47,0,0.2559753850443034,-29.256255292984292,success,25.941,world_138.world,8.66316792019046,0.33395659073244904
VLM,0,199,1,0.6119955643836438,-321.769147086382,timeout,108.045,world_138.world,8.66316792019046,0.0
VLM,0,63,0,0.5069605854431215,-35.580022291181464,success,34.485,world_138.world,8.66316792019046,0.25121554067537943
VLM,0,10,0,3.3898293593798786e-07,-0.22326268728683107,success,5.911,world_137.world,7.683886493579108,0.5
VLM,0,10,0,3.367002233332582e-07,-0.22820752677401193,success,5.943000000000001,world_137.world,7.683886493579108,0.5
VLM,0,10,0,3.333332222222593e-07,-0.2418477329944208,success,6.001000000000001,world_137.world,7.683886493579108,0.5
VLM,0,11,0,3.095974273692176e-07,-0.4203094106739801,success,6.4719999999999995,world_136.world,8.580845785714267,0.5
VLM,0,12,0,2.8818435499009945e-07,-0.4597891253102044,success,6.943,world_136.world,8.580845785714267,0.5
VLM,0,12,0,2.8985498844782945e-07,-0.48846597146367826,success,6.901000000000002,world_136.world,8.580845785714267,0.5
VLM,0,23,0,0.021773091481634296,-2.9111145789349857,success,12.87,world_135.world,8.456991877899835,0.5
VLM,0,199,0,0.5786151925261706,-380.7749663057513,timeout,107.75800000000001,world_135.world,8.456991877899835,0.0
VLM,0,19,0,1.8939390352388194e-07,-2.489588967790606,success,10.578,world_135.world,8.456991877899835,0.5
VLM,0,22,0,1.626015995769757e-07,-1.3821261942939636,success,12.315000000000001,world_134.world,8.903085477451352,0.5
VLM,0,29,0,0.16951229640093948,-7.8650958878542205,success,16.418,world_134.world,8.903085477451352,0.5
VLM,0,22,0,1.6313211041890534e-07,-1.360273991351583,success,12.27,world_134.world,8.903085477451352,0.5
VLM,0,199,2,0.9210526330420195,-36.75519071918163,timeout,107.92699999999999,world_133.world,8.239301258889826,0.0
VLM,0,23,0,1.5723267968039628e-07,-2.4696064691033826,success,12.731000000000002,world_133.world,8.239301258889826,0.5
VLM,0,22,0,1.6129029656608122e-07,-2.5447470326202493,success,12.412,world_133.world,8.239301258889826,0.5
VLM,0,16,0,2.2075050314558433e-07,-1.0791068180347418,success,9.074,world_132.world,9.489190949419601,0.5
VLM,0,16,0,2.212388891064405e-07,-0.9639244734163575,success,9.054999999999998,world_132.world,9.489190949419601,0.5
VLM,0,16,0,2.1881833286250925e-07,-0.7071100403603452,success,9.143,world_132.world,9.489190949419601,0.5
VLM,0,199,0,0.4486486589254677,-384.6814130483917,timeout,107.312,world_131.world,7.980536179987913,0.0
VLM,0,199,0,0.6080430020748147,-350.79211513828113,timeout,107.921,world_131.world,7.980536179987913,0.0
VLM,0,199,0,0.423577548836416,-391.30131064752214,timeout,107.57000000000001,world_131.world,7.980536179987913,0.0
VLM,0,14,0,0.017369970875937748,-0.9479856220190905,success,8.062,world_130.world,7.900807679780633,0.5
VLM,0,13,0,0.005235862503700916,-0.9124232322703281,success,7.6530000000000005,world_130.world,7.900807679780633,0.5
VLM,0,13,0,2.6666659555557455e-07,-0.965535509657914,success,7.514999999999999,world_130.world,7.900807679780633,0.5
VLM,0,10,0,3.4129681184409156e-07,-0.663012357192999,success,5.864000000000001,world_129.world,8.85103850168101,0.5
VLM,0,10,0,3.4129681184409156e-07,-0.666001033788463,success,5.871000000000002,world_129.world,8.85103850168101,0.5
VLM,0,10,0,3.401359387292726e-07,-0.6718990477126002,success,5.8969999999999985,world_129.world,8.85103850168101,0.5
VLM,0,185,3,0.8724980009508007,-86.84738558472853,collision,99.937,world_128.world,8.616854335027416,0.0
VLM,0,177,4,0.8974197630077667,-10.44910634320238,collision,95.355,world_128.world,8.616854335027416,0.0
VLM,0,199,0,0.8851363910718799,-91.4118553764623,timeout,107.786,world_128.world,8.616854335027416,0.0
VLM,0,11,0,3.1249990234378054e-07,-0.642315090444114,success,6.407000000000002,world_127.world,8.000727788237427,0.5
VLM,0,11,0,0.006192258144811721,-0.6165844495330711,success,6.478,world_76.world,8.134191097866879,0.5
VLM,0,12,0,0.0029157425901625103,-0.6979592775108981,success,6.8740000000000006,world_127.world,8.000727788237427,0.5
VLM,0,8,2,0.32911420712480716,-0.3130174869933931,collision,4.758999999999999,world_127.world,8.000727788237427,0.0
VLM,0,11,0,3.1249990234378054e-07,-0.6385758617725233,success,6.412000000000001,world_127.world,8.000727788237427,0.5
VLM,0,11,0,3.134795255550077e-07,-0.6809779613520653,success,6.392999999999999,world_126.world,7.838098818829927,0.5
VLM,0,11,0,3.1446530991656923e-07,-0.6898292564205787,success,6.3629999999999995,world_126.world,7.838098818829927,0.5
VLM,0,10,0,3.344480486795824e-07,-0.6482742056400012,success,5.982999999999999,world_126.world,7.838098818829927,0.5
VLM,0,10,0,3.3557035719115533e-07,-0.009492191399490566,success,5.978,world_125.world,7.940600935402479,0.5
VLM,0,10,0,3.378377237034718e-07,-0.004336072064894146,success,5.919999999999998,world_125.world,7.940600935402479,0.5
VLM,0,10,0,3.3898293593798786e-07,-0.009886062206270724,success,5.916999999999998,world_125.world,7.940600935402479,0.5
VLM,0,11,0,3.1249990234378054e-07,-0.059090247329928576,success,6.414,world_124.world,8.206309761944365,0.5
VLM,0,11,0,3.1446530991656923e-07,-0.05414950572619076,success,6.376999999999999,world_124.world,8.206309761944365,0.5
VLM,0,11,0,3.095974273692176e-07,-0.09839300578930044,success,6.475999999999999,world_124.world,8.206309761944365,0.5
VLM,0,18,3,0.27875257724121305,-6.782337565747714,collision,10.269,world_123.world,8.351860774453773,0.0
VLM,0,26,0,0.10263535330993713,-7.762622426630342,success,14.434,world_123.world,8.351860774453773,0.5
VLM,0,33,3,0.4489572503888858,-42.17898553603336,collision,18.22,world_123.world,8.351860774453773,0.0
VLM,0,11,0,3.1249990234378054e-07,-0.5649906334594218,success,6.413000000000002,world_122.world,8.26882234942228,0.5
VLM,0,10,0,3.344480486795824e-07,-0.4001558878879549,success,5.9879999999999995,world_122.world,8.26882234942228,0.5
VLM,0,10,0,3.4246563614190546e-07,-0.5328716217718942,success,5.845000000000001,world_122.world,8.26882234942228,0.5
VLM,0,11,0,3.134795255550077e-07,-0.18620300174798063,success,6.389999999999999,world_121.world,8.086528592188191,0.5
VLM,0,10,0,3.344480486795824e-07,-0.1693698393185891,success,5.980000000000002,world_121.world,8.086528592188191,0.5
VLM,0,11,0,3.154573137358632e-07,-0.19393255026984973,success,6.345999999999998,world_121.world,8.086528592188191,0.5
VLM,0,11,0,3.1249990234378054e-07,-0.08050359622309398,success,6.414999999999999,world_120.world,7.642964254777576,0.5
VLM,0,12,0,2.8985498844782945e-07,-0.109721912305811,success,6.911,world_120.world,7.642964254777576,0.5
VLM,0,12,0,2.890172575094632e-07,-0.10017090375614007,success,6.938000000000001,world_120.world,7.642964254777576,0.5
VLM,0,10,0,3.344480486795824e-07,-0.008379308357860576,success,5.997,world_119.world,8.04011850367356,0.5
VLM,0,10,0,3.4246563614190546e-07,-0.013474276390256484,success,5.850999999999999,world_119.world,8.04011850367356,0.5
VLM,0,10,0,3.4129681184409156e-07,-0.013049382184617583,success,5.870000000000001,world_119.world,8.04011850367356,0.5
VLM,0,29,5,0.43494430793750827,-15.724284982214295,collision,16.142,world_118.world,8.286531889905214,0.0
VLM,0,43,3,0.31418924711239465,-31.159840544380845,success,23.698,world_118.world,8.286531889905214,0.0
VLM,0,26,2,0.4082192591480467,-16.966189587248934,collision,14.601999999999999,world_118.world,8.286531889905214,0.0
VLM,0,15,0,2.3364480522317638e-07,-0.9403542263238116,success,8.576000000000002,world_117.world,9.082600245261535,0.5
VLM,0,17,0,2.070392946088417e-07,-1.0518864550195632,success,9.665000000000001,world_117.world,9.082600245261535,0.5
VLM,0,18,0,1.9607839292580533e-07,-1.7803960972999573,success,10.216000000000001,world_117.world,9.082600245261535,0.5
VLM,0,18,0,1.9841265904510736e-07,-0.8406504297205796,success,10.081999999999999,world_116.world,8.263270357397584,0.5
VLM,0,16,0,0.004424999021017916,-0.8258394119496365,success,9.055,world_116.world,8.263270357397584,0.5
VLM,0,20,0,1.7889084456335518e-07,-1.1050133160164162,success,11.189999999999998,world_116.world,8.263270357397584,0.5
VLM,0,12,0,2.9069758991349133e-07,-0.7811663453054293,success,6.885999999999999,world_115.world,7.913606026165007,0.5
VLM,0,23,0,0.27742958034019116,-7.150666065913268,success,12.767000000000001,world_115.world,7.913606026165007,0.5
VLM,0,26,0,0.3568465619852611,-7.846019293528262,success,14.473999999999998,world_115.world,7.913606026165007,0.5
VLM,0,12,0,2.8653286918828964e-07,-0.1238182739621582,success,6.995000000000001,world_114.world,7.836260874827511,0.5
VLM,0,12,0,2.8985498844782945e-07,-0.21332632129091622,success,6.9129999999999985,world_114.world,7.836260874827511,0.5
VLM,0,11,0,3.134795255550077e-07,-0.12675656512896571,success,6.385000000000002,world_114.world,7.836260874827511,0.5
VLM,0,11,0,3.0864188004880247e-07,-0.9491952744700008,success,6.497,world_113.world,8.193475167563369,0.5
VLM,0,11,0,3.095974273692176e-07,-0.9234823503993134,success,6.470000000000001,world_113.world,8.193475167563369,0.5
VLM,0,11,0,3.095974273692176e-07,-0.9236609528295314,success,6.459999999999999,world_113.world,8.193475167563369,0.5
VLM,0,14,0,2.469135192806125e-07,-1.4957905878968336,success,8.106000000000002,world_112.world,8.52877630222659,0.5
VLM,0,15,0,2.3419198262482846e-07,-1.6182027676955384,success,8.552999999999999,world_112.world,8.52877630222659,0.5
VLM,0,13,0,2.680964428695864e-07,-1.4273227252658782,success,7.478,world_112.world,8.52877630222659,0.5
VLM,0,199,0,0.5228076797094083,-367.1186772512821,timeout,107.429,world_111.world,8.005659507313519,0.0
VLM,0,29,0,0.2460025527672137,-8.995188900889696,success,16.26,world_111.world,8.005659507313519,0.4923529832296137
VLM,0,46,0,0.2501986298491954,-17.224734668582833,success,25.193,world_111.world,8.005659507313519,0.31777317140926126
VLM,0,13,0,2.6525191903132126e-07,-0.3893413153055978,success,7.542000000000002,world_110.world,7.78493225807519,0.5
VLM,0,14,0,2.493764964148388e-07,-0.4817716621464275,success,8.014999999999999,world_110.world,7.78493225807519,0.5
VLM,0,11,0,3.0864188004880247e-07,-0.3063848479015503,success,6.484999999999999,world_110.world,7.78493225807519,0.5
VLM,0,12,0,2.8328603872916754e-07,-0.996204867275577,success,7.068,world_109.world,8.324773821860362,0.5
VLM,0,11,0,3.105589097643138e-07,-0.8272493827771589,success,6.448000000000002,world_109.world,8.324773821860362,0.5
VLM,0,12,0,2.8818435499009945e-07,-0.8148848219090216,success,6.943999999999999,world_109.world,8.324773821860362,0.5
VLM,0,199,0,0.9027546699435262,-116.18346302135336,timeout,108.18599999999999,world_108.world,7.839549742510147,0.0
VLM,0,199,0,0.9003703722153635,-104.52839213373085,timeout,108.00399999999999,world_108.world,7.839549742510147,0.0
VLM,0,199,0,0.5806092202710026,-342.658246744358,timeout,107.68599999999999,world_108.world,7.839549742510147,0.0
VLM,0,37,0,0.3927875835489685,-13.261117803785739,success,20.53,world_107.world,8.252165035604982,0.4019564069948846
VLM,0,29,0,0.2665833208281201,-13.316221947604344,success,15.998,world_107.world,8.252165035604982,0.5
VLM,0,24,0,0.22155700276092774,-7.241088352280631,success,13.364,world_107.world,8.252165035604982,0.5
VLM,0,112,0,0.855697033767645,-10.164899770530182,success,62.38700000000001,world_106.world,7.976636803178238,0.12785735494859884
VLM,0,11,0,3.115263827020615e-07,-1.1127878044130937,success,6.427,world_106.world,7.976636803178238,0.5
VLM,0,12,0,2.890172575094632e-07,-1.23459543775268,success,6.924999999999999,world_106.world,7.976636803178238,0.5
VLM,0,22,0,1.6313211041890534e-07,-2.8510983131089014,success,12.270000000000001,world_105.world,8.212060772852059,0.5
VLM,0,22,0,0.0016027241021275478,-2.7340189859802524,success,12.496,world_105.world,8.212060772852059,0.5
VLM,0,23,0,1.5624997558594132e-07,-2.8609187833974197,success,12.817,world_105.world,8.212060772852059,0.5
VLM,0,30,0,0.30555563942564745,-13.502258864989301,success,16.578,world_104.world,9.38458633589459,0.5
VLM,0,18,0,1.9723861987403949e-07,-0.8866728223806009,success,10.157000000000002,world_104.world,9.38458633589459,0.5
VLM,0,19,0,1.8656712937180424e-07,-0.9329320031996379,success,10.735000000000001,world_104.world,9.38458633589459,0.5
VLM,0,17,0,2.0576127453471718e-07,-1.4154819113010926,success,9.729,world_103.world,8.957754143673563,0.5
VLM,0,17,0,2.0661152755960177e-07,-1.317946928857283,success,9.695,world_103.world,8.957754143673563,0.5
VLM,0,18,0,1.9493173588075326e-07,-1.445112514607118,success,10.274000000000001,world_103.world,8.957754143673563,0.5
VLM,0,199,0,0.943928705088587,-277.37382907865026,timeout,107.72099999999999,world_102.world,8.31033103070008,0.0
VLM,0,28,0,0.0051881964736450745,-7.780558188240329,success,15.434,world_102.world,8.31033103070008,0.5
VLM,0,199,0,0.884963937766526,-174.96426576418037,timeout,108.157,world_102.world,8.31033103070008,0.0
VLM,0,77,5,0.4862036400474005,-79.88005882783517,collision,42.052,world_101.world,8.043651759318303,0.0
VLM,0,12,0,2.8985498844782945e-07,-1.3629923815230416,success,6.907,world_101.world,8.043651759318303,0.5
VLM,0,199,0,0.9233191345930888,-264.07587849314103,timeout,107.985,world_101.world,8.043651759318303,0.0
VLM,0,11,0,3.134795255550077e-07,-0.18146366376025164,success,6.382,world_100.world,7.710418300975051,0.5
VLM,0,10,0,3.333332222222593e-07,-0.16813880322716163,success,6.01,world_100.world,7.710418300975051,0.5
VLM,0,11,0,3.115263827020615e-07,-0.18155833755654396,success,6.42,world_100.world,7.710418300975051,0.5
VLM,0,16,0,2.2075050314558433e-07,-1.060566369547153,success,9.073,world_99.world,8.762009355181966,0.5
VLM,0,17,0,2.0833328993056462e-07,-0.9100466463968067,success,9.610999999999999,world_99.world,8.762009355181966,0.5
VLM,0,17,0,2.0876822363920176e-07,-0.9302028238285676,success,9.581,world_99.world,8.762009355181966,0.5
VLM,0,12,0,2.85714204081656e-07,-0.48938918267072345,success,7.007999999999999,world_98.world,8.013904791833717,0.5
VLM,0,12,0,2.923975753223464e-07,-0.5443760498540094,success,6.848000000000001,world_98.world,8.013904791833717,0.5
VLM,0,11,0,3.1446530991656923e-07,-0.502131286041031,success,6.371999999999998,world_98.world,8.013904791833717,0.5
VLM,0,19,0,1.8726588253447895e-07,-1.0697328479892918,success,10.681,world_97.world,8.744001349522417,0.5
VLM,0,19,0,1.869158529129247e-07,-1.1342686688254362,success,10.712000000000002,world_97.world,8.744001349522417,0.5
VLM,0,20,0,1.7605630703234033e-07,-1.1764932653728546,success,11.369000000000002,world_97.world,8.744001349522417,0.5
VLM,0,12,0,2.8818435499009945e-07,-0.8380313728184815,success,6.952000000000002,world_96.world,8.233773212154066,0.5
VLM,0,18,1,0.2261906297240814,-8.192452850928127,success,10.103000000000002,world_96.world,8.233773212154066,0.0
VLM,0,15,0,2.3474172893386647e-07,-1.1980154262530205,success,8.537,world_96.world,8.233773212154066,0.5
VLM,0,10,0,3.401359387292726e-07,-0.35287125906838046,success,5.895,world_95.world,9.649307432794064,0.5
VLM,0,10,0,3.322258032472415e-07,-0.3601387905735074,success,6.0329999999999995,world_95.world,9.649307432794064,0.5
VLM,0,11,0,3.134795255550077e-07,-0.39401854365536304,success,6.3919999999999995,world_95.world,9.649307432794064,0.5
VLM,0,119,0,0.8509393332017452,-32.25323731167813,success,64.953,world_94.world,7.874110368727349,0.125
VLM,0,17,0,2.0833328993056462e-07,-0.8567305960294571,success,9.602,world_94.world,7.874110368727349,0.5
VLM,0,23,0,0.2959502654283076,-6.909751483690381,success,12.843999999999998,world_94.world,7.874110368727349,0.5
VLM,0,199,0,0.6214857638896711,-358.5861047331877,timeout,107.43799999999999,world_93.world,8.737123788614076,0.0
VLM,0,199,0,0.646948714957905,-351.11061529783603,timeout,106.85900000000001,world_93.world,8.737123788614076,0.0
VLM,0,199,0,0.5844689269279648,-363.2727760566992,timeout,107.142,world_93.world,8.737123788614076,0.0
VLM,0,10,0,3.4246563614190546e-07,-0.13250520747669675,success,5.856999999999999,world_92.world,8.426405905836614,0.5
VLM,0,10,0,3.3898293593798786e-07,-0.17036489407417488,success,5.899000000000001,world_92.world,8.426405905836614,0.5
VLM,0,10,0,3.4129681184409156e-07,-0.1851235548216296,success,5.859999999999999,world_92.world,8.426405905836614,0.5
VLM,0,13,0,2.6595737607516596e-07,-0.7478892034102325,success,7.530999999999999,world_91.world,8.651211523244614,0.5
VLM,0,14,0,2.4999993750001564e-07,-0.7651914349431669,success,8.002,world_91.world,8.651211523244614,0.5
VLM,0,15,0,2.3474172893386647e-07,-0.8437432928739189,success,8.530000000000001,world_91.world,8.651211523244614,0.5
VLM,0,11,0,3.115263827020615e-07,-0.3641738092109312,success,6.429000000000002,world_90.world,8.915313973228162,0.5
VLM,0,11,0,3.095974273692176e-07,-0.6147086267425843,success,6.471,world_90.world,8.915313973228162,0.5
VLM,0,11,0,3.134795255550077e-07,-0.4643447771803024,success,6.397,world_90.world,8.915313973228162,0.5
VLM,0,24,0,1.503759172367042e-07,-3.005117770216183,success,13.313,world_89.world,8.277057943766925,0.5
VLM,0,23,0,0.003110574943923026,-2.844638773853283,success,12.870000000000001,world_89.world,8.277057943766925,0.5
VLM,0,199,1,0.9026614572368983,-210.59136464426226,timeout,107.477,world_89.world,8.277057943766925,0.0
VLM,0,10,0,3.4246563614190546e-07,-0.12591625196820527,success,5.845999999999998,world_88.world,8.22603682618968,0.5
VLM,0,10,0,3.4246563614190546e-07,-0.14024547101965873,success,5.854000000000001,world_88.world,8.22603682618968,0.5
VLM,0,10,0,3.3898293593798786e-07,-0.12642770442383827,success,5.901,world_88.world,8.22603682618968,0.5
VLM,0,84,0,0.7356271892148436,-51.774596322442584,success,45.923,world_87.world,7.965846176566169,0.1734609275649711
VLM,0,42,0,0.5060449476645122,-19.242061753897524,success,23.172,world_87.world,7.965846176566169,0.34377033387563305
VLM,0,150,3,0.8451359998741486,-23.56952215746737,success,81.63499999999999,world_87.world,7.965846176566169,0.0
VLM,0,10,0,3.3898293593798786e-07,-0.22248304479984463,success,5.898999999999999,world_86.world,8.086051833195288,0.5
VLM,0,10,0,3.4129681184409156e-07,-0.20913027604550974,success,5.865,world_86.world,8.086051833195288,0.5
VLM,0,10,0,3.401359387292726e-07,-0.2128145525214054,success,5.895999999999999,world_86.world,8.086051833195288,0.5
VLM,0,199,0,0.95598885875601,-114.54452075044739,timeout,107.699,world_85.world,8.49776588751143,0.0
VLM,0,28,0,0.10376146514118481,-8.699781477180593,success,15.428,world_85.world,8.49776588751143,0.5
VLM,0,49,0,0.6898876636788267,-13.126476305198342,success,26.711,world_85.world,8.49776588751143,0.3181373174913493
VLM,0,199,0,0.9329008353493821,-92.25345051668504,timeout,107.91199999999999,world_84.world,7.7946843634494,0.0
VLM,0,43,0,0.5401521944080985,-26.335445815804757,success,23.669,world_84.world,7.7946843634494,0.3293203922197558
VLM,0,31,0,0.3205128997071212,-8.522236634530271,success,17.167,world_84.world,7.7946843634494,0.45405046679381367
VLM,0,22,0,1.6129029656608122e-07,-3.5711258900056166,success,12.399,world_83.world,8.267190471112068,0.5
VLM,0,22,0,1.626015995769757e-07,-3.720150683550156,success,12.31,world_83.world,8.267190471112068,0.5
VLM,0,82,0,0.6950291224796631,-28.78983892679441,success,44.655,world_83.world,8.267190471112068,0.1851347099118143
VLM,0,34,0,0.3567625818144215,-13.690298049115373,success,18.798000000000002,world_82.world,8.958164793488972,0.47654882399664705
VLM,0,19,0,1.8761722558776257e-07,-1.4423503720743573,success,10.665000000000001,world_82.world,8.958164793488972,0.5
VLM,0,18,0,1.9841265904510736e-07,-1.284708617533593,success,10.099,world_82.world,8.958164793488972,0.5
VLM,0,18,0,1.9646361562600874e-07,-1.8206491489835144,success,10.194,world_81.world,8.068852074309877,0.5
VLM,0,20,0,0.06618979137928599,-2.077203530539716,success,11.19,world_81.world,8.068852074309877,0.5
VLM,0,37,0,0.38998041355791613,-13.89144511498464,success,20.377000000000002,world_81.world,8.068852074309877,0.3959784106742836
VLM,0,12,0,2.8818435499009945e-07,-0.4929837277024781,success,6.948,world_80.world,8.100313695246186,0.5
VLM,0,11,0,3.0864188004880247e-07,-0.4651581250574842,success,6.491,world_80.world,8.100313695246186,0.5
VLM,0,12,0,2.890172575094632e-07,-0.5141883668822174,success,6.9239999999999995,world_80.world,8.100313695246186,0.5
VLM,0,14,0,2.512562182773321e-07,-2.24578371527261,success,7.975999999999999,world_79.world,7.9152425094789844,0.5
VLM,0,199,0,0.903977800111419,-76.67354677253783,timeout,108.114,world_79.world,7.9152425094789844,0.0
VLM,0,199,0,0.9411221863949394,-57.32763905189544,timeout,108.364,world_79.world,7.9152425094789844,0.0
VLM,0,10,0,3.322258032472415e-07,-0.33011032427134496,success,6.032,world_78.world,8.307917259957843,0.5
VLM,0,10,0,3.344480486795824e-07,-0.3295889781502424,success,5.983999999999998,world_78.world,8.307917259957843,0.5
VLM,0,10,0,3.4246563614190546e-07,-0.31631536404522265,success,5.854999999999999,world_78.world,8.307917259957843,0.5
VLM,0,21,0,1.694914966963565e-07,-3.063903125054962,success,11.815999999999999,world_77.world,7.858846823156121,0.5
VLM,0,21,0,1.7123284739163572e-07,-3.204142015713456,success,11.683,world_77.world,7.858846823156121,0.5
VLM,0,20,0,1.766784140144145e-07,-3.0765810464568,success,11.323,world_77.world,7.858846823156121,0.5
VLM,0,11,0,3.115263827020615e-07,-0.6024320192301496,success,6.433999999999999,world_76.world,8.134191097866879,0.5
VLM,0,12,0,0.008695939508423333,-0.6555426192447169,success,6.913,world_76.world,8.134191097866879,0.5
VLM,0,11,0,3.115263827020615e-07,-0.6071122179421296,success,6.427,world_76.world,8.134191097866879,0.5
VLM,0,11,0,3.115263827020615e-07,-0.6620376157266444,success,6.4300000000000015,world_75.world,8.598515422056995,0.5
VLM,0,22,0,0.3579455284196584,-7.048480459311902,success,12.471,world_75.world,8.598515422056995,0.5
VLM,0,11,0,3.105589097643138e-07,-0.6805172750644337,success,6.4510000000000005,world_75.world,8.598515422056995,0.5
VLM,0,11,0,3.1249990234378054e-07,-0.41313178650152865,success,6.417,world_74.world,7.681679114277142,0.5
VLM,0,11,0,3.1249990234378054e-07,-0.41143885083613174,success,6.418000000000001,world_74.world,7.681679114277142,0.5
VLM,0,11,0,3.1446530991656923e-07,-0.41059209522034507,success,6.371,world_74.world,7.681679114277142,0.5
VLM,0,11,0,3.0864188004880247e-07,-0.4333657752374931,success,6.484000000000002,world_73.world,7.662817528720334,0.5
VLM,0,11,0,3.154573137358632e-07,-0.4688684075060982,success,6.356999999999999,world_73.world,7.662817528720334,0.5
VLM,0,11,0,3.115263827020615e-07,-0.4251451453333487,success,6.425999999999998,world_73.world,7.662817528720334,0.5
VLM,0,29,0,0.06716429512881902,-6.705562812470849,success,16.079,world_72.world,9.048141684378571,0.5
VLM,0,199,0,0.46343284583147676,-383.63425917544066,timeout,107.208,world_72.world,9.048141684378571,0.0
VLM,0,199,0,0.4292118149194656,-450.0723873942549,timeout,107.087,world_72.world,9.048141684378571,0.0
VLM,0,12,0,2.8735623926544855e-07,-0.22117897911992668,success,6.979000000000001,world_71.world,8.454422867423581,0.5
VLM,0,12,0,2.9069758991349133e-07,-0.2088193159154152,success,6.885999999999999,world_71.world,8.454422867423581,0.5
VLM,0,13,0,2.6666659555557455e-07,-0.2514642213350028,success,7.505000000000003,world_71.world,8.454422867423581,0.5
VLM,0,10,0,3.4129681184409156e-07,-0.16426235363038247,success,5.867000000000001,world_70.world,8.555485396665695,0.5
VLM,0,10,0,3.3898293593798786e-07,-0.17146699498333115,success,5.901,world_70.world,8.555485396665695,0.5
VLM,0,10,0,3.3898293593798786e-07,-0.15908890418711152,success,5.904999999999999,world_70.world,8.555485396665695,0.5
VLM,0,23,3,0.5423198209530061,-9.441092698983072,collision,12.777,world_69.world,8.295894615687171,0.0
VLM,0,16,0,2.2075050314558433e-07,-0.8769771463999382,success,9.063,world_69.world,8.295894615687171,0.5
VLM,0,18,0,1.9841265904510736e-07,-1.0100737008794225,success,10.095999999999998,world_69.world,8.295894615687171,0.5
VLM,0,11,0,3.154573137358632e-07,-0.7494409127410139,success,6.343000000000002,world_68.world,7.992671380754568,0.5
VLM,0,11,0,3.115263827020615e-07,-0.752505577533942,success,6.436999999999998,world_68.world,7.992671380754568,0.5
VLM,0,11,0,3.115263827020615e-07,-0.7952324087963397,success,6.4289999999999985,world_68.world,7.992671380754568,0.5
VLM,0,53,0,0.4979310691082021,-32.03502416505386,success,29.018,world_67.world,8.137590764596517,0.28043251652755247
VLM,0,15,0,2.3201850765231844e-07,-1.0131008132806734,success,8.632000000000001,world_67.world,8.137590764596517,0.5
VLM,0,40,0,0.4279238959271173,-20.18597831278107,success,22.076999999999998,world_67.world,8.137590764596517,0.3686003879420446
VLM,0,199,0,0.50651527351982,-367.136435161789,timeout,107.451,world_66.world,8.431327419200922,0.0
VLM,0,199,0,0.6146025949241665,-344.5709961810986,timeout,108.203,world_66.world,8.431327419200922,0.0
VLM,0,199,0,0.49609085078014054,-382.1270552500515,timeout,107.45700000000001,world_66.world,8.431327419200922,0.0
VLM,0,10,0,3.3898293593798786e-07,-0.1576753402619891,success,5.900000000000002,world_65.world,7.784881350694137,0.5
VLM,0,10,0,3.401359387292726e-07,-0.1460601723963065,success,5.888,world_65.world,7.784881350694137,0.5
VLM,0,10,0,3.448274673008734e-07,-0.14874816669437618,success,5.814000000000002,world_65.world,7.784881350694137,0.5
VLM,0,21,0,1.715265571995614e-07,-1.697157293108432,success,11.675999999999998,world_64.world,8.299052786270355,0.5
VLM,0,19,0,0.17073186290208953,-1.8696081701240241,success,10.661000000000001,world_64.world,8.299052786270355,0.5
VLM,0,36,0,0.32124880954191243,-26.45002557978127,success,19.873000000000005,world_64.world,8.299052786270355,0.41760442742768344
VLM,0,28,0,0.4388675110852624,-14.097617955403415,success,15.545000000000002,world_63.world,8.142136090349757,0.5
VLM,0,62,1,0.7694117782698954,-9.198221536878632,success,34.013,world_63.world,8.142136090349757,0.0
VLM,0,27,1,0.4368421793628711,-11.824760582038948,success,15.200000000000001,world_63.world,8.142136090349757,0.0
VLM,0,10,0,3.4246563614190546e-07,-0.008145900351592258,success,5.8530000000000015,world_62.world,7.789669185797129,0.5
VLM,0,10,0,3.4129681184409156e-07,-0.007376372184256076,success,5.879000000000001,world_62.world,7.789669185797129,0.5
VLM,0,10,0,3.3898293593798786e-07,-0.01291110989777581,success,5.904,world_62.world,7.789669185797129,0.5
VLM,0,10,0,3.3557035719115533e-07,-0.1539535162891212,success,5.965999999999999,world_61.world,7.90488192076935,0.5
VLM,0,10,0,3.367002233332582e-07,-0.1534670395234509,success,5.953999999999999,world_61.world,7.90488192076935,0.5
VLM,0,10,0,3.3003289437858277e-07,-0.15833413269705968,success,6.065000000000001,world_61.world,7.90488192076935,0.5
VLM,0,10,0,3.367002233332582e-07,-0.19066757277605406,success,5.9510000000000005,world_60.world,8.1793502054952,0.5
VLM,0,10,0,3.367002233332582e-07,-0.20625358987823067,success,5.959000000000001,world_60.world,8.1793502054952,0.5
VLM,0,10,0,3.4246563614190546e-07,-0.19226475634182927,success,5.845000000000001,world_60.world,8.1793502054952,0.5
VLM,0,15,0,2.3419198262482846e-07,-1.4134790127181525,success,8.549999999999999,world_59.world,8.195378268581361,0.5
VLM,0,11,0,3.134795255550077e-07,-0.819693549715347,success,6.389000000000001,world_59.world,8.195378268581361,0.5
VLM,0,11,0,3.134795255550077e-07,-0.8769486718693181,success,6.389000000000001,world_59.world,8.195378268581361,0.5
VLM,0,11,0,3.115263827020615e-07,-0.13754464417654966,success,6.424999999999999,world_58.world,8.561860718112822,0.5
VLM,0,11,0,3.105589097643138e-07,-0.14109667788357946,success,6.448,world_58.world,8.561860718112822,0.5
VLM,0,10,0,3.3557035719115533e-07,-0.08776304344719987,success,5.959999999999999,world_58.world,8.561860718112822,0.5
VLM,0,18,0,1.9762841944102384e-07,-1.6225963532755,success,10.130999999999998,world_57.world,8.325250746080222,0.5
VLM,0,18,0,1.95694677946247e-07,-1.5097905443363195,success,10.237,world_57.world,8.325250746080222,0.5
VLM,0,18,0,1.9379841205457133e-07,-1.6471366027466496,success,10.320999999999998,world_57.world,8.325250746080222,0.5
VLM,0,10,0,3.367002233332582e-07,-0.19128916205572008,success,5.952,world_56.world,8.14825227129895,0.5
VLM,0,11,0,3.1446530991656923e-07,-0.20993859499393377,success,6.372,world_56.world,8.14825227129895,0.5
VLM,0,11,0,3.095974273692176e-07,-0.16438662935143053,success,6.464999999999998,world_56.world,8.14825227129895,0.5
VLM,0,11,0,3.095974273692176e-07,-0.26748351316965685,success,6.468999999999999,world_55.world,7.972038590337743,0.5
VLM,0,10,0,3.3898293593798786e-07,-0.2535284642559162,success,5.916999999999998,world_55.world,7.972038590337743,0.5
VLM,0,10,0,3.401359387292726e-07,-0.2870310864785546,success,5.892999999999999,world_55.world,7.972038590337743,0.5
VLM,0,10,0,3.3112571817029206e-07,-0.009373248980529558,success,6.056000000000001,world_54.world,7.937059993858295,0.5
VLM,0,11,0,3.134795255550077e-07,-0.012375334280704697,success,6.391000000000002,world_54.world,7.937059993858295,0.5
VLM,0,10,0,3.4129681184409156e-07,-0.006975136417302354,success,5.871,world_54.world,7.937059993858295,0.5
VLM,0,10,0,3.344480486795824e-07,-0.009165687053178743,success,5.993999999999998,world_53.world,8.137162957850254,0.5
VLM,0,10,0,3.401359387292726e-07,-0.007846046122320791,success,5.892999999999999,world_53.world,8.137162957850254,0.5
VLM,0,10,0,3.3898293593798786e-07,-0.007491165114550199,success,5.911000000000001,world_53.world,8.137162957850254,0.5
VLM,0,199,0,0.9712163422243948,-305.4103448733994,timeout,107.71,world_52.world,8.908826053052014,0.0
VLM,0,11,0,3.1446530991656923e-07,-0.9100755829272018,success,6.3740000000000006,world_52.world,8.908826053052014,0.5
VLM,0,12,0,0.019830305997080456,-0.8716723788050182,success,7.061999999999999,world_52.world,8.908826053052014,0.5
VLM,0,10,0,3.3898293593798786e-07,-0.4696240817599295,success,5.911999999999999,world_51.world,8.428638485368548,0.5
VLM,0,11,0,3.134795255550077e-07,-0.49264912120575516,success,6.388000000000002,world_51.world,8.428638485368548,0.5
VLM,0,11,0,3.105589097643138e-07,-0.7992391230251563,success,6.452999999999999,world_51.world,8.428638485368548,0.5
VLM,0,10,0,3.3898293593798786e-07,-0.2953253180447039,success,5.914999999999999,world_50.world,8.136260874827512,0.5
VLM,0,10,0,3.4364249359364486e-07,-0.28292083599414664,success,5.8359999999999985,world_50.world,8.136260874827512,0.5
VLM,0,10,0,3.3898293593798786e-07,-0.2884882232927668,success,5.9140000000000015,world_50.world,8.136260874827512,0.5
VLM,0,15,0,0.04418626879389098,-1.4197220886587794,success,8.613,world_49.world,9.849313256116805,0.5
VLM,0,15,0,2.3419198262482846e-07,-1.4577328101434517,success,8.554,world_49.world,9.849313256116805,0.5
VLM,0,15,0,2.3148142789781765e-07,-1.5358014724108628,success,8.641000000000002,world_49.world,9.849313256116805,0.5
VLM,0,10,0,3.3898293593798786e-07,-0.3552910743333612,success,5.904,world_48.world,7.723639668622052,0.5
VLM,0,10,0,3.4364249359364486e-07,-0.34760053073525127,success,5.835000000000001,world_48.world,7.723639668622052,0.5
VLM,0,10,0,3.3557035719115533e-07,-0.36120787441265284,success,5.9620000000000015,world_48.world,7.723639668622052,0.5
VLM,0,11,0,3.058103040335462e-07,-0.01214947768617766,success,6.5489999999999995,world_47.world,7.978430289997688,0.5
VLM,0,10,0,3.3112571817029206e-07,-0.007033338405731276,success,6.043999999999999,world_47.world,7.978430289997688,0.5
VLM,0,11,0,3.115263827020615e-07,-0.0011937478571997463,success,6.4350000000000005,world_47.world,7.978430289997688,0.5
VLM,0,11,0,3.1249990234378054e-07,-0.7180588564669569,success,6.406000000000001,world_46.world,8.128776611550942,0.5
VLM,0,11,0,3.105589097643138e-07,-0.8472796666369254,success,6.449999999999999,world_46.world,8.128776611550942,0.5
VLM,0,11,0,3.1249990234378054e-07,-1.1413033887081434,success,6.405000000000001,world_46.world,8.128776611550942,0.5
VLM,0,10,0,3.3898293593798786e-07,-0.012864273449123137,success,5.918000000000001,world_45.world,8.507345602053446,0.5
VLM,0,10,0,3.333332222222593e-07,-0.025757418395347252,success,6.004999999999999,world_45.world,8.507345602053446,0.5
VLM,0,10,0,3.401359387292726e-07,-0.008806636975964547,success,5.896000000000001,world_45.world,8.507345602053446,0.5
VLM,0,10,0,3.4246563614190546e-07,-0.25979650019178363,success,5.845000000000001,world_44.world,7.979286410739421,0.5
VLM,0,11,0,3.1446530991656923e-07,-0.3040043657960064,success,6.370000000000001,world_44.world,7.979286410739421,0.5
VLM,0,10,0,3.401359387292726e-07,-0.2712145918427115,success,5.901999999999999,world_44.world,7.979286410739421,0.5
VLM,0,10,0,3.378377237034718e-07,-0.18051986110888704,success,5.937999999999999,world_43.world,8.109232491626438,0.5
VLM,0,10,0,3.378377237034718e-07,-0.18562797816006152,success,5.93,world_43.world,8.109232491626438,0.5
VLM,0,10,0,3.367002233332582e-07,-0.1788294530677457,success,5.944000000000001,world_43.world,8.109232491626438,0.5
VLM,0,10,0,3.378377237034718e-07,-0.1848559047854178,success,5.937000000000001,world_43.world,8.109232491626438,0.5
VLM,0,11,0,3.115263827020615e-07,-0.2812518996634159,success,6.423,world_42.world,8.078518849674825,0.5
VLM,0,11,0,3.095974273692176e-07,-0.26629874725196445,success,6.469999999999999,world_42.world,8.078518849674825,0.5
VLM,0,10,0,3.322258032472415e-07,-0.2494462472146607,success,6.0219999999999985,world_42.world,8.078518849674825,0.5
VLM,0,10,0,3.367002233332582e-07,-0.06439133198870833,success,5.9559999999999995,world_41.world,8.41676640181258,0.5
VLM,0,10,0,3.378377237034718e-07,-0.06304221393342714,success,5.921999999999999,world_41.world,8.41676640181258,0.5
VLM,0,10,0,3.4129681184409156e-07,-0.0632506697482197,success,5.871999999999998,world_41.world,8.41676640181258,0.5
VLM,0,11,0,3.1446530991656923e-07,-0.5469628143457874,success,6.369,world_40.world,7.91606639191294,0.5
VLM,0,10,0,3.378377237034718e-07,-0.5121361222763156,success,5.937000000000001,world_40.world,7.91606639191294,0.5
VLM,0,10,0,3.322258032472415e-07,-0.5014488408604318,success,6.025999999999998,world_40.world,7.91606639191294,0.5
VLM,0,24,0,0.3055142614732844,-8.098173284674319,success,13.428,world_39.world,8.383492590770384,0.5
VLM,0,19,0,0.027829493909184804,-1.9515201869023497,success,10.799000000000001,world_39.world,8.383492590770384,0.5
VLM,0,17,0,2.0790016467772047e-07,-1.8340614170286738,success,9.633000000000001,world_39.world,8.383492590770384,0.5
VLM,0,11,0,3.105589097643138e-07,-0.19701608495412273,success,6.457999999999998,world_38.world,7.823793764091686,0.5
VLM,0,12,0,2.8490020373213575e-07,-0.25337028036289766,success,7.0230000000000015,world_38.world,7.823793764091686,0.5
VLM,0,10,0,3.333332222222593e-07,-0.1568399644441573,success,6.008000000000001,world_38.world,7.823793764091686,0.5
VLM,0,10,0,3.322258032472415e-07,-0.008695905141372008,success,6.0269999999999975,world_37.world,8.126611785765261,0.5
VLM,0,10,0,3.333332222222593e-07,-0.009154300722162483,success,6.0,world_37.world,8.126611785765261,0.5
VLM,0,10,0,3.3898293593798786e-07,-0.007383780863595332,success,5.914999999999999,world_37.world,8.126611785765261,0.5
VLM,0,10,0,3.367002233332582e-07,-0.17568753193175066,success,5.954000000000001,world_36.world,7.866330220037212,0.5
VLM,0,10,0,3.378377237034718e-07,-0.17805822276100872,success,5.919999999999998,world_36.world,7.866330220037212,0.5
VLM,0,10,0,3.401359387292726e-07,-0.18204397625446206,success,5.879999999999999,world_36.world,7.866330220037212,0.5
VLM,0,11,0,3.021147123520507e-07,-1.0916835325218202,success,6.622,world_35.world,8.057087722477611,0.5
VLM,0,11,0,3.0769221301778066e-07,-1.0116053073474498,success,6.509,world_35.world,8.057087722477611,0.5
VLM,0,11,0,3.115263827020615e-07,-0.17721922608339621,success,6.429,world_43.world,8.109232491626438,0.5
VLM,0,11,0,3.115263827020615e-07,-0.1956969613192866,success,6.429999999999998,world_43.world,8.109232491626438,0.5
VLM,0,10,0,3.3557035719115533e-07,-0.1818119565167418,success,5.970000000000001,world_43.world,8.109232491626438,0.5
VLM,0,11,0,3.058103040335462e-07,-0.2898677163818972,success,6.541,world_42.world,8.078518849674825,0.5
VLM,0,11,0,3.095974273692176e-07,-0.2583397918104735,success,6.4609999999999985,world_42.world,8.078518849674825,0.5
VLM,0,10,0,3.333332222222593e-07,-0.27299672526154173,success,6.0059999999999985,world_42.world,8.078518849674825,0.5
VLM,0,10,0,3.378377237034718e-07,-0.06211289724115237,success,5.926999999999998,world_41.world,8.41676640181258,0.5
VLM,0,10,0,3.378377237034718e-07,-0.06422940318979477,success,5.927,world_41.world,8.41676640181258,0.5
VLM,0,10,0,3.378377237034718e-07,-0.06527993186634674,success,5.925000000000001,world_41.world,8.41676640181258,0.5
VLM,0,10,0,3.3898293593798786e-07,-0.514041795807788,success,5.905999999999999,world_40.world,7.91606639191294,0.5
VLM,0,10,0,3.401359387292726e-07,-0.5019879212240125,success,5.884999999999998,world_40.world,7.91606639191294,0.5
VLM,0,10,0,3.3898293593798786e-07,-0.508808323038416,success,5.914999999999999,world_40.world,7.91606639191294,0.5
VLM,0,32,0,0.4521935374360475,-14.609637597579155,success,17.793,world_39.world,8.383492590770384,0.4711680206131841
VLM,0,14,0,2.487561570258316e-07,-2.196988437658753,success,8.052,world_39.world,8.383492590770384,0.5
VLM,0,24,1,0.3436124311876019,-13.3983907055388,success,13.621000000000002,world_39.world,8.383492590770384,0.0
VLM,0,11,0,3.115263827020615e-07,-0.22558809651825387,success,6.423,world_38.world,7.823793764091686,0.5
VLM,0,12,0,2.8818435499009945e-07,-0.24926260315126272,success,6.9460000000000015,world_38.world,7.823793764091686,0.5
VLM,0,11,0,3.115263827020615e-07,-0.2079797222884119,success,6.434000000000001,world_38.world,7.823793764091686,0.5
VLM,0,10,0,3.3898293593798786e-07,-0.011263440600723611,success,5.917000000000002,world_37.world,8.126611785765261,0.5
VLM,0,10,0,3.4129681184409156e-07,-0.007515305936943622,success,5.877000000000001,world_37.world,8.126611785765261,0.5
VLM,0,10,0,3.3557035719115533e-07,-0.010097718772253425,success,5.968000000000002,world_37.world,8.126611785765261,0.5
VLM,0,10,0,3.322258032472415e-07,-0.1846560104610992,success,6.024000000000001,world_36.world,7.866330220037212,0.5
VLM,0,10,0,3.401359387292726e-07,-0.17957778485054787,success,5.888999999999999,world_36.world,7.866330220037212,0.5
VLM,0,11,0,3.105589097643138e-07,-0.19997313661684937,success,6.452999999999999,world_36.world,7.866330220037212,0.5
VLM,0,11,0,3.0487795582989155e-07,-1.004097059131732,success,6.567,world_35.world,8.057087722477611,0.5
VLM,0,11,0,3.105589097643138e-07,-1.0010505299496295,success,6.446999999999999,world_35.world,8.057087722477611,0.5
VLM,0,11,0,3.0769221301778066e-07,-1.03071754155226,success,6.504,world_35.world,8.057087722477611,0.5
VLM,0,10,0,3.3898293593798786e-07,-0.3476443405281395,success,5.917,world_34.world,8.232892546850593,0.5
VLM,0,10,0,3.378377237034718e-07,-0.33610437527087467,success,5.925000000000001,world_34.world,8.232892546850593,0.5
VLM,0,10,0,3.4246563614190546e-07,-0.34657373491271865,success,5.8469999999999995,world_34.world,8.232892546850593,0.5
VLM,0,11,0,3.0769221301778066e-07,-0.8329551955580867,success,6.504000000000001,world_33.world,8.084455348965788,0.5
VLM,0,11,0,3.115263827020615e-07,-0.7808963770548961,success,6.419000000000002,world_33.world,8.084455348965788,0.5
VLM,0,11,0,3.0395127539474915e-07,-0.9387204127465119,success,6.589999999999998,world_33.world,8.084455348965788,0.5
VLM,0,15,0,2.3255808545160806e-07,-0.8099441288842625,success,8.604,world_32.world,7.885459226651822,0.5
VLM,0,12,0,2.8490020373213575e-07,-0.4770013900094075,success,7.023,world_32.world,7.885459226651822,0.5
VLM,0,12,0,2.840908283832874e-07,-0.4349038501758523,success,7.057000000000002,world_32.world,7.885459226651822,0.5
VLM,0,13,0,2.6455019456344064e-07,-0.6088178449068994,success,7.561,world_31.world,9.167567699214853,0.5
VLM,0,11,0,3.0674837216307606e-07,-0.614502587167647,success,6.539999999999999,world_31.world,9.167567699214853,0.5
VLM,0,13,0,2.6595737607516596e-07,-1.0544948343668514,success,7.522999999999998,world_31.world,9.167567699214853,0.5
VLM,0,18,0,1.9646361562600874e-07,-1.9092622539862873,success,10.191999999999998,world_30.world,8.334769441907351,0.5
VLM,0,17,0,2.0661152755960177e-07,-2.276014359684063,success,9.685000000000002,world_30.world,8.334769441907351,0.5
VLM,0,20,0,0.07908627784072447,-1.9936663161072397,success,11.383999999999999,world_30.world,8.334769441907351,0.5
VLM,0,10,0,3.367002233332582e-07,-0.2646927934987165,success,5.956999999999999,world_29.world,8.005103129808365,0.5
VLM,0,10,0,3.4364249359364486e-07,-0.25837769503686914,success,5.824,world_29.world,8.005103129808365,0.5
VLM,0,10,0,3.4129681184409156e-07,-0.2582638908044227,success,5.877999999999998,world_29.world,8.005103129808365,0.5
VLM,0,11,0,3.0864188004880247e-07,-0.008979220604016548,success,6.497,world_28.world,8.273013727055181,0.5
VLM,0,11,0,3.115263827020615e-07,-0.008424083467548615,success,6.439,world_28.world,8.273013727055181,0.5
VLM,0,11,0,3.0487795582989155e-07,-0.009990520637194512,success,6.567,world_28.world,8.273013727055181,0.5
VLM,0,11,0,3.105589097643138e-07,-0.4389357833520555,success,6.446,world_27.world,9.7461734452151,0.5
VLM,0,11,0,3.105589097643138e-07,-0.41907465769399427,success,6.455,world_27.world,9.7461734452151,0.5
VLM,0,11,0,3.095974273692176e-07,-0.41090111345992825,success,6.469000000000001,world_27.world,9.7461734452151,0.5
VLM,0,11,0,3.105589097643138e-07,-0.5800884260981028,success,6.446,world_26.world,8.137590764596517,0.5
VLM,0,13,0,2.6666659555557455e-07,-0.6998237913025671,success,7.507,world_26.world,8.137590764596517,0.5
VLM,0,15,0,0.2004663868376721,-0.8742886691886317,success,8.597000000000001,world_26.world,8.137590764596517,0.5
VLM,0,10,0,3.378377237034718e-07,-0.6228122920498376,success,5.939,world_25.world,8.964642398613119,0.5
VLM,0,11,0,3.1249990234378054e-07,-0.654075015915606,success,6.408000000000001,world_25.world,8.964642398613119,0.5
VLM,0,10,0,3.367002233332582e-07,-0.6103026148434629,success,5.952999999999999,world_25.world,8.964642398613119,0.5
VLM,0,10,0,3.3112571817029206e-07,-0.3908051864829353,success,6.057,world_24.world,8.330207406715914,0.5
VLM,0,10,0,3.344480486795824e-07,-0.3905398650840049,success,5.984,world_24.world,8.330207406715914,0.5
VLM,0,11,0,3.105589097643138e-07,-0.41483970311946927,success,6.453999999999999,world_24.world,8.330207406715914,0.5
VLM,0,10,0,3.3898293593798786e-07,-0.0078197400974017,success,5.917999999999999,world_23.world,8.080539346398604,0.5
VLM,0,10,0,3.3557035719115533e-07,-0.00981232576507553,success,5.977000000000002,world_23.world,8.080539346398604,0.5
VLM,0,10,0,3.367002233332582e-07,-0.006731859035969503,success,5.943000000000001,world_23.world,8.080539346398604,0.5
VLM,0,175,0,0.9005663960443382,-33.25622581551524,success,95.354,world_22.world,9.858020142051808,0.125
VLM,0,5,3,0.5679015012953695,0,collision,3.244999999999999,world_22.world,9.858020142051808,0.0
VLM,0,71,0,0.7792074225832515,-19.075230753828702,success,38.873000000000005,world_22.world,9.858020142051808,0.25359555840948234
VLM,0,10,0,3.401359387292726e-07,-0.006971194628093946,success,5.885999999999999,world_21.world,8.155271571994216,0.5
VLM,0,10,0,3.344480486795824e-07,-0.006803924932693103,success,5.997999999999999,world_21.world,8.155271571994216,0.5
VLM,0,10,0,3.401359387292726e-07,-0.007570655805382408,success,5.886999999999999,world_21.world,8.155271571994216,0.5
VLM,0,13,0,2.6737960765251136e-07,-2.2305991774720226,success,7.5009999999999994,world_20.world,8.748223030535536,0.5
VLM,0,13,0,0.0053478595326578796,-1.9557221354700178,success,7.481999999999999,world_20.world,8.748223030535536,0.5
VLM,0,46,1,0.5524035025686759,-28.09677186749546,success,25.385000000000005,world_20.world,8.748223030535536,0.0
VLM,0,10,0,3.401359387292726e-07,-0.00934572914409546,success,5.893999999999998,world_19.world,8.360155832410621,0.5
VLM,0,10,0,3.3898293593798786e-07,-0.00859129118704449,success,5.901999999999999,world_19.world,8.360155832410621,0.5
VLM,0,10,0,3.367002233332582e-07,-0.006421895251913307,success,5.962,world_19.world,8.360155832410621,0.5
VLM,0,10,0,3.367002233332582e-07,-0.008196779075608047,success,5.943999999999999,world_18.world,8.199722798952482,0.5
VLM,0,10,0,3.4129681184409156e-07,-0.0101894757210682,success,5.863000000000001,world_18.world,8.199722798952482,0.5
VLM,0,11,0,3.115263827020615e-07,-0.0049643331847423,success,6.432,world_18.world,8.199722798952482,0.5
VLM,0,16,0,0.19432332001674238,-1.4552163656953496,success,9.179,world_17.world,8.019333475447048,0.5
VLM,0,11,0,3.0487795582989155e-07,-0.6447285712012999,success,6.572000000000001,world_17.world,8.019333475447048,0.5
VLM,0,11,0,3.1249990234378054e-07,-0.5224503109200046,success,6.411,world_17.world,8.019333475447048,0.5
VLM,0,10,0,3.3898293593798786e-07,-0.10550205477993012,success,5.914999999999999,world_16.world,7.7050962891335395,0.5
VLM,0,10,0,3.3557035719115533e-07,-0.09676426695879844,success,5.9659999999999975,world_16.world,7.7050962891335395,0.5
VLM,0,10,0,3.4364249359364486e-07,-0.09852900406825596,success,5.823,world_16.world,7.7050962891335395,0.5
VLM,0,26,0,0.2561984495594422,-8.534942557782113,success,14.534,world_15.world,8.183135858441506,0.5
VLM,0,14,0,2.463053580528675e-07,-1.7992701131869637,success,8.125000000000002,world_15.world,8.183135858441506,0.5
VLM,0,32,0,0.3534676338403094,-15.818980397617027,success,17.888999999999996,world_15.world,8.183135858441506,0.45743953594060643
VLM,0,17,2,0.148374156834521,-1.848009557314648,success,9.854,world_14.world,8.086238508844373,0.0
VLM,0,199,0,0.9698916840482525,-124.17587885410879,timeout,108.959,world_14.world,8.086238508844373,0.0
VLM,0,19,0,0.17196277159574364,-2.209264373296824,success,10.707,world_14.world,8.086238508844373,0.5
VLM,0,10,0,3.378377237034718e-07,-0.0008406351973184094,success,5.925000000000001,world_13.world,7.703425987449967,0.5
VLM,0,10,0,3.344480486795824e-07,-0.007478171445472676,success,5.984,world_13.world,7.703425987449967,0.5
VLM,0,10,0,3.4129681184409156e-07,-0.006208235815336378,success,5.859999999999999,world_13.world,7.703425987449967,0.5
VLM,0,10,0,3.4129681184409156e-07,-0.29148923838530116,success,5.869,world_12.world,8.164601230243118,0.5
VLM,0,10,0,3.378377237034718e-07,-0.32825958376813635,success,5.927,world_12.world,8.164601230243118,0.5
VLM,0,10,0,3.378377237034718e-07,-0.3029484078217419,success,5.936,world_12.world,8.164601230243118,0.5
VLM,0,54,0,0.707661309968998,-17.762239732593233,success,29.764000000000003,world_11.world,8.161275706150734,0.2741995600776352
VLM,0,68,0,0.7397552027804576,-13.433359194006457,success,37.596999999999994,world_11.world,8.161275706150734,0.21707252456713927
VLM,0,55,0,0.7093403194421738,-12.766850305253328,success,30.639,world_11.world,8.161275706150734,0.266368866678114
VLM,0,17,0,2.0533876687088977e-07,-1.6546360403414035,success,9.744,world_10.world,8.770606378344223,0.5
VLM,0,17,0,2.0790016467772047e-07,-1.6281051247536575,success,9.626,world_10.world,8.770606378344223,0.5
VLM,0,17,0,2.070392946088417e-07,-1.5735902500615515,success,9.663,world_10.world,8.770606378344223,0.5
VLM,0,199,0,0.7613531943123149,-177.8520285030046,timeout,108.79400000000001,world_9.world,7.905243154921573,0.0
VLM,0,199,0,0.4948186621980263,-385.78138754905706,timeout,108.078,world_9.world,7.905243154921573,0.0
VLM,0,199,0,0.43322235602622355,-395.5112886119468,timeout,108.131,world_9.world,7.905243154921573,0.0
VLM,0,10,0,3.3898293593798786e-07,-0.3086234744246798,success,5.905000000000001,world_8.world,8.839768846148173,0.5
VLM,0,10,0,3.378377237034718e-07,-0.3030580721264837,success,5.920999999999999,world_8.world,8.839768846148173,0.5
VLM,0,10,0,3.344480486795824e-07,-0.2946331742433959,success,5.98,world_8.world,8.839768846148173,0.5
VLM,0,10,0,3.3898293593798786e-07,-0.16745267242695552,success,5.902999999999999,world_7.world,8.177602477491796,0.5
VLM,0,10,0,3.4246563614190546e-07,-0.17872336349309775,success,5.848000000000001,world_7.world,8.177602477491796,0.5
VLM,0,10,0,3.322258032472415e-07,-0.1958884410106117,success,6.036999999999999,world_7.world,8.177602477491796,0.5
VLM,0,10,0,3.4129681184409156e-07,-0.17135708570630823,success,5.879,world_6.world,8.085837515270248,0.5
VLM,0,11,0,3.0864188004880247e-07,-0.1927581148809841,success,6.497,world_6.world,8.085837515270248,0.5
VLM,0,11,0,3.1249990234378054e-07,-0.1931677347273126,success,6.416,world_6.world,8.085837515270248,0.5
VLM,0,10,0,3.367002233332582e-07,-0.2714177585387866,success,5.946999999999999,world_5.world,7.912764273041438,0.5
VLM,0,10,0,3.401359387292726e-07,-0.3103578563449618,success,5.881999999999998,world_5.world,7.912764273041438,0.5
VLM,0,10,0,3.3898293593798786e-07,-0.29843335760573575,success,5.913,world_5.world,7.912764273041438,0.5
VLM,0,12,0,2.8818435499009945e-07,-0.4804573158874398,success,6.950999999999999,world_4.world,7.890703185790128,0.5
VLM,0,12,0,2.8985498844782945e-07,-0.5426262944118273,success,6.913000000000002,world_4.world,7.890703185790128,0.5
VLM,0,11,0,3.105589097643138e-07,-0.564051317529821,success,6.442,world_4.world,7.890703185790128,0.5
VLM,0,199,0,0.9796479651696376,-134.70587952444043,timeout,109.09100000000001,world_3.world,8.95224825881783,0.0
VLM,0,16,2,0.18181835891377515,-1.538899185596041,success,9.241999999999999,world_3.world,8.95224825881783,0.0
VLM,0,17,2,0.14196260084288084,-0.9685280091068078,success,9.588000000000001,world_3.world,8.95224825881783,0.0
VLM,0,10,0,3.401359387292726e-07,-0.007204923161070573,success,5.890000000000001,world_2.world,8.591113429155527,0.5
VLM,0,10,0,3.3003289437858277e-07,-0.00664084132607236,success,6.057,world_2.world,8.591113429155527,0.5
VLM,0,10,0,3.3557035719115533e-07,-0.007140667612898581,success,5.965,world_2.world,8.591113429155527,0.5
VLM,0,16,0,2.197801714768854e-07,-0.8337828390445178,success,9.113000000000001,world_1.world,8.202198904645094,0.5
VLM,0,14,0,2.487561570258316e-07,-0.8592196599048777,success,8.054999999999998,world_1.world,8.202198904645094,0.5
VLM,0,33,0,0.5092291520923831,-13.315255704347468,success,18.427,world_1.world,8.202198904645094,0.445118516559673
VLM,0,10,0,3.378377237034718e-07,-0.3112006957536844,success,5.933999999999999,world_0.world,8.558028082848947,0.5
VLM,0,10,0,3.378377237034718e-07,-0.3139580902918399,success,5.932,world_0.world,8.558028082848947,0.5
VLM,0,10,0,3.4129681184409156e-07,-0.3188653134895802,success,5.872,world_0.world,8.558028082848947,0.5
