Method,Start_frame_id,Done_frame_id,Collision,Recovery,Smoothness,Status,Time,World,optimal_time,nav_metric
VLM,0,30,0,1.149425155238488e-07,-7.682584860675675,success,17.410999999999998,world_299.world,8.407246218783108,0.48286980752300895
VLM,0,29,0,1.1778561627966829e-07,-6.825593345874845,success,16.997,world_299.world,8.407246218783108,0.4946311830783731
VLM,0,31,0,0.0011124581632415836,-8.33532646443602,success,17.985,world_299.world,8.407246218783108,0.46745878336297514
VLM,0,20,0,1.6778520674744855e-07,-2.0759009710578877,success,11.924999999999999,world_298.world,7.998182157301491,0.5
VLM,0,25,0,1.3531797898268214e-07,-2.964160786577586,success,14.790000000000001,world_298.world,7.998182157301491,0.5
VLM,0,24,0,1.4245012215810227e-07,-2.0522053465760464,success,14.063999999999998,world_298.world,7.998182157301491,0.5
VLM,0,28,0,1.2033692896065837e-07,-5.572367592458205,success,16.628,world_297.world,7.826528565435303,0.47068370011037425
VLM,0,26,0,1.3106158177436676e-07,-4.121531772393306,success,15.262,world_297.world,7.826528565435303,0.5
VLM,0,26,0,1.2953366197750494e-07,-4.783434957565989,success,15.443999999999999,world_297.world,7.826528565435303,0.5
VLM,0,22,0,1.5873013353489945e-07,-3.1866306071646786,success,12.602000000000002,world_297.world,7.826528565435303,0.5
VLM,0,22,0,1.5673978734486092e-07,-2.9309868439830113,success,12.771,world_297.world,7.826528565435303,0.5
VLM,0,22,0,1.5313933336304237e-07,-4.0348719705626515,success,13.079,world_297.world,7.826528565435303,0.5
VLM,0,37,3,0.601482891428833,-12.330565718640454,collision,21.622,world_296.world,7.77842316226422,0.0
VLM,0,21,0,1.628664229859246e-07,-3.2103345172759683,success,12.293,world_296.world,7.77842316226422,0.5
VLM,0,31,1,0.6609071640489024,-13.231146657225034,collision,18.537,world_296.world,7.77842316226422,0.0
VLM,0,38,0,9.041590502568672e-08,-9.639229222337116,success,22.155,world_295.world,8.500779295370204,0.38369574792914485
VLM,0,47,2,0.6031746318055821,-9.650242024190586,collision,27.738,world_295.world,8.500779295370204,0.0
VLM,0,28,0,1.237623609204999e-07,-5.168052130769411,success,16.198,world_294.world,8.261333769311195,0.5
VLM,0,38,3,0.4290976584624624,-13.398060173652556,collision,21.737999999999996,world_294.world,8.261333769311195,0.0
VLM,0,29,0,1.201922932461186e-07,-5.89082778308141,success,16.650000000000002,world_294.world,8.261333769311195,0.49617620236103266
VLM,0,42,0,0.06063130725653595,-14.767337261767407,success,24.198000000000004,world_293.world,7.997672131399035,0.33050963432511093
VLM,0,24,3,0.40170948693597053,-3.9272600985259376,collision,14.04,world_293.world,7.997672131399035,0.0
VLM,0,18,3,0.25274738960670523,-1.4789060279416022,collision,10.915,world_293.world,7.997672131399035,0.0
VLM,0,20,0,1.6806719864416831e-07,-2.10424167907521,success,11.906,world_292.world,9.189719208423899,0.5
VLM,0,29,0,0.07243001490303565,-7.2347144574996385,success,17.118000000000002,world_292.world,9.189719208423899,0.5
VLM,0,14,3,0.039443378319401784,-0.9941920862510175,collision,8.617,world_292.world,9.189719208423899,0.0
VLM,0,35,0,0.001955131773691909,-10.477444116864909,success,20.474,world_291.world,8.268512621393903,0.403854284526419
VLM,0,70,3,0.5995074088912606,-36.76059815909968,collision,40.609,world_291.world,8.268512621393903,0.0
VLM,0,32,0,0.007543210394050604,-8.114702055729255,success,18.57,world_291.world,8.268512621393903,0.44526185360225645
VLM,0,21,0,1.628664229859246e-07,-3.7638316521452215,success,12.298,world_290.world,7.731003683421283,0.5
VLM,0,21,0,1.626015995769757e-07,-2.9879417345121935,success,12.309000000000001,world_290.world,7.731003683421283,0.5
VLM,0,18,0,1.8656712937180424e-07,-1.914815017346998,success,10.739,world_290.world,7.731003683421283,0.5
VLM,0,20,0,1.7035772225592467e-07,-1.7296337155518067,success,11.753,world_289.world,7.884942331552407,0.5
VLM,0,19,0,1.7793591139930404e-07,-1.7321227761336215,success,11.241000000000001,world_289.world,7.884942331552407,0.5
VLM,0,19,0,1.7857139668367917e-07,-1.7757447681014604,success,11.215000000000002,world_289.world,7.884942331552407,0.5
VLM,0,24,0,1.4184395151149624e-07,-3.581332902133257,success,14.113000000000001,world_288.world,7.676966908159272,0.5
VLM,0,23,0,1.5151512855831386e-07,-2.434558153202475,success,13.201,world_288.world,7.676966908159272,0.5
VLM,0,22,0,1.5748029016058424e-07,-1.8190142412793557,success,12.713,world_288.world,7.676966908159272,0.5
VLM,0,34,0,1.0277491235612413e-07,-12.22116490284733,success,19.459000000000003,world_287.world,8.433999179342374,0.4334240803403244
VLM,0,23,0,1.4880950166525275e-07,-4.316574626716564,success,13.454,world_287.world,8.433999179342374,0.5
VLM,0,23,0,1.503759172367042e-07,-4.042040442611957,success,13.31,world_287.world,8.433999179342374,0.5
VLM,0,26,0,1.321003788506765e-07,-5.01286983602938,success,15.143,world_286.world,8.085594036502888,0.5
VLM,0,28,2,0.07768198795536524,-4.66355111420118,success,16.23,world_286.world,8.085594036502888,0.0
VLM,0,24,0,1.4306149598547983e-07,-4.9284450029652564,success,13.996,world_286.world,8.085594036502888,0.5
VLM,0,39,0,0.0034965906034448773,-12.898320210331606,success,22.961000000000006,world_285.world,8.657291412439974,0.3770433087600702
VLM,0,25,0,1.3661200319508155e-07,-5.517671790149104,success,14.65,world_285.world,8.657291412439974,0.5
VLM,0,16,2,0.438133988208116,-6.650231658142398,collision,9.862999999999998,world_285.world,8.657291412439974,0.0
VLM,0,20,0,1.7241376337693738e-07,-0.6020943652428743,success,11.616000000000001,world_284.world,7.85639571685466,0.5
VLM,0,20,0,1.715265571995614e-07,-0.6835831725190028,success,11.671,world_284.world,7.85639571685466,0.5
VLM,0,19,0,1.7889084456335518e-07,-0.6503481555867098,success,11.184999999999999,world_284.world,7.85639571685466,0.5
VLM,0,30,0,0.030998963145928458,-6.373202188860132,success,17.424,world_283.world,8.025752695075083,0.4606148240975139
VLM,0,41,3,0.6233108426257734,-18.702533282753652,collision,23.696,world_283.world,8.025752695075083,0.0
VLM,0,21,0,1.6181227155141238e-07,-3.020752241656019,success,12.370999999999999,world_283.world,8.025752695075083,0.5
VLM,0,19,0,1.7793591139930404e-07,-0.5456671339769241,success,11.245,world_282.world,8.091436813921078,0.5
VLM,0,18,0,1.8382349562068098e-07,-0.5416833139711105,success,10.893,world_282.world,8.091436813921078,0.5
VLM,0,35,5,0.7189349389610514,-17.61558445431498,collision,20.426,world_282.world,8.091436813921078,0.0
VLM,0,19,0,1.769911191166161e-07,-1.4371108031997792,success,11.312000000000001,world_281.world,7.753104122766794,0.5
VLM,0,20,0,1.700679982877554e-07,-1.194066979602964,success,11.760000000000002,world_281.world,7.753104122766794,0.5
VLM,0,20,0,1.709401417196339e-07,-1.4368841694211743,success,11.702999999999998,world_281.world,7.753104122766794,0.5
VLM,0,20,0,1.669448803097028e-07,-2.895077099884353,success,11.991999999999999,world_280.world,7.906981912732345,0.5
VLM,0,23,1,0.0014904617748939233,-2.5507844012976286,success,13.43,world_280.world,7.906981912732345,0.0
VLM,0,20,0,1.692047091024181e-07,-2.5760528832578755,success,11.833000000000002,world_280.world,7.906981912732345,0.5
VLM,0,31,0,1.1049722535942262e-07,-8.082045470717794,success,18.1,world_279.world,8.141257752809178,0.4497932460115568
VLM,0,19,3,0.3842011877556216,-8.070621753436049,collision,11.158,world_279.world,8.141257752809178,0.0
VLM,0,31,1,0.02024757927473799,-8.062905944881654,success,17.836,world_279.world,8.141257752809178,0.0
VLM,0,25,0,1.3679888689481714e-07,-4.818498716823359,success,14.620000000000001,world_278.world,8.04702608075498,0.5
VLM,0,25,0,1.3736261849414581e-07,-3.1045680290617175,success,14.566,world_278.world,8.04702608075498,0.5
VLM,0,23,0,1.477104656262237e-07,-2.706224873410224,success,13.54,world_278.world,8.04702608075498,0.5
VLM,0,58,3,0.7541866175725707,-43.302411549895815,collision,33.45,world_277.world,8.48636998300088,0.0
VLM,0,24,0,1.4388487138347175e-07,-3.335417936816066,success,13.905000000000001,world_277.world,8.48636998300088,0.5
VLM,0,35,2,0.6792079525536681,-8.000264459796156,collision,20.223,world_277.world,8.48636998300088,0.0
VLM,0,20,0,1.7301035069025076e-07,-1.6653141817312158,success,11.577,world_276.world,8.129771498092264,0.5
VLM,0,18,0,1.88679209683168e-07,-1.6984268816494204,success,10.616000000000001,world_276.world,8.129771498092264,0.5
VLM,0,10,3,0.03921600025620907,-0.39206759054799883,collision,6.124999999999998,world_276.world,8.129771498092264,0.0
VLM,0,23,0,1.5060238695747187e-07,-4.830529442852438,success,13.296000000000001,world_275.world,8.302841434323229,0.5
VLM,0,20,0,1.7035772225592467e-07,-3.3392845395905435,success,11.754000000000001,world_275.world,8.302841434323229,0.5
VLM,0,21,0,1.6313211041890534e-07,-3.7961325576164877,success,12.265,world_275.world,8.302841434323229,0.5
VLM,0,53,3,0.07915573356492522,-20.35731514809169,success,30.329,world_274.world,7.861005519926587,0.0
VLM,0,80,2,0.7530648094104724,-19.26469349982698,collision,45.684,world_274.world,7.861005519926587,0.0
VLM,0,79,0,0.02000004355555362,-28.08351103704091,success,45.028000000000006,world_274.world,7.861005519926587,0.17458038375958482
VLM,0,28,0,1.237623609204999e-07,-5.640024494636407,success,16.177999999999997,world_273.world,8.165814212170682,0.5
VLM,0,27,3,0.7266922443560352,-12.065139211040169,collision,15.670000000000002,world_273.world,8.165814212170682,0.0
VLM,0,68,2,0.1467559656665311,-17.982703677038813,collision,38.851,world_273.world,8.165814212170682,0.0
VLM,0,22,3,0.26738805759071754,-5.673096204323958,collision,12.957999999999998,world_272.world,7.9472629195098925,0.0
VLM,0,21,0,1.647446186582177e-07,-2.750645306948247,success,12.229999999999999,world_272.world,7.9472629195098925,0.5
VLM,0,21,0,1.6366609432633482e-07,-2.3470665170329945,success,12.239999999999998,world_272.world,7.9472629195098925,0.5
VLM,0,22,0,1.5772868174626472e-07,-1.9217965302943014,success,12.733,world_271.world,7.8721324090909235,0.5
VLM,0,22,0,1.5948960773690467e-07,-2.361340611564684,success,12.577,world_271.world,7.8721324090909235,0.5
VLM,0,21,0,1.599999744000041e-07,-2.2084179603598835,success,12.52,world_271.world,7.8721324090909235,0.5
VLM,0,29,0,0.00831365696987447,-4.868569726068837,success,16.854,world_270.world,8.0158028015772,0.4756023971506586
VLM,0,30,0,1.1695905064806426e-07,-6.016433130444095,success,17.113,world_270.world,8.0158028015772,0.4684043009160989
VLM,0,28,0,1.240694635149549e-07,-5.5107147076235545,success,16.128,world_270.world,8.0158028015772,0.4970115824390625
VLM,0,23,0,1.497005763921293e-07,-4.318972205007495,success,13.373999999999999,world_269.world,8.393662666578876,0.5
VLM,0,23,0,1.5128590752104274e-07,-4.574434793432523,success,13.235,world_269.world,8.393662666578876,0.5
VLM,0,24,0,1.4285712244898253e-07,-4.680851475230316,success,14.010000000000002,world_269.world,8.393662666578876,0.5
VLM,0,24,0,1.4306149598547983e-07,-4.165346906494211,success,13.992,world_268.world,7.825330424845294,0.5
VLM,0,22,0,1.5527947899386975e-07,-3.157505509893003,success,12.913,world_268.world,7.825330424845294,0.5
VLM,0,24,0,1.4450864963747838e-07,-3.921735562104771,success,13.838999999999999,world_268.world,7.825330424845294,0.5
VLM,0,19,0,1.7953318141235524e-07,-1.0075138730511826,success,11.149999999999999,world_267.world,7.767884282048531,0.5
VLM,0,19,0,1.8214932929884715e-07,-0.9534250945321536,success,10.995,world_267.world,7.767884282048531,0.5
VLM,0,18,0,1.8587357139896445e-07,-1.0026670554885007,success,10.767000000000001,world_267.world,7.767884282048531,0.5
VLM,0,23,3,0.20558014602347344,-4.211285449495686,collision,13.632000000000001,world_266.world,8.268726393333566,0.0
VLM,0,37,3,0.3813559904561214,-10.079796015400055,collision,21.253,world_266.world,8.268726393333566,0.0
VLM,0,36,3,0.2043222785538037,-7.788837394365648,collision,20.368000000000002,world_266.world,8.268726393333566,0.0
VLM,0,28,0,1.248439294826555e-07,-6.290434412471968,success,16.02,world_265.world,8.367950840432563,0.5
VLM,0,30,0,1.1574072734482323e-07,-7.19411791366366,success,17.288,world_265.world,8.367950840432563,0.4840323253373764
VLM,0,28,0,1.2315269419301797e-07,-6.323256663278648,success,16.246000000000002,world_265.world,8.367950840432563,0.5
VLM,0,37,3,0.6241799789896927,-14.239298789991034,collision,21.359,world_264.world,7.690668105576133,0.0
VLM,0,116,6,0.7886301848010225,-103.46256241846301,collision,66.158,world_264.world,7.690668105576133,0.0
VLM,0,60,0,0.002343350770746879,-10.879644459544231,success,34.147999999999996,world_264.world,7.690668105576133,0.22521576975448443
VLM,0,41,0,0.007640152152788442,-11.6427277775348,success,23.554,world_263.world,8.828844286165843,0.37483418044348493
VLM,0,49,0,0.0007169175113320781,-17.296490266863692,success,27.910000000000004,world_263.world,8.828844286165843,0.3163326508837636
VLM,0,75,6,0.1484050324361982,-25.211267980640674,collision,43.274,world_263.world,8.828844286165843,0.0
VLM,0,30,0,1.1534024044518565e-07,-6.338334306872334,success,17.35,world_262.world,7.862157626920194,0.45315029549972297
VLM,0,27,0,1.287001121364077e-07,-5.007533837640224,success,15.556,world_262.world,7.862157626920194,0.5
VLM,0,29,0,1.200480047961579e-07,-5.090489291334564,success,16.67,world_262.world,7.862157626920194,0.4716351305890938
VLM,0,21,0,1.6233763598415e-07,-3.651822656962976,success,12.334,world_261.world,7.798286266619087,0.5
VLM,0,20,0,1.721170099626489e-07,-2.0490541078148543,success,11.638,world_261.world,7.798286266619087,0.5
VLM,0,119,2,0.3376623567774211,-41.67835172731044,timeout,69.31599999999999,world_261.world,7.798286266619087,0.0
VLM,0,37,0,0.0018868866144446592,-8.20906092689942,success,21.202999999999996,world_260.world,7.912408394061744,0.373174003398658
VLM,0,34,0,0.001020510099947949,-7.232851145619459,success,19.598,world_260.world,7.912408394061744,0.4037355033198155
VLM,0,35,0,0.001978338083250437,-6.669106115100186,success,20.225,world_260.world,7.912408394061744,0.3912192036618909
VLM,0,30,0,1.1534024044518565e-07,-6.243275157612403,success,17.351,world_259.world,8.292681330688314,0.47793679503707653
VLM,0,30,0,1.1547342777443098e-07,-6.459301087538797,success,17.323,world_259.world,8.292681330688314,0.4787093073190737
VLM,0,28,0,0.0037038267032312717,-5.628603165764217,success,16.206000000000003,world_259.world,8.292681330688314,0.5
VLM,0,29,0,1.1778561627966829e-07,-5.042009596868433,success,16.997999999999998,world_258.world,8.575004014668814,0.5
VLM,0,28,0,1.226993714479299e-07,-5.133017694652437,success,16.375999999999998,world_258.world,8.575004014668814,0.5
VLM,0,28,0,1.2453298573686355e-07,-4.400901745901253,success,16.071,world_258.world,8.575004014668814,0.5
VLM,0,28,0,1.240694635149549e-07,-5.185734478143113,success,16.119,world_257.world,8.037990616979489,0.49866558824861895
VLM,0,12,3,0.10027880215075151,-4.8525161791580285,collision,7.193000000000001,world_257.world,8.037990616979489,0.0
VLM,0,28,0,1.240694635149549e-07,-4.416703988230517,success,16.119999999999997,world_257.world,8.037990616979489,0.4986346536587773
VLM,0,20,0,1.6638932339611925e-07,-2.693787728443225,success,12.029,world_256.world,7.764255277374167,0.5
VLM,0,19,0,1.757468935418465e-07,-2.2122341349536057,success,11.399000000000001,world_256.world,7.764255277374167,0.5
VLM,0,20,0,1.700679982877554e-07,-2.975126297027248,success,11.804000000000002,world_256.world,7.764255277374167,0.5
VLM,0,30,0,1.1415523811013265e-07,-6.957183525862254,success,17.538,world_255.world,8.135994185598866,0.463906613388007
VLM,0,17,4,0.2650603885420907,-3.643663908363776,collision,9.977,world_255.world,8.135994185598866,0.0
VLM,0,30,0,1.1614400509361149e-07,-6.160110439977722,success,17.224000000000004,world_255.world,8.135994185598866,0.47236380548065865
VLM,0,21,0,1.639343993550165e-07,-2.7012769580818023,success,12.215000000000002,world_254.world,7.849673970103881,0.5
VLM,0,22,0,1.550387356529092e-07,-2.703545614299918,success,12.9,world_254.world,7.849673970103881,0.5
VLM,0,23,0,1.503759172367042e-07,-3.823967050421721,success,13.309,world_254.world,7.849673970103881,0.5
VLM,0,44,3,0.5373609270778277,-12.484979144579807,collision,25.178,world_253.world,8.141594309743207,0.0
VLM,0,29,0,0.050588346989606243,-8.300575839033614,success,17.004,world_253.world,8.141594309743207,0.4788046524196193
VLM,0,28,0,1.2210010719168412e-07,-5.02401582196387,success,16.387,world_253.world,8.141594309743207,0.4968325080700071
VLM,0,28,0,1.2180266482306154e-07,-7.820043106835331,success,16.433999999999997,world_252.world,8.17816026606636,0.4976366232241914
VLM,0,27,0,1.2706478690409316e-07,-6.029246292842326,success,15.747000000000002,world_252.world,8.17816026606636,0.5
VLM,0,28,0,1.2239900582631508e-07,-6.250900784446434,success,16.445999999999998,world_252.world,8.17816026606636,0.4972735173334769
VLM,0,21,0,1.6339866611132909e-07,-1.3489064980575272,success,12.259,world_251.world,7.812338128453967,0.5
VLM,0,20,0,1.7241376337693738e-07,-1.1324615438839751,success,11.620999999999999,world_251.world,7.812338128453967,0.5
VLM,0,21,0,1.6420358551665265e-07,-1.6851321408624682,success,12.185,world_251.world,7.812338128453967,0.5
VLM,0,25,0,1.3755156292275614e-07,-5.008420386593701,success,14.559,world_250.world,8.084153480751173,0.5
VLM,0,27,0,1.269035371949826e-07,-6.308740184926855,success,15.764,world_250.world,8.084153480751173,0.5
VLM,0,8,3,0.0321289027594768,-0.2601426391273446,collision,4.984000000000002,world_250.world,8.084153480751173,0.0
VLM,0,20,0,1.706484350429292e-07,-1.9132203861996466,success,11.738999999999999,world_249.world,7.770397702347515,0.5
VLM,0,20,0,1.7301035069025076e-07,-1.465805364109419,success,11.569,world_249.world,7.770397702347515,0.5
VLM,0,19,0,1.818181487603366e-07,-1.652509949781338,success,11.013,world_249.world,7.770397702347515,0.5
VLM,0,37,3,0.20283026388393738,-8.940190441278924,collision,21.202000000000005,world_248.world,8.12910238774821,0.0
VLM,0,66,3,0.5783898528395205,-33.58319261450731,collision,37.766999999999996,world_248.world,8.12910238774821,0.0
VLM,0,47,0,0.026236954554950936,-15.616622217397321,success,26.68,world_248.world,8.12910238774821,0.30468899504303637
VLM,0,17,0,1.9960075856272286e-07,-0.912646852862482,success,10.039,world_247.world,8.032705583609713,0.5
VLM,0,17,0,1.9685035495071754e-07,-1.0199637827354162,success,10.161999999999999,world_247.world,8.032705583609713,0.5
VLM,0,18,0,1.901140322977125e-07,-1.2473179533283836,success,10.530000000000001,world_247.world,8.032705583609713,0.5
VLM,0,19,0,1.8050538258025587e-07,-1.3567555941658325,success,11.088000000000001,world_246.world,7.97182501236278,0.5
VLM,0,18,0,1.8761722558776257e-07,-1.0277455832670213,success,10.668,world_246.world,7.97182501236278,0.5
VLM,0,18,0,1.8903588108962553e-07,-1.093567172210943,success,10.585999999999999,world_246.world,7.97182501236278,0.5
VLM,0,28,0,1.2468826375458058e-07,-6.274085181543933,success,16.054,world_245.world,8.203446936428485,0.5
VLM,0,26,0,0.002663248646704575,-4.578825192199284,success,15.019,world_245.world,8.203446936428485,0.5
VLM,0,26,0,1.3368982169922171e-07,-5.5598248771996985,success,14.968000000000002,world_245.world,8.203446936428485,0.5
VLM,0,19,0,1.818181487603366e-07,-0.9158941854943247,success,11.105,world_244.world,8.276354081505499,0.5
VLM,0,19,0,1.7921143741730513e-07,-0.9003432873073423,success,11.178999999999998,world_244.world,8.276354081505499,0.5
VLM,0,19,0,1.8050538258025587e-07,-0.8795662016833627,success,11.095,world_244.world,8.276354081505499,0.5
VLM,0,22,0,1.5552097114759394e-07,-3.53484474050153,success,12.869,world_243.world,8.24231146825148,0.5
VLM,0,24,0,1.4409219825760834e-07,-3.633969138205409,success,13.89,world_243.world,8.24231146825148,0.5
VLM,0,22,0,1.5873013353489945e-07,-3.096760390491798,success,12.620999999999999,world_243.world,8.24231146825148,0.5
VLM,0,39,0,0.006283751680094104,-7.688922609729646,success,22.297,world_242.world,7.789830031315,0.3493667323548011
VLM,0,45,3,0.6424668507051638,-11.820012178920786,collision,25.729000000000003,world_242.world,7.789830031315,0.0
VLM,0,31,3,0.672566407901946,-13.486939998252609,collision,18.098,world_242.world,7.789830031315,0.0
VLM,0,20,0,1.7301035069025076e-07,-2.0788497374151875,success,11.574,world_241.world,7.7556717677242215,0.5
VLM,0,20,0,1.7241376337693738e-07,-2.1555361058538924,success,11.602,world_241.world,7.7556717677242215,0.5
VLM,0,21,0,1.6447365715893797e-07,-2.417314982305307,success,12.175999999999998,world_241.world,7.7556717677242215,0.5
VLM,0,27,0,1.2820511176857542e-07,-4.425385736976562,success,15.605,world_240.world,8.26791047968235,0.5
VLM,0,29,0,1.1792451439569406e-07,-5.220430036370616,success,16.967000000000002,world_240.world,8.26791047968235,0.4872935981424146
VLM,0,27,0,1.283696882709001e-07,-4.209329055377733,success,15.591,world_240.world,8.26791047968235,0.5
VLM,0,22,0,1.5624997558594132e-07,-2.8589458031955024,success,12.807,world_239.world,7.9219441315162396,0.5
VLM,0,24,0,1.4204543436854627e-07,-2.8145845079296468,success,14.086,world_239.world,7.9219441315162396,0.5
VLM,0,24,0,1.4064695630844498e-07,-2.58570999023874,success,14.222999999999999,world_239.world,7.9219441315162396,0.5
VLM,0,23,0,1.4792897219985618e-07,-3.7011048594253175,success,13.556999999999999,world_238.world,8.512989118917758,0.5
VLM,0,23,0,1.4992501500374589e-07,-3.5125226878772504,success,13.362,world_238.world,8.512989118917758,0.5
VLM,0,24,0,1.4204543436854627e-07,-4.237974884137294,success,14.093,world_238.world,8.512989118917758,0.5
VLM,0,22,0,1.5479873764725425e-07,-3.9113597104816042,success,12.934,world_237.world,8.147969549626211,0.5
VLM,0,22,0,1.5698584662702567e-07,-3.411493858860349,success,12.758000000000001,world_237.world,8.147969549626211,0.5
VLM,0,24,0,1.4306149598547983e-07,-3.959532318738486,success,13.998,world_237.world,8.147969549626211,0.5
VLM,0,19,0,1.7953318141235524e-07,-1.8157567073077912,success,11.146,world_236.world,7.811169146986348,0.5
VLM,0,19,0,1.766784140144145e-07,-1.5328633266938785,success,11.331,world_236.world,7.811169146986348,0.5
VLM,0,20,0,1.721170099626489e-07,-2.2734226848468437,success,11.639000000000001,world_236.world,7.811169146986348,0.5
VLM,0,21,0,1.6103056988235592e-07,-3.813883608850125,success,12.431000000000001,world_235.world,8.095851906539131,0.5
VLM,0,20,0,1.709401417196339e-07,-2.6227888798703356,success,11.790000000000001,world_235.world,8.095851906539131,0.5
VLM,0,20,0,1.7182127631936836e-07,-2.411760030434049,success,11.658,world_235.world,8.095851906539131,0.5
VLM,0,22,0,1.5527947899386975e-07,-3.4999791698823466,success,12.896,world_234.world,8.112848826210472,0.5
VLM,0,20,0,1.6977925810199355e-07,-3.090759673893525,success,11.788999999999998,world_234.world,8.112848826210472,0.5
VLM,0,50,2,0.7345195918491394,-26.8955524968396,collision,28.111,world_234.world,8.112848826210472,0.0
VLM,0,53,0,0.016458260930990065,-11.825009405470144,success,30.397,world_233.world,8.118199884283989,0.2670724046545379
VLM,0,41,3,0.17335617648538204,-16.83152926506066,collision,23.423000000000002,world_233.world,8.118199884283989,0.0
VLM,0,85,4,0.48367349046230645,-26.008167270874612,success,49.023,world_233.world,8.118199884283989,0.0
VLM,0,21,0,1.6366609432633482e-07,-2.188152081789728,success,12.234,world_232.world,7.909011560818807,0.5
VLM,0,21,0,1.639343993550165e-07,-2.3717735748904536,success,12.203999999999999,world_232.world,7.909011560818807,0.5
VLM,0,96,0,0.012449688302830894,-28.54811412368261,success,54.626999999999995,world_232.world,7.909011560818807,0.14478209604808626
VLM,0,37,0,9.182735612237318e-08,-10.616103919793838,success,21.853,world_231.world,8.772936875967888,0.401452289203674
VLM,0,32,0,1.0881391634233773e-07,-7.087369574497693,success,18.396,world_231.world,8.772936875967888,0.4768937201548102
VLM,0,38,0,0.00180840851641876,-11.889471556187015,success,22.132999999999996,world_231.world,8.772936875967888,0.39637359942022726
VLM,0,21,0,1.6366609432633482e-07,-2.1667157412610503,success,12.237,world_230.world,7.770867060504877,0.5
VLM,0,20,0,1.721170099626489e-07,-1.2835567624746704,success,11.633,world_230.world,7.770867060504877,0.5
VLM,0,20,0,1.715265571995614e-07,-0.8509241557385175,success,11.666000000000002,world_230.world,7.770867060504877,0.5
VLM,0,22,0,1.5527947899386975e-07,-3.5280554902135313,success,12.892000000000001,world_229.world,9.333178092448502,0.5
VLM,0,24,0,1.4144269569410246e-07,-4.698310618094654,success,14.144,world_229.world,9.333178092448502,0.5
VLM,0,24,0,1.4492751522789636e-07,-4.6290816406960165,success,13.805000000000001,world_229.world,9.333178092448502,0.5
VLM,0,26,0,1.308900352238174e-07,-6.192617913544202,success,15.279,world_228.world,8.125979676054454,0.5
VLM,0,24,0,1.4306149598547983e-07,-4.359666950182474,success,13.995999999999999,world_228.world,8.125979676054454,0.5
VLM,0,30,2,0.0011656175797648508,-5.970733742766605,success,17.165,world_228.world,8.125979676054454,0.0
VLM,0,20,0,1.715265571995614e-07,-1.4205244450541519,success,11.668000000000001,world_227.world,7.656298148557264,0.5
VLM,0,21,0,1.6339866611132909e-07,-2.083511778401266,success,12.251000000000001,world_227.world,7.656298148557264,0.5
VLM,0,21,0,1.6313211041890534e-07,-1.9889164070092542,success,12.269,world_227.world,7.656298148557264,0.5
VLM,0,50,0,0.017556248767117363,-10.755976337335,success,28.490000000000002,world_226.world,7.7971315301654105,0.2736795903883963
VLM,0,59,0,0.02895199600741193,-18.41023939101797,success,34.555,world_226.world,7.7971315301654105,0.22564409000623384
VLM,0,56,1,0.038006290466897796,-11.251927746290725,success,32.117000000000004,world_226.world,7.7971315301654105,0.0
VLM,0,20,0,1.7361108097029845e-07,-0.7983528092840297,success,11.521999999999998,world_225.world,8.273415681303838,0.5
VLM,0,19,0,1.7953318141235524e-07,-0.7539814212703674,success,11.166,world_225.world,8.273415681303838,0.5
VLM,0,19,0,1.8050538258025587e-07,-0.673090449808508,success,11.088,world_225.world,8.273415681303838,0.5
VLM,0,17,0,1.9841265904510736e-07,-0.5212985621301627,success,10.110999999999999,world_224.world,7.793928744049557,0.5
VLM,0,18,0,1.8621970461458015e-07,-0.6438722729792561,success,10.744,world_224.world,7.793928744049557,0.5
VLM,0,17,0,1.9157084452665815e-07,-0.6243981997250179,success,10.479,world_224.world,7.793928744049557,0.5
VLM,0,46,0,0.012810925937383125,-10.127938065429266,success,26.551000000000002,world_223.world,8.130412532756333,0.3062186935616863
VLM,0,52,0,0.00748815469787919,-17.283934622827946,success,29.39,world_223.world,8.130412532756333,0.27663873878041284
VLM,0,91,0,0.003088841579581406,-28.868281723781532,success,51.81999999999999,world_223.world,8.130412532756333,0.15689719283589992
VLM,0,21,0,1.639343993550165e-07,-2.6954862283760104,success,12.217000000000002,world_222.world,8.205334100558725,0.5
VLM,0,20,0,1.700679982877554e-07,-2.8937053520986207,success,11.774000000000001,world_222.world,8.205334100558725,0.5
VLM,0,21,0,1.626015995769757e-07,-3.2147817270197656,success,12.309999999999999,world_222.world,8.205334100558725,0.5
VLM,0,18,0,1.901140322977125e-07,-0.9160986072254743,success,10.573,world_221.world,8.407620739566742,0.5
VLM,0,18,0,1.8656712937180424e-07,-0.9724989374723678,success,10.741,world_221.world,8.407620739566742,0.5
VLM,0,18,0,1.883238816715854e-07,-0.8244554973366427,success,10.622000000000002,world_221.world,8.407620739566742,0.5
VLM,0,22,0,0.004629783236144562,-3.691875124446379,success,12.963000000000001,world_220.world,8.07835313263655,0.5
VLM,0,19,0,1.7825308765542112e-07,-2.759891280148433,success,11.229,world_220.world,8.07835313263655,0.5
VLM,0,20,0,1.694914966963565e-07,-4.152707925033478,success,11.799999999999999,world_220.world,8.07835313263655,0.5
VLM,0,118,0,0.08328431185155055,-49.177010884585535,success,67.996,world_219.world,8.099459323096337,0.125
VLM,0,43,0,0.01777067707829749,-8.540204138409237,success,24.772,world_219.world,8.099459323096337,0.32696025040757054
VLM,0,39,0,0.016071516422186034,-7.6833036661077205,success,22.421,world_219.world,8.099459323096337,0.36124433892762753
VLM,0,67,3,0.4390756597124128,-35.40726775485236,collision,38.106,world_218.world,8.59927851805124,0.0
VLM,0,38,6,0.32192420703753866,-13.10313877161099,collision,21.622,world_218.world,8.59927851805124,0.0
VLM,0,42,0,8.278145010087334e-08,-11.673455747454598,success,24.163000000000004,world_218.world,8.59927851805124,0.35588621106862717
VLM,0,27,0,1.2820511176857542e-07,-8.39582823630753,success,15.633999999999999,world_217.world,8.51694370004654,0.5
VLM,0,24,0,1.4184395151149624e-07,-6.096039531812771,success,14.107999999999999,world_217.world,8.51694370004654,0.5
VLM,0,62,3,0.3123241805107383,-27.32550166896305,success,35.57,world_217.world,8.51694370004654,0.0
VLM,0,24,0,1.4409219825760834e-07,-4.5256955067431175,success,13.899,world_216.world,8.231413228723815,0.5
VLM,0,26,0,0.0013176546353551204,-4.701406783358225,success,15.187999999999999,world_216.world,8.231413228723815,0.5
VLM,0,26,0,0.07785247277148018,-7.106233050992025,success,14.918,world_216.world,8.231413228723815,0.5
VLM,0,25,3,0.6502732718205912,-8.98562212515951,collision,14.650999999999998,world_215.world,8.6053610093842,0.0
VLM,0,79,1,0.2647975405074525,-27.630167964996613,success,44.95700000000001,world_215.world,8.6053610093842,0.0
VLM,0,60,0,0.5164319532610356,-24.18498400256863,success,34.089999999999996,world_215.world,8.6053610093842,0.2524306544260546
VLM,0,56,3,0.8283018975910756,-32.49568681113702,collision,31.805999999999997,world_214.world,8.091064134930969,0.0
VLM,0,38,2,0.5420129693432161,-18.24310895182882,collision,21.665,world_214.world,8.091064134930969,0.0
VLM,0,64,0,0.22752197217533046,-25.926802781762053,success,36.487,world_214.world,8.091064134930969,0.22175197015186143
VLM,0,51,0,0.004691755717710743,-12.386081329796827,success,29.878,world_213.world,8.080583152791007,0.2704526123833927
VLM,0,65,3,0.36266670065777595,-30.978544765051375,collision,37.51,world_213.world,8.080583152791007,0.0
VLM,0,41,0,8.591064554032256e-08,-10.100592165883524,success,23.296,world_213.world,8.080583152791007,0.3468656916548338
VLM,0,64,3,0.4930671384876795,-28.81000050691033,collision,36.089,world_212.world,8.329698063701649,0.0
VLM,0,31,0,1.1223343297043402e-07,-9.497609139743542,success,17.823,world_212.world,8.329698063701649,0.46735667753473875
VLM,0,27,0,1.2919894971589797e-07,-6.442826934528815,success,15.5,world_212.world,8.329698063701649,0.5
VLM,0,23,0,1.5082953984471497e-07,-3.6868156502945775,success,13.266,world_211.world,7.835101179481681,0.5
VLM,0,27,2,0.006242321318062257,-9.547792127518623,collision,16.024,world_211.world,7.835101179481681,0.0
VLM,0,25,0,1.3774102785936258e-07,-4.797668180736542,success,14.531,world_211.world,7.835101179481681,0.5
VLM,0,27,0,0.002547897764599011,-6.3815751135044545,success,15.719000000000001,world_210.world,8.955608784787188,0.5
VLM,0,24,0,0.024637822516257606,-4.44268342963803,success,13.863000000000001,world_210.world,8.955608784787188,0.5
VLM,0,24,0,1.4285712244898253e-07,-4.343698615514001,success,14.002,world_210.world,8.955608784787188,0.5
VLM,0,26,2,0.6080537438854035,-9.41384808035633,collision,14.91,world_209.world,8.877499484588025,0.0
VLM,0,24,0,1.4430012347761569e-07,-3.206032821027713,success,13.866999999999999,world_209.world,8.877499484588025,0.5
VLM,0,34,0,1.0204080591420348e-07,-7.057728025341505,success,19.631999999999998,world_209.world,8.877499484588025,0.4521953690193575
VLM,0,18,0,1.8726588253447895e-07,-1.7578539018863348,success,10.689000000000002,world_208.world,7.920452801990201,0.5
VLM,0,18,0,1.8656712937180424e-07,-0.9132184355498818,success,10.723,world_208.world,7.920452801990201,0.5
VLM,0,19,0,1.7761986187924301e-07,-1.168847460943897,success,11.264,world_208.world,7.920452801990201,0.5
VLM,0,68,3,0.6558746915992328,-30.028834932022313,collision,38.315000000000005,world_207.world,8.691034440092492,0.0
VLM,0,36,0,9.67117894862873e-08,-9.520822468134575,success,20.684999999999995,world_207.world,8.691034440092492,0.42016120087466735
VLM,0,38,1,0.0193371068750362,-10.72261316720066,success,21.741999999999997,world_207.world,8.691034440092492,0.0
VLM,0,18,0,1.8587357139896445e-07,-1.4918047850779592,success,10.764000000000001,world_206.world,8.169870713605786,0.5
VLM,0,20,0,1.7241376337693738e-07,-1.8777516700696177,success,11.606,world_206.world,8.169870713605786,0.5
VLM,0,18,0,1.8939390352388194e-07,-0.8047490741973978,success,10.572999999999999,world_206.world,8.169870713605786,0.5
VLM,0,22,0,1.560062159116668e-07,-3.4718108073516505,success,12.828,world_205.world,8.14100834873039,0.5
VLM,0,22,0,1.550387356529092e-07,-3.62719506139047,success,12.913999999999998,world_205.world,8.14100834873039,0.5
VLM,0,22,0,1.5698584662702567e-07,-3.4503582686347367,success,12.760000000000002,world_205.world,8.14100834873039,0.5
VLM,0,25,0,1.3698628260461884e-07,-4.382460629084859,success,14.616999999999999,world_204.world,8.448704095912515,0.5
VLM,0,25,0,1.392757466189768e-07,-4.689772958376166,success,14.376,world_204.world,8.448704095912515,0.5
VLM,0,22,0,1.533742096051826e-07,-4.0308425428827155,success,13.062999999999999,world_204.world,8.448704095912515,0.5
VLM,0,42,0,0.009933856793554902,-10.271179211527066,success,24.19,world_203.world,9.025242805283083,0.3730980903382837
VLM,0,38,0,9.115769451616277e-08,-12.456562631535105,success,21.961,world_203.world,9.025242805283083,0.4109668414590904
VLM,0,41,0,0.008510722679938494,-9.398118050691115,success,23.558,world_203.world,9.025242805283083,0.38310734380181183
VLM,0,35,3,0.5201573726492259,-16.618037059787014,collision,20.338,world_202.world,8.223102409551386,0.0
VLM,0,24,0,1.4306149598547983e-07,-5.201414362943073,success,13.981000000000002,world_202.world,8.223102409551386,0.5
VLM,0,24,0,1.4367814027612928e-07,-6.01345110379836,success,13.923,world_202.world,8.223102409551386,0.5
VLM,0,30,0,1.1614400509361149e-07,-6.963052069829264,success,17.232,world_201.world,8.74515937808401,0.5
VLM,0,43,1,0.008110380526327614,-13.710074834443986,success,24.677999999999997,world_201.world,8.74515937808401,0.0
VLM,0,46,4,0.5395738554357796,-23.232766872117498,collision,26.288000000000004,world_201.world,8.74515937808401,0.0
VLM,0,22,0,1.557632156132063e-07,-2.7008832472146382,success,12.858,world_200.world,8.629507223633503,0.5
VLM,0,24,0,1.4450864963747838e-07,-3.957109229310872,success,13.962000000000002,world_200.world,8.629507223633503,0.5
VLM,0,22,0,1.5698584662702567e-07,-2.961686715073386,success,12.748000000000001,world_200.world,8.629507223633503,0.5
VLM,0,20,0,1.7241376337693738e-07,-1.3552551208668036,success,11.609,world_199.world,7.819031620993853,0.5
VLM,0,20,0,1.7241376337693738e-07,-1.3505867800277833,success,11.601,world_199.world,7.819031620993853,0.5
VLM,0,19,0,1.769911191166161e-07,-1.0916904480937937,success,11.309,world_199.world,7.819031620993853,0.5
VLM,0,24,0,1.4388487138347175e-07,-3.051887746903437,success,13.904,world_198.world,7.823797529301262,0.5
VLM,0,24,0,1.422474904342119e-07,-3.5539310990422726,success,14.099,world_198.world,7.823797529301262,0.5
VLM,0,28,1,0.04702982091215088,-3.3492145043693147,success,16.171999999999997,world_198.world,7.823797529301262,0.0
VLM,0,19,0,1.7953318141235524e-07,-0.8811740896723751,success,11.143,world_197.world,9.207052694546277,0.5
VLM,0,18,0,1.8315014960619973e-07,-0.785053623037611,success,10.937,world_197.world,9.207052694546277,0.5
VLM,0,19,0,1.7605630703234033e-07,-0.845562835625588,success,11.357999999999999,world_197.world,9.207052694546277,0.5
VLM,0,26,0,1.3245031358273992e-07,-4.9394103957048285,success,15.100999999999999,world_196.world,8.395202655329975,0.5
VLM,0,73,0,0.025274247721781225,-20.156667175902122,success,41.945,world_196.world,8.395202655329975,0.2001478759167952
VLM,0,53,2,0.6564784281409682,-28.81871857620086,collision,30.119999999999997,world_196.world,8.395202655329975,0.0
VLM,0,22,0,1.5384613017751845e-07,-3.870649246542745,success,13.027,world_195.world,8.916531319830002,0.5
VLM,0,24,0,1.4326645511941906e-07,-4.889304183608652,success,13.97,world_195.world,8.916531319830002,0.5
VLM,0,53,2,0.6427145946297674,-32.1626435302256,collision,30.075,world_195.world,8.916531319830002,0.0
VLM,0,20,0,1.721170099626489e-07,-2.5975824158223455,success,11.625,world_194.world,7.8260913164013495,0.5
VLM,0,19,0,1.7825308765542112e-07,-2.780606467053113,success,11.238,world_194.world,7.8260913164013495,0.5
VLM,0,19,0,1.7730493310196223e-07,-2.37134907100383,success,11.283999999999999,world_194.world,7.8260913164013495,0.5
VLM,0,106,0,0.020272548345877422,-32.86938368592837,success,60.194,world_193.world,8.228353883944568,0.13669724364462515
VLM,0,27,0,1.283696882709001e-07,-7.192807049507498,success,15.597999999999999,world_193.world,8.228353883944568,0.5
VLM,0,45,0,0.0015577101590568414,-28.89429058985529,success,25.709000000000003,world_193.world,8.228353883944568,0.3200573294933512
VLM,0,46,3,0.6424242695133129,-19.869087620510513,collision,26.431,world_192.world,7.872620918957527,0.0
VLM,0,46,0,0.025506449699441137,-21.833339592597333,success,26.667,world_192.world,7.872620918957527,0.29521959421597954
VLM,0,29,1,0.001196291722931612,-7.342368013092856,success,16.729,world_192.world,7.872620918957527,0.0
VLM,0,21,0,1.6447365715893797e-07,-1.5795658707207145,success,12.174999999999999,world_191.world,7.676324374890349,0.5
VLM,0,20,0,1.721170099626489e-07,-0.8596330535884156,success,11.636000000000001,world_191.world,7.676324374890349,0.5
VLM,0,20,0,1.689188903853226e-07,-1.2600334429177718,success,11.890999999999998,world_191.world,7.676324374890349,0.5
VLM,0,96,7,0.47802199714205135,-54.83092924467506,collision,54.604,world_190.world,8.293077654616788,0.0
VLM,0,64,3,0.5272531285886061,-19.45737916968182,collision,37.07900000000001,world_190.world,8.293077654616788,0.0
VLM,0,25,0,1.3946999449511934e-07,-3.2086010574134205,success,14.351,world_190.world,8.293077654616788,0.5
VLM,0,21,0,1.6129029656608122e-07,-2.13253878173274,success,12.418,world_189.world,7.958318166192765,0.5
VLM,0,21,0,1.6339866611132909e-07,-2.2968137537045705,success,12.257,world_189.world,7.958318166192765,0.5
VLM,0,21,0,1.6129029656608122e-07,-1.9566902962571762,success,12.411000000000001,world_189.world,7.958318166192765,0.5
VLM,0,22,0,1.560062159116668e-07,-3.41187513740241,success,12.827000000000002,world_188.world,7.980659785566589,0.5
VLM,0,22,0,1.536098074332093e-07,-2.956143945570988,success,13.027,world_188.world,7.980659785566589,0.5
VLM,0,21,0,1.6556288649621085e-07,-1.9221737249187225,success,12.083999999999998,world_188.world,7.980659785566589,0.5
VLM,0,24,0,1.4492751522789636e-07,-3.419506300084883,success,13.809000000000001,world_187.world,8.204891659007181,0.5
VLM,0,22,0,1.5479873764725425e-07,-2.935812460361334,success,12.924,world_187.world,8.204891659007181,0.5
VLM,0,22,0,1.5527947899386975e-07,-2.903195166571387,success,12.886,world_187.world,8.204891659007181,0.5
VLM,0,45,0,0.062259872232138955,-15.80491430159922,success,26.110999999999997,world_186.world,8.335547715659803,0.31923510074910205
VLM,0,25,0,1.3736261849414581e-07,-4.023000812209521,success,14.576,world_186.world,8.335547715659803,0.5
VLM,0,25,0,1.381215278837669e-07,-5.237835611687345,success,14.497,world_186.world,8.335547715659803,0.5
VLM,0,25,0,1.3966478496301887e-07,-5.793927197656545,success,14.325000000000001,world_185.world,7.900082446866422,0.5
VLM,0,25,0,1.3698628260461884e-07,-4.823750516885329,success,14.632,world_185.world,7.900082446866422,0.5
VLM,0,23,0,1.492537090666106e-07,-4.606571901526424,success,13.406,world_185.world,7.900082446866422,0.5
VLM,0,29,0,1.206272472102235e-07,-6.652741422961986,success,16.573999999999998,world_184.world,9.12925906315635,0.5
VLM,0,29,0,1.2165448641672915e-07,-6.79758505139326,success,16.449999999999996,world_184.world,9.12925906315635,0.5
VLM,0,31,0,1.1198207032675586e-07,-7.773547504018448,success,17.872,world_184.world,9.12925906315635,0.5
VLM,0,56,1,0.003750062265621108,-10.337183786117395,success,31.994999999999997,world_183.world,8.359616496629332,0.0
VLM,0,64,0,0.004969684982347599,-18.746025499456817,success,36.237,world_183.world,8.359616496629332,0.2306928414777529
VLM,0,20,6,0.23883174590519832,-7.144487130253175,collision,11.645999999999999,world_183.world,8.359616496629332,0.0
VLM,0,19,0,1.7889084456335518e-07,-2.1321949082544815,success,11.185,world_182.world,7.953031607421098,0.5
VLM,0,18,0,1.8348620486491654e-07,-1.7005320891605709,success,10.899000000000001,world_182.world,7.953031607421098,0.5
VLM,0,18,0,1.8656712937180424e-07,-1.9293373461766783,success,10.732,world_182.world,7.953031607421098,0.5
VLM,0,43,0,0.006514738883164586,-9.299794652542149,success,24.561999999999998,world_181.world,8.42910238774821,0.34317654864213876
VLM,0,26,0,1.3368982169922171e-07,-5.659788837424835,success,14.969999999999999,world_181.world,8.42910238774821,0.5
VLM,0,25,0,1.3831256731499762e-07,-5.160156701703175,success,14.475999999999999,world_181.world,8.42910238774821,0.5
VLM,0,23,0,1.477104656262237e-07,-4.013311397380561,success,13.544,world_180.world,9.004770113090498,0.5
VLM,0,37,3,0.5841860851919921,-6.344827069512172,collision,21.511,world_180.world,9.004770113090498,0.0
VLM,0,23,0,1.494768087478612e-07,-3.8773272579836275,success,13.386999999999999,world_180.world,9.004770113090498,0.5
VLM,0,19,0,1.7889084456335518e-07,-1.7681249628355227,success,11.186,world_179.world,8.366493444282845,0.5
VLM,0,18,0,1.8761722558776257e-07,-2.0561350581635836,success,10.673,world_179.world,8.366493444282845,0.5
VLM,0,18,0,1.8656712937180424e-07,-1.854056507405808,success,10.732,world_179.world,8.366493444282845,0.5
VLM,0,29,0,0.003592933701445066,-5.824511050968613,success,16.703,world_178.world,8.294915851709288,0.4966123362096203
VLM,0,23,0,1.5060238695747187e-07,-3.703412011730465,success,13.294,world_178.world,8.294915851709288,0.5
VLM,0,26,0,0.013227643752957177,-4.697787717133815,success,15.136,world_178.world,8.294915851709288,0.5
VLM,0,22,0,1.5527947899386975e-07,-2.8977403065057796,success,12.888999999999998,world_177.world,9.022924695256084,0.5
VLM,0,22,0,1.584785802728082e-07,-2.4738091714705446,success,12.623999999999999,world_177.world,9.022924695256084,0.5
VLM,0,22,0,1.5455948152094567e-07,-2.7697010573029135,success,12.948,world_177.world,9.022924695256084,0.5
VLM,0,42,0,0.002508444606317341,-8.653426637818722,success,23.933,world_176.world,8.045525647896753,0.3361687063007877
VLM,0,31,0,1.1312215914907702e-07,-7.061426302976683,success,17.692,world_176.world,8.045525647896753,0.45475501062043594
VLM,0,30,0,0.008111354795903268,-6.0227740781387995,success,17.31,world_176.world,8.045525647896753,0.4647906209068026
VLM,0,20,0,1.700679982877554e-07,-3.0305935165831674,success,11.773000000000001,world_175.world,7.976736854257178,0.5
VLM,0,20,0,1.6528922887781343e-07,-3.6920502128836423,success,12.102999999999998,world_175.world,7.976736854257178,0.5
VLM,0,23,0,1.477104656262237e-07,-5.0754089715746975,success,13.551,world_175.world,7.976736854257178,0.5
VLM,0,20,0,1.6447365715893797e-07,-2.6381140222323802,success,12.166,world_174.world,7.869672043342989,0.5
VLM,0,20,0,1.7301035069025076e-07,-2.31030431866056,success,11.569,world_174.world,7.869672043342989,0.5
VLM,0,20,0,1.706484350429292e-07,-2.194304445013713,success,11.736,world_174.world,7.869672043342989,0.5
VLM,0,19,0,1.7793591139930404e-07,-0.6611056735738468,success,11.258,world_173.world,7.769171954657533,0.5
VLM,0,20,0,1.7391301323251946e-07,-0.6810475995894882,success,11.509000000000002,world_173.world,7.769171954657533,0.5
VLM,0,20,0,1.7331019526686392e-07,-0.6803916379583255,success,11.553,world_173.world,7.769171954657533,0.5
VLM,0,23,0,1.4903127436195615e-07,-3.404489835349124,success,13.434,world_172.world,8.151308943401995,0.5
VLM,0,94,1,0.6167551320411245,-52.724982952766624,success,52.765,world_172.world,8.151308943401995,0.0
VLM,0,22,2,0.2527302257831161,-3.0024960787872668,collision,12.825999999999999,world_172.world,8.151308943401995,0.0
VLM,0,22,0,1.533742096051826e-07,-3.910091908002626,success,13.057,world_171.world,7.983474610537893,0.5
VLM,0,24,0,1.4492751522789636e-07,-4.67310625889594,success,13.811,world_171.world,7.983474610537893,0.5
VLM,0,22,0,1.5673978734486092e-07,-3.3214886163038853,success,12.765999999999998,world_171.world,7.983474610537893,0.5
VLM,0,19,0,1.7857139668367917e-07,-0.6279080405084272,success,11.22,world_170.world,7.651993480777325,0.5
VLM,0,19,0,1.8018014771528872e-07,-0.553002376445227,success,11.116000000000001,world_170.world,7.651993480777325,0.5
VLM,0,19,0,1.7825308765542112e-07,-0.6123999438108636,success,11.235000000000001,world_170.world,7.651993480777325,0.5
VLM,0,20,0,1.7271154184602042e-07,-3.249762373731135,success,11.584999999999999,world_169.world,7.947794994798985,0.5
VLM,0,20,0,1.6977925810199355e-07,-3.0051843734194996,success,11.793999999999999,world_169.world,7.947794994798985,0.5
VLM,0,19,0,1.769911191166161e-07,-2.6247001607033926,success,11.299999999999999,world_169.world,7.947794994798985,0.5
VLM,0,20,0,1.721170099626489e-07,-3.0597469012683782,success,11.623000000000001,world_168.world,8.734100236381483,0.5
VLM,0,21,0,1.6155086243120157e-07,-3.805651635495079,success,12.379,world_168.world,8.734100236381483,0.5
VLM,0,21,0,1.6339866611132909e-07,-3.2124831059910917,success,12.252,world_168.world,8.734100236381483,0.5
VLM,0,20,0,1.7301035069025076e-07,-1.2629125973066888,success,11.580000000000002,world_167.world,8.434824452904516,0.5
VLM,0,19,0,1.7391301323251946e-07,-1.1168087085568768,success,11.509,world_167.world,8.434824452904516,0.5
VLM,0,20,0,1.6778520674744855e-07,-1.150953241981618,success,11.927,world_167.world,8.434824452904516,0.5
VLM,0,20,0,1.721170099626489e-07,-2.550653476132545,success,11.619999999999997,world_166.world,7.75232408004971,0.5
VLM,0,19,0,1.7857139668367917e-07,-2.0667507013343625,success,11.214999999999998,world_166.world,7.75232408004971,0.5
VLM,0,21,0,1.6447365715893797e-07,-2.579150586223822,success,12.169,world_166.world,7.75232408004971,0.5
VLM,0,22,0,1.5698584662702567e-07,-2.088257009062011,success,12.743,world_165.world,8.611369784443538,0.5
VLM,0,23,0,1.5128590752104274e-07,-1.6686654329460313,success,13.256,world_165.world,8.611369784443538,0.5
VLM,0,22,0,1.5384613017751845e-07,-1.9734125506579265,success,13.005,world_165.world,8.611369784443538,0.5
VLM,0,21,0,1.6420358551665265e-07,-2.033035474867036,success,12.224000000000002,world_164.world,8.222543997037086,0.5
VLM,0,24,0,1.4534881608302094e-07,-4.043445431751334,success,13.77,world_164.world,8.222543997037086,0.5
VLM,0,21,0,1.6420358551665265e-07,-2.2590458087597947,success,12.191999999999998,world_164.world,8.222543997037086,0.5
VLM,0,43,3,0.6329527216188645,-28.98160233540522,collision,24.525999999999996,world_163.world,8.79991465469347,0.0
VLM,0,37,3,0.7062147169289343,-24.523720617844898,collision,21.255999999999997,world_163.world,8.79991465469347,0.0
VLM,0,25,0,1.3550133665293542e-07,-5.703806949492083,success,14.778000000000002,world_163.world,8.79991465469347,0.5
VLM,0,18,0,1.8587357139896445e-07,-1.8115283185455628,success,10.774000000000001,world_162.world,7.958902179934425,0.5
VLM,0,18,0,1.8939390352388194e-07,-2.0804190265913056,success,10.575999999999999,world_162.world,7.958902179934425,0.5
VLM,0,18,0,1.8939390352388194e-07,-2.1388880720986996,success,10.589999999999998,world_162.world,7.958902179934425,0.5
VLM,0,21,0,1.6233763598415e-07,-3.3086389445948337,success,12.321000000000002,world_161.world,8.095210743534128,0.5
VLM,0,24,0,1.4492751522789636e-07,-4.2310559664003105,success,13.806000000000001,world_161.world,8.095210743534128,0.5
VLM,0,23,0,1.494768087478612e-07,-3.942210763081628,success,13.390999999999998,world_161.world,8.095210743534128,0.5
VLM,0,17,0,1.9455249133220014e-07,-0.5825294340463747,success,10.29,world_160.world,7.822764780761914,0.5
VLM,0,17,0,1.9493173588075326e-07,-0.6123947610690237,success,10.28,world_160.world,7.822764780761914,0.5
VLM,0,18,0,1.8761722558776257e-07,-0.6589410849843601,success,10.665999999999999,world_160.world,7.822764780761914,0.5
VLM,0,19,0,1.7421599752334539e-07,-1.8671029190190327,success,11.481000000000002,world_159.world,8.460411962681121,0.5
VLM,0,20,0,1.7123284739163572e-07,-1.629423889753356,success,11.693999999999999,world_159.world,8.460411962681121,0.5
VLM,0,20,0,1.7301035069025076e-07,-2.1215974671179336,success,11.574,world_159.world,8.460411962681121,0.5
VLM,0,19,0,1.8115938747112548e-07,-1.9949963850531662,success,11.052999999999999,world_158.world,8.185130885153928,0.5
VLM,0,19,0,1.769911191166161e-07,-2.7760365160750897,success,11.3,world_158.world,8.185130885153928,0.5
VLM,0,18,0,1.8939390352388194e-07,-1.5622953391927292,success,10.565,world_158.world,8.185130885153928,0.5
VLM,0,59,0,0.03959213919663233,-19.097004833917616,success,33.343,world_157.world,7.833988860013338,0.23495152985674164
VLM,0,63,3,0.7773664845390542,-29.63627105419775,collision,37.864000000000004,world_157.world,7.833988860013338,0.0
VLM,0,73,4,0.45296674129441666,-28.13469392324874,collision,41.459,world_157.world,7.833988860013338,0.0
VLM,0,45,4,0.6024845029126938,-24.02739862768168,collision,25.781,world_156.world,8.133650292117396,0.0
VLM,0,25,0,1.381215278837669e-07,-5.205719570670018,success,14.485,world_156.world,8.133650292117396,0.5
VLM,0,63,1,0.10067496621625611,-18.966434944035957,success,35.618,world_156.world,8.133650292117396,0.0
VLM,0,20,0,1.7301035069025076e-07,-0.9762642596250259,success,11.582,world_155.world,7.830441902459944,0.5
VLM,0,19,0,1.8018014771528872e-07,-1.60442988640087,success,11.114,world_155.world,7.830441902459944,0.5
VLM,0,19,0,1.7921143741730513e-07,-1.3167497500249858,success,11.177,world_155.world,7.830441902459944,0.5
VLM,0,22,0,1.540831811890322e-07,-2.2177676249512914,success,12.998999999999999,world_154.world,7.898906121797543,0.5
VLM,0,25,0,1.3755156292275614e-07,-3.768483351405906,success,14.563999999999998,world_154.world,7.898906121797543,0.5
VLM,0,22,4,0.033123180895397335,-3.174065857199872,collision,12.691000000000003,world_154.world,7.898906121797543,0.0
VLM,0,25,0,1.3717419243152368e-07,-4.501900847110858,success,14.585,world_153.world,7.951241205135583,0.5
VLM,0,27,0,0.0012904514463933617,-5.370860845852199,success,15.501000000000001,world_153.world,7.951241205135583,0.5
VLM,0,24,0,1.457725735025403e-07,-4.117002188185414,success,13.724000000000002,world_153.world,7.951241205135583,0.5
VLM,0,21,0,1.6447365715893797e-07,-1.5800218374809307,success,12.175999999999998,world_152.world,8.057859296533934,0.5
VLM,0,21,0,1.626015995769757e-07,-1.8705294943356492,success,12.296000000000001,world_152.world,8.057859296533934,0.5
VLM,0,21,0,1.6420358551665265e-07,-1.8050353912448553,success,12.178999999999998,world_152.world,8.057859296533934,0.5
VLM,0,24,0,1.4144269569410246e-07,-4.167973853001685,success,14.147,world_151.world,8.942836118417254,0.5
VLM,0,25,0,1.37931015457791e-07,-5.095866822668814,success,14.509999999999998,world_151.world,8.942836118417254,0.5
VLM,0,27,0,1.2658226245794147e-07,-5.915404165959096,success,15.812,world_151.world,8.942836118417254,0.5
VLM,0,33,0,1.0582009462221222e-07,-10.543597777400125,success,18.896,world_150.world,7.973092676548482,0.42194605612555475
VLM,0,20,0,1.706484350429292e-07,-1.9994157312235108,success,11.809,world_150.world,7.973092676548482,0.5
VLM,0,21,0,1.6051361789508543e-07,-2.869235063002348,success,12.472999999999999,world_150.world,7.973092676548482,0.5
VLM,0,21,0,1.6556288649621085e-07,-3.7797870200897825,success,12.091,world_149.world,8.312134163588864,0.5
VLM,0,22,0,1.5455948152094567e-07,-4.192754392147676,success,12.951999999999998,world_149.world,8.312134163588864,0.5
VLM,0,21,0,1.639343993550165e-07,-3.710311151317262,success,12.200999999999999,world_149.world,8.312134163588864,0.5
VLM,0,20,0,1.6778520674744855e-07,-1.6053655034035628,success,11.934999999999999,world_148.world,8.356690315066317,0.5
VLM,0,19,0,1.7857139668367917e-07,-1.5980901270070536,success,11.204,world_148.world,8.356690315066317,0.5
VLM,0,19,0,1.7889084456335518e-07,-1.4959079278833136,success,11.196,world_148.world,8.356690315066317,0.5
VLM,0,18,0,1.869158529129247e-07,-1.0961973358785106,success,10.715999999999998,world_147.world,8.187537457443312,0.5
VLM,0,18,0,1.8761722558776257e-07,-0.9086678668175139,success,10.664,world_147.world,8.187537457443312,0.5
VLM,0,17,0,1.9493173588075326e-07,-1.322645286295267,success,10.269,world_147.world,8.187537457443312,0.5
VLM,0,20,0,1.715265571995614e-07,-3.840765452402916,success,11.676,world_146.world,8.034842319404571,0.5
VLM,0,19,0,1.7889084456335518e-07,-3.1285520343174307,success,11.195,world_146.world,8.034842319404571,0.5
VLM,0,19,0,1.757468935418465e-07,-3.04197462239479,success,11.402,world_146.world,8.034842319404571,0.5
VLM,0,22,0,1.56494498201174e-07,-4.631632593426502,success,12.782,world_145.world,8.15255693907889,0.5
VLM,0,22,0,1.5455948152094567e-07,-4.766610641451323,success,12.949,world_145.world,8.15255693907889,0.5
VLM,0,19,0,1.757468935418465e-07,-3.3292909207528716,success,11.385,world_145.world,8.15255693907889,0.5
VLM,0,18,0,1.9047615419501827e-07,-0.13036111687725707,success,10.511000000000001,world_144.world,8.467915828030232,0.5
VLM,0,17,0,1.9920314756909414e-07,-0.16210849664526017,success,10.049,world_144.world,8.467915828030232,0.5
VLM,0,16,0,2.0576127453471718e-07,-0.1605746285207189,success,9.722000000000001,world_144.world,8.467915828030232,0.5
VLM,0,20,0,1.721170099626489e-07,-1.8679865219711271,success,11.637,world_143.world,7.783440561012931,0.5
VLM,0,20,0,1.689188903853226e-07,-2.9334756942320155,success,11.850999999999999,world_143.world,7.783440561012931,0.5
VLM,0,21,0,1.6366609432633482e-07,-3.1617726252668414,success,12.210999999999999,world_143.world,7.783440561012931,0.5
VLM,0,19,0,1.7889084456335518e-07,-1.3415391956281426,success,11.200000000000001,world_142.world,7.850464282154265,0.5
VLM,0,20,0,1.6977925810199355e-07,-1.7939800829408599,success,11.803,world_142.world,7.850464282154265,0.5
VLM,0,18,0,1.869158529129247e-07,-1.2469921089029332,success,10.711,world_142.world,7.850464282154265,0.5
VLM,0,23,0,1.494768087478612e-07,-3.173127157924672,success,13.385000000000002,world_141.world,7.942081561496044,0.5
VLM,0,22,0,1.5455948152094567e-07,-4.718738544437646,success,12.958000000000002,world_141.world,7.942081561496044,0.5
VLM,0,30,0,0.02191476102482572,-5.709798733290033,success,17.373,world_141.world,7.942081561496044,0.45715084104622367
VLM,0,28,0,1.2239900582631508e-07,-8.067783920262782,success,16.354,world_140.world,9.080746950584595,0.5
VLM,0,22,0,1.5527947899386975e-07,-5.158151663806359,success,12.885,world_140.world,9.080746950584595,0.5
VLM,0,27,3,0.5674300804796335,-3.69567788048788,collision,15.738999999999999,world_140.world,9.080746950584595,0.0
VLM,0,18,0,1.8348620486491654e-07,-1.607848926340578,success,10.914,world_139.world,7.744009224017903,0.5
VLM,0,19,0,1.769911191166161e-07,-1.9454810658728325,success,11.304999999999998,world_139.world,7.744009224017903,0.5
VLM,0,18,0,1.883238816715854e-07,-1.5936841881257584,success,10.631,world_139.world,7.744009224017903,0.5
VLM,0,36,0,0.010416760377200723,-8.231255722882715,success,21.124000000000002,world_138.world,8.66316792019046,0.4101102026221577
VLM,0,30,0,1.1574072734482323e-07,-8.164431152113101,success,17.297,world_138.world,8.66316792019046,0.5
VLM,0,27,0,1.2853468784901186e-07,-6.08232309041662,success,15.578,world_138.world,8.66316792019046,0.5
VLM,0,18,0,1.901140322977125e-07,-0.3322239466152071,success,10.512999999999998,world_137.world,7.683886493579108,0.5
VLM,0,18,0,1.883238816715854e-07,-0.2981879853300359,success,10.632,world_137.world,7.683886493579108,0.5
VLM,0,18,0,1.869158529129247e-07,-0.43972268733389497,success,10.721,world_137.world,7.683886493579108,0.5
VLM,0,19,0,1.8083179370130316e-07,-2.714726901902057,success,11.060000000000002,world_136.world,8.580845785714267,0.5
VLM,0,18,0,1.8939390352388194e-07,-2.0584682684309046,success,10.565999999999999,world_136.world,8.580845785714267,0.5
VLM,0,18,0,1.879698894793441e-07,-2.088947952604666,success,10.644000000000002,world_136.world,8.580845785714267,0.5
VLM,0,35,3,0.7649363599474672,-15.778822040924188,collision,20.429,world_135.world,8.456991877899835,0.0
VLM,0,22,0,1.540831811890322e-07,-3.9662477414493416,success,12.986999999999998,world_135.world,8.456991877899835,0.5
VLM,0,31,0,1.1235953793713058e-07,-8.342061644322962,success,17.811,world_135.world,8.456991877899835,0.47481847610464517
VLM,0,26,0,1.32275114778424e-07,-6.73362949986714,success,15.153,world_134.world,8.903085477451352,0.5
VLM,0,25,0,1.3850413594125543e-07,-6.318565314328629,success,14.456,world_134.world,8.903085477451352,0.5
VLM,0,10,3,0.29545477420299543,-1.080053457387776,collision,6.170000000000002,world_134.world,8.903085477451352,0.0
VLM,0,23,0,1.4749260361466026e-07,-4.3040206113090935,success,13.562999999999999,world_133.world,8.239301258889826,0.5
VLM,0,20,0,1.7123284739163572e-07,-2.8078142812028832,success,11.694,world_133.world,8.239301258889826,0.5
VLM,0,19,0,1.8018014771528872e-07,-2.88292762023587,success,11.102000000000002,world_133.world,8.239301258889826,0.5
VLM,0,24,0,1.4367814027612928e-07,-2.70504807486106,success,13.927000000000001,world_132.world,9.489190949419601,0.5
VLM,0,21,0,1.628664229859246e-07,-1.745297150008607,success,12.285999999999998,world_132.world,9.489190949419601,0.5
VLM,0,22,0,0.015037742099587654,-4.883944224906591,success,13.314999999999998,world_132.world,9.489190949419601,0.5
VLM,0,21,0,1.6129029656608122e-07,-4.274855986258493,success,12.415,world_131.world,7.980536179987913,0.5
VLM,0,20,0,1.6778520674744855e-07,-3.5222682559674987,success,11.927,world_131.world,7.980536179987913,0.5
VLM,0,18,0,1.8518515089163875e-07,-2.6338608427443453,success,10.809999999999999,world_131.world,7.980536179987913,0.5
VLM,0,19,0,1.7985608275969736e-07,-2.711339675592732,success,11.13,world_130.world,7.900807679780633,0.5
VLM,0,19,0,1.8083179370130316e-07,-3.036513137157673,success,11.093,world_130.world,7.900807679780633,0.5
VLM,0,20,0,1.692047091024181e-07,-3.1313401063638207,success,11.822000000000001,world_130.world,7.900807679780633,0.5
VLM,0,23,0,1.4903127436195615e-07,-5.396759878139658,success,13.550999999999998,world_129.world,8.85103850168101,0.5
VLM,0,22,0,1.524390011525913e-07,-4.206030412221193,success,13.233,world_129.world,8.85103850168101,0.5
VLM,0,23,0,1.494768087478612e-07,-5.628207868290792,success,13.384999999999998,world_129.world,8.85103850168101,0.5
VLM,0,41,0,0.016877720094707165,-9.469184315124396,success,23.7,world_128.world,8.616854335027416,0.3635803516889205
VLM,0,31,2,0.023307544582958428,-4.266873020359127,success,18.026,world_128.world,8.616854335027416,0.0
VLM,0,30,3,0.5214866990143207,-7.135106026492454,collision,17.246,world_128.world,8.616854335027416,0.0
VLM,0,26,0,1.3123357857827053e-07,-4.8794564918014895,success,15.247999999999998,world_127.world,8.000727788237427,0.5
VLM,0,23,0,1.4903127436195615e-07,-2.067673135841447,success,13.429,world_127.world,8.000727788237427,0.5
VLM,0,22,0,1.5479873764725425e-07,-1.8680061239144585,success,12.933,world_127.world,8.000727788237427,0.5
VLM,0,18,0,1.8450181097752567e-07,-1.2236376037391001,success,10.852,world_126.world,7.838098818829927,0.5
VLM,0,18,0,1.8382349562068098e-07,-1.2212043069085141,success,10.888,world_126.world,7.838098818829927,0.5
VLM,0,19,0,1.7730493310196223e-07,-1.2518621180007607,success,11.286999999999999,world_126.world,7.838098818829927,0.5
VLM,0,17,0,1.9880711753337627e-07,-0.7250419337110656,success,10.08,world_125.world,7.940600935402479,0.5
VLM,0,17,0,1.9880711753337627e-07,-0.8396563232803869,success,10.07,world_125.world,7.940600935402479,0.5
VLM,0,17,0,1.9685035495071754e-07,-0.8228291628694062,success,10.189999999999998,world_125.world,7.940600935402479,0.5
VLM,0,21,0,1.6129029656608122e-07,-2.3169389026453677,success,12.448999999999998,world_124.world,8.206309761944365,0.5
VLM,0,20,0,1.6835014000839396e-07,-1.890781120068747,success,11.881,world_124.world,8.206309761944365,0.5
VLM,0,21,0,1.628664229859246e-07,-2.404294178417093,success,12.296,world_124.world,8.206309761944365,0.5
VLM,0,25,0,1.3642562940987322e-07,-5.647616472315324,success,14.665,world_123.world,8.351860774453773,0.5
VLM,0,28,1,1.2224937380814503e-07,-6.895403950819264,success,16.377000000000002,world_123.world,8.351860774453773,0.0
VLM,0,24,0,1.4430012347761569e-07,-5.452412131483219,success,13.865000000000002,world_123.world,8.351860774453773,0.5
VLM,0,19,0,1.7730493310196223e-07,-1.6379552914483893,success,11.29,world_122.world,8.26882234942228,0.5
VLM,0,21,0,1.626015995769757e-07,-2.107068809478364,success,12.373,world_122.world,8.26882234942228,0.5
VLM,0,20,0,1.721170099626489e-07,-1.6940135216187313,success,11.625000000000002,world_122.world,8.26882234942228,0.5
VLM,0,21,0,1.6233763598415e-07,-3.631994348714228,success,12.334999999999999,world_121.world,8.086528592188191,0.5
VLM,0,18,0,1.848428493820981e-07,-2.2487093542427,success,10.870000000000001,world_121.world,8.086528592188191,0.5
VLM,0,21,0,1.639343993550165e-07,-2.942829663520013,success,12.217999999999998,world_121.world,8.086528592188191,0.5
VLM,0,18,0,1.869158529129247e-07,-0.762381657858216,success,10.716,world_120.world,7.642964254777576,0.5
VLM,0,18,0,1.88679209683168e-07,-0.7941727906313406,success,10.613000000000001,world_120.world,7.642964254777576,0.5
VLM,0,18,0,1.8348620486491654e-07,-0.7054524575631019,success,10.915999999999999,world_120.world,7.642964254777576,0.5
VLM,0,17,0,2.004007614427332e-07,-0.6525599691366014,success,10.001999999999999,world_119.world,8.04011850367356,0.5
VLM,0,17,0,1.9841265904510736e-07,-0.8663044910976109,success,10.125,world_119.world,8.04011850367356,0.5
VLM,0,17,0,1.9685035495071754e-07,-0.6200034187341386,success,10.171000000000001,world_119.world,8.04011850367356,0.5
VLM,0,22,0,0.006153999053230915,-4.421309690686229,success,13.059,world_118.world,8.286531889905214,0.5
VLM,0,24,0,1.4409219825760834e-07,-4.383655780555627,success,13.895,world_118.world,8.286531889905214,0.5
VLM,0,20,4,0.416666765872999,-4.100258305914383,collision,11.774,world_118.world,8.286531889905214,0.0
VLM,0,19,0,1.7793591139930404e-07,-1.9342626371316762,success,11.250000000000002,world_117.world,9.082600245261535,0.5
VLM,0,19,0,1.7985608275969736e-07,-2.4799797862602655,success,11.122000000000002,world_117.world,9.082600245261535,0.5
VLM,0,19,0,1.7857139668367917e-07,-2.3027518761744434,success,11.216999999999999,world_117.world,9.082600245261535,0.5
VLM,0,15,3,0.05739535156835506,-1.377130668959197,collision,9.079999999999998,world_116.world,8.263270357397584,0.0
VLM,0,21,0,1.6077167833252761e-07,-1.8554699717333591,success,12.447999999999999,world_116.world,8.263270357397584,0.5
VLM,0,116,3,0.016626390065707677,-56.32819608000649,collision,66.18799999999999,world_116.world,8.263270357397584,0.0
VLM,0,20,0,1.689188903853226e-07,-2.5132933181853696,success,11.879999999999999,world_115.world,7.913606026165007,0.5
VLM,0,19,0,1.7985608275969736e-07,-1.4943761668359479,success,11.131,world_115.world,7.913606026165007,0.5
VLM,0,20,0,1.686340356435016e-07,-1.9582084162561566,success,11.859000000000002,world_115.world,7.913606026165007,0.5
VLM,0,17,0,1.9920314756909414e-07,-1.2451130650504931,success,10.043,world_114.world,7.836260874827511,0.5
VLM,0,17,0,1.9493173588075326e-07,-1.464198319072378,success,10.267,world_114.world,7.836260874827511,0.5
VLM,0,18,0,1.8621970461458015e-07,-1.5869298018969356,success,10.75,world_114.world,7.836260874827511,0.5
VLM,0,24,0,1.4409219825760834e-07,-2.772192877183141,success,13.897,world_113.world,8.193475167563369,0.5
VLM,0,34,3,0.5025536769608093,-11.298040875305809,collision,19.608999999999998,world_113.world,8.193475167563369,0.0
VLM,0,22,1,0.003110574943923026,-1.8511269566745066,success,12.872,world_113.world,8.193475167563369,0.0
VLM,0,25,0,1.3679888689481714e-07,-4.273650259942832,success,14.626000000000001,world_112.world,8.52877630222659,0.5
VLM,0,26,0,1.308900352238174e-07,-5.772816070313687,success,15.292,world_112.world,8.52877630222659,0.5
VLM,0,25,0,1.3755156292275614e-07,-4.582892705890668,success,14.546999999999999,world_112.world,8.52877630222659,0.5
VLM,0,21,0,1.5948960773690467e-07,-4.201640686113867,success,12.557000000000002,world_111.world,8.005659507313519,0.5
VLM,0,22,0,1.536098074332093e-07,-4.035947614431471,success,13.022999999999998,world_111.world,8.005659507313519,0.5
VLM,0,24,0,1.4388487138347175e-07,-5.282565667350799,success,13.927000000000001,world_111.world,8.005659507313519,0.5
VLM,0,19,0,1.7889084456335518e-07,-2.0002794469881895,success,11.186,world_110.world,7.78493225807519,0.5
VLM,0,19,0,1.7985608275969736e-07,-1.6727212138439946,success,11.121,world_110.world,7.78493225807519,0.5
VLM,0,18,0,1.8552872253641513e-07,-1.676593079176272,success,10.785,world_110.world,7.78493225807519,0.5
VLM,0,18,0,1.8587357139896445e-07,-1.8158100393385275,success,10.768,world_109.world,8.324773821860362,0.5
VLM,0,21,0,0.0016182845277856752,-2.9403532468629927,success,12.373999999999999,world_109.world,8.324773821860362,0.5
VLM,0,20,0,1.709401417196339e-07,-3.1004825383728107,success,11.709,world_109.world,8.324773821860362,0.5
VLM,0,27,0,1.2642223433347229e-07,-4.550897652105587,success,15.846,world_108.world,7.839549742510147,0.4947336704853052
VLM,0,27,0,1.2642223433347229e-07,-4.470933019906566,success,15.821,world_108.world,7.839549742510147,0.49551543786803276
VLM,0,21,0,1.6447365715893797e-07,-2.9610436450906548,success,12.167,world_108.world,7.839549742510147,0.5
VLM,0,25,0,1.3888886959876811e-07,-4.912844356662841,success,14.405999999999999,world_107.world,8.252165035604982,0.5
VLM,0,25,0,1.3946999449511934e-07,-4.047148421218333,success,14.356,world_107.world,8.252165035604982,0.5
VLM,0,24,0,1.4326645511941906e-07,-3.4515454941929202,success,13.966999999999999,world_107.world,8.252165035604982,0.5
VLM,0,21,0,1.628664229859246e-07,-2.877395618829946,success,12.288,world_106.world,7.976636803178238,0.5
VLM,0,23,0,1.5060238695747187e-07,-4.048257084495095,success,13.295,world_106.world,7.976636803178238,0.5
VLM,0,33,0,0.0031414656396371063,-7.490004130539144,success,19.117,world_106.world,7.976636803178238,0.41725358597992557
VLM,0,24,1,0.04028790787224347,-3.101903969109541,success,13.918000000000001,world_105.world,8.212060772852059,0.0
VLM,0,21,0,1.5898248664825332e-07,-3.5077268105937174,success,12.602000000000002,world_105.world,8.212060772852059,0.5
VLM,0,22,0,1.5673978734486092e-07,-3.0987120652860405,success,12.779,world_105.world,8.212060772852059,0.5
VLM,0,22,0,1.540831811890322e-07,-2.806649661988483,success,12.992999999999999,world_104.world,9.38458633589459,0.5
VLM,0,33,0,0.004175469292748508,-6.429422465088165,success,19.167,world_104.world,9.38458633589459,0.48962207627143467
VLM,0,22,0,1.5624997558594132e-07,-3.1021554530292064,success,12.821000000000002,world_104.world,9.38458633589459,0.5
VLM,0,22,0,1.560062159116668e-07,-2.598243020943852,success,12.824000000000002,world_103.world,8.957754143673563,0.5
VLM,0,6,1,0.010363207065695821,-0.04074878203906394,flip,3.866999999999999,world_103.world,8.957754143673563,0.0
VLM,0,20,0,1.689188903853226e-07,-2.625890878780146,success,11.847000000000001,world_103.world,8.957754143673563,0.5
VLM,0,56,3,0.6684717407658399,-27.68404178162791,collision,33.313,world_102.world,8.31033103070008,0.0
VLM,0,53,0,0.05006424582386099,-18.116728850811697,success,31.186,world_102.world,8.31033103070008,0.2664763365195947
VLM,0,38,0,0.01643844598735653,-8.665674097088921,success,21.897999999999996,world_102.world,8.31033103070008,0.3795018280527939
VLM,0,42,4,0.5976821525097555,-10.49659700580997,collision,24.177000000000003,world_101.world,8.043651759318303,0.0
VLM,0,19,0,1.7921143741730513e-07,-2.0935456850420864,success,11.216999999999999,world_101.world,8.043651759318303,0.5
VLM,0,38,0,9.07440933989026e-08,-12.420236083397729,success,22.051000000000002,world_101.world,8.043651759318303,0.36477491992736394
VLM,0,18,0,1.8656712937180424e-07,-1.3287898233927602,success,10.734,world_100.world,7.710418300975051,0.5
VLM,0,18,0,1.869158529129247e-07,-1.1205072915843772,success,10.735999999999999,world_100.world,7.710418300975051,0.5
VLM,0,18,0,1.8939390352388194e-07,-1.0098614002102384,success,10.575000000000001,world_100.world,7.710418300975051,0.5
VLM,0,28,0,1.2578614769985564e-07,-6.466610934486274,success,15.908999999999999,world_99.world,8.762009355181966,0.5
VLM,0,55,3,0.6227848340009599,-35.222600588640894,collision,31.608999999999998,world_99.world,8.762009355181966,0.0
VLM,0,37,2,0.6959775775512088,-14.381568427818545,collision,21.389,world_99.world,8.762009355181966,0.0
VLM,0,18,0,1.8761722558776257e-07,-1.379698190029478,success,10.674999999999999,world_98.world,8.013904791833717,0.5
VLM,0,19,0,1.7825308765542112e-07,-1.6665430384141222,success,11.226999999999999,world_98.world,8.013904791833717,0.5
VLM,0,19,0,1.7421599752334539e-07,-1.988437687829172,success,11.495000000000001,world_98.world,8.013904791833717,0.5
VLM,0,25,2,0.22672075212945317,-9.408745291856443,collision,14.832999999999998,world_97.world,8.744001349522417,0.0
VLM,0,61,2,0.6746355874848053,-38.040169611522614,collision,34.355,world_97.world,8.744001349522417,0.0
VLM,0,31,0,0.0011249717519716815,-6.205793876608071,success,17.822,world_97.world,8.744001349522417,0.49062963469433385
VLM,0,21,0,1.628664229859246e-07,-2.7980707555167816,success,12.288999999999998,world_96.world,8.233773212154066,0.5
VLM,0,20,0,1.7035772225592467e-07,-2.407172273524844,success,11.741,world_96.world,8.233773212154066,0.5
VLM,0,21,0,1.6366609432633482e-07,-3.0267236497740946,success,12.229999999999999,world_96.world,8.233773212154066,0.5
VLM,0,19,0,1.7730493310196223e-07,-1.5052500977902883,success,11.297,world_95.world,9.649307432794064,0.5
VLM,0,20,0,1.694914966963565e-07,-2.071054266421601,success,11.811000000000002,world_95.world,9.649307432794064,0.5
VLM,0,22,0,1.5479873764725425e-07,-3.233211094520873,success,12.937000000000001,world_95.world,9.649307432794064,0.5
VLM,0,22,3,0.39384624710057736,-3.48122458621035,collision,13.001000000000001,world_94.world,7.874110368727349,0.0
VLM,0,23,0,1.5082953984471497e-07,-3.359360723269058,success,13.275999999999998,world_94.world,7.874110368727349,0.5
VLM,0,21,0,1.6233763598415e-07,-2.423947764971941,success,12.334,world_94.world,7.874110368727349,0.5
VLM,0,27,0,1.2771390450652562e-07,-4.7770379957532345,success,15.664,world_93.world,8.737123788614076,0.5
VLM,0,26,0,1.3106158177436676e-07,-4.246060462186808,success,15.304999999999998,world_93.world,8.737123788614076,0.5
VLM,0,28,0,1.2345677488187966e-07,-5.467435362201194,success,16.21,world_93.world,8.737123788614076,0.5
VLM,0,21,0,1.6420358551665265e-07,-2.115552382183886,success,12.183000000000002,world_92.world,8.426405905836614,0.5
VLM,0,21,0,1.6233763598415e-07,-2.126705625952212,success,12.327000000000002,world_92.world,8.426405905836614,0.5
VLM,0,20,0,0.0017066549988643347,-2.010000941781836,success,11.721,world_92.world,8.426405905836614,0.5
VLM,0,18,0,1.848428493820981e-07,-1.7503392846932389,success,10.839999999999998,world_91.world,8.651211523244614,0.5
VLM,0,17,0,1.9417471957772437e-07,-1.4891372325165062,success,10.319999999999999,world_91.world,8.651211523244614,0.5
VLM,0,18,0,1.883238816715854e-07,-1.5944352994680904,success,10.670000000000002,world_91.world,8.651211523244614,0.5
VLM,0,23,0,1.4705880190311737e-07,-4.04954185319505,success,13.608,world_90.world,8.915313973228162,0.5
VLM,0,23,0,1.494768087478612e-07,-5.0791033112946655,success,13.403000000000002,world_90.world,8.915313973228162,0.5
VLM,0,28,0,1.248439294826555e-07,-7.252892847392036,success,16.024,world_90.world,8.915313973228162,0.5
VLM,0,26,3,0.45032265157127077,-6.875159904133908,collision,15.517999999999999,world_89.world,8.277057943766925,0.0
VLM,0,27,3,0.5984556501344079,-9.824398371958107,collision,15.610000000000001,world_89.world,8.277057943766925,0.0
VLM,0,24,3,0.51000006999999,-5.846667831071768,collision,14.010000000000002,world_89.world,8.277057943766925,0.0
VLM,0,19,0,1.7953318141235524e-07,-1.7199041617396704,success,11.151,world_88.world,8.22603682618968,0.5
VLM,0,19,0,1.7921143741730513e-07,-1.2711776529341035,success,11.175,world_88.world,8.22603682618968,0.5
VLM,0,19,0,1.7761986187924301e-07,-1.80484813238369,success,11.269000000000002,world_88.world,8.22603682618968,0.5
VLM,0,19,0,1.8115938747112548e-07,-1.444616895287853,success,11.052,world_87.world,7.965846176566169,0.5
VLM,0,18,0,1.8903588108962553e-07,-1.5758576431645999,success,10.591999999999999,world_87.world,7.965846176566169,0.5
VLM,0,20,0,1.7035772225592467e-07,-2.3456909057369923,success,11.748000000000001,world_87.world,7.965846176566169,0.5
VLM,0,19,0,1.7793591139930404e-07,-0.6253509126153798,success,11.360000000000001,world_86.world,8.086051833195288,0.5
VLM,0,20,0,1.6835014000839396e-07,-0.7863462434513447,success,11.881,world_86.world,8.086051833195288,0.5
VLM,0,20,0,1.7123284739163572e-07,-0.8538676458907711,success,11.694999999999999,world_86.world,8.086051833195288,0.5
VLM,0,26,0,1.331557745465014e-07,-4.583461810694799,success,15.1,world_85.world,8.49776588751143,0.5
VLM,0,9,3,0.024561745767808504,-0.4839027538752241,collision,5.709,world_85.world,8.49776588751143,0.0
VLM,0,24,0,1.426533320038043e-07,-3.9152243448545607,success,14.021,world_85.world,8.49776588751143,0.5
VLM,0,21,0,1.6207452802681882e-07,-1.9077151166950237,success,12.356000000000002,world_84.world,7.7946843634494,0.5
VLM,0,23,0,1.5197566079397255e-07,-2.6129456396290434,success,13.171999999999999,world_84.world,7.7946843634494,0.5
VLM,0,23,0,1.497005763921293e-07,-3.138291345369593,success,13.373999999999999,world_84.world,7.7946843634494,0.5
VLM,0,25,0,0.0013737635475599523,-5.918283401005315,success,14.568999999999999,world_83.world,8.267190471112068,0.5
VLM,0,26,0,1.335113306393417e-07,-6.263277238164896,success,15.001999999999999,world_83.world,8.267190471112068,0.5
VLM,0,26,0,1.3386879064674825e-07,-5.898469861855525,success,14.957,world_83.world,8.267190471112068,0.5
VLM,0,23,0,1.5105737899435365e-07,-3.38739790335904,success,13.259,world_82.world,8.958164793488972,0.5
VLM,0,26,0,1.3037807948134558e-07,-6.353871390525077,success,15.362,world_82.world,8.958164793488972,0.5
VLM,0,25,0,1.362397634550731e-07,-5.329931251623694,success,14.703,world_82.world,8.958164793488972,0.5
VLM,0,21,0,1.6129029656608122e-07,-4.481878042037803,success,12.415,world_81.world,8.068852074309877,0.5
VLM,0,21,0,1.6103056988235592e-07,-4.077705582575512,success,12.433,world_81.world,8.068852074309877,0.5
VLM,0,24,0,1.4064695630844498e-07,-4.7714453084718755,success,14.226999999999999,world_81.world,8.068852074309877,0.5
VLM,0,20,3,0.374161178832017,-4.281800258632317,collision,12.02,world_80.world,8.100313695246186,0.0
VLM,0,19,0,1.7889084456335518e-07,-1.7867120215690684,success,11.186,world_80.world,8.100313695246186,0.5
VLM,0,19,0,1.7761986187924301e-07,-1.7871543539499286,success,11.277999999999999,world_80.world,8.100313695246186,0.5
VLM,0,20,0,1.6806719864416831e-07,-2.302013113057463,success,11.913000000000002,world_79.world,7.9152425094789844,0.5
VLM,0,24,2,0.036127306918019235,-5.135055388678943,success,13.855,world_79.world,7.9152425094789844,0.0
VLM,0,20,0,1.692047091024181e-07,-1.7784381012100063,success,11.821,world_79.world,7.9152425094789844,0.5
VLM,0,18,0,1.8939390352388194e-07,-0.460683178658268,success,10.572,world_78.world,8.307917259957843,0.5
VLM,0,17,0,1.9723861987403949e-07,-0.39403898447582936,success,10.153,world_78.world,8.307917259957843,0.5
VLM,0,18,0,1.8761722558776257e-07,-0.4668739071302034,success,10.671999999999999,world_78.world,8.307917259957843,0.5
VLM,0,27,0,1.2886596277500482e-07,-4.729612527795968,success,15.539000000000001,world_77.world,7.858846823156121,0.5
VLM,0,25,0,1.3717419243152368e-07,-4.034055638469623,success,14.652999999999999,world_77.world,7.858846823156121,0.5
VLM,0,24,0,1.4245012215810227e-07,-3.9760378620834347,success,14.046999999999999,world_77.world,7.858846823156121,0.5
VLM,0,21,0,1.6313211041890534e-07,-3.0467056657475617,success,12.266,world_76.world,8.134191097866879,0.5
VLM,0,24,0,1.4430012347761569e-07,-4.901253098295933,success,13.861,world_76.world,8.134191097866879,0.5
VLM,0,21,0,1.628664229859246e-07,-2.8620002380912735,success,12.291999999999998,world_76.world,8.134191097866879,0.5
VLM,0,20,0,1.694914966963565e-07,-2.7304423362804755,success,11.803,world_75.world,8.598515422056995,0.5
VLM,0,21,0,1.6339866611132909e-07,-3.412333075094284,success,12.241,world_75.world,8.598515422056995,0.5
VLM,0,19,0,1.7825308765542112e-07,-1.9978989885418468,success,11.235,world_75.world,8.598515422056995,0.5
VLM,0,17,0,1.95694677946247e-07,-1.1758248750539342,success,10.224,world_74.world,7.681679114277142,0.5
VLM,0,17,0,2.0080317252948344e-07,-1.1779969219275408,success,9.961,world_74.world,7.681679114277142,0.5
VLM,0,17,0,2.0080317252948344e-07,-1.149451102138814,success,9.974,world_74.world,7.681679114277142,0.5
VLM,0,18,0,1.8726588253447895e-07,-1.8254350882504504,success,10.686,world_73.world,7.662817528720334,0.5
VLM,0,18,0,1.88679209683168e-07,-2.167553710499926,success,10.603,world_73.world,7.662817528720334,0.5
VLM,0,17,0,1.9305015578182322e-07,-1.8806213071650995,success,10.363000000000001,world_73.world,7.662817528720334,0.5
VLM,0,34,3,0.7056451909631863,-9.87482673704699,collision,19.857,world_72.world,9.048141684378571,0.0
VLM,0,21,0,1.6077167833252761e-07,-3.684109501591267,success,12.474,world_72.world,9.048141684378571,0.5
VLM,0,23,0,1.4880950166525275e-07,-4.100175095939775,success,13.455,world_72.world,9.048141684378571,0.5
VLM,0,17,0,1.9801976276836382e-07,-0.30999351553009913,success,10.11,world_71.world,8.454422867423581,0.5
VLM,0,17,0,1.9801976276836382e-07,-0.32759071116385935,success,10.118,world_71.world,8.454422867423581,0.5
VLM,0,18,0,1.901140322977125e-07,-0.34310075024197945,success,10.575000000000001,world_71.world,8.454422867423581,0.5
VLM,0,18,0,1.8761722558776257e-07,-1.1385465927743275,success,10.67,world_70.world,8.555485396665695,0.5
VLM,0,18,0,1.879698894793441e-07,-1.2254945098929004,success,10.641,world_70.world,8.555485396665695,0.5
VLM,0,18,0,1.9047615419501827e-07,-1.1723195275511311,success,10.520999999999999,world_70.world,8.555485396665695,0.5
VLM,0,50,0,0.004146578842669051,-24.5107806111369,success,28.978,world_69.world,8.295894615687171,0.286282511411663
VLM,0,40,0,8.787345449266658e-08,-13.041177190444454,success,22.775,world_69.world,8.295894615687171,0.36425442878977704
VLM,0,42,0,8.305647150693759e-08,-18.492681578623927,success,24.093,world_69.world,8.295894615687171,0.3443280046356689
VLM,0,19,0,1.751313178403997e-07,-1.832673143566762,success,11.435,world_68.world,7.992671380754568,0.5
VLM,0,19,0,1.7730493310196223e-07,-2.1644750878571446,success,11.305,world_68.world,7.992671380754568,0.5
VLM,0,18,0,1.869158529129247e-07,-1.7854210338488694,success,10.73,world_68.world,7.992671380754568,0.5
VLM,0,20,0,1.7182127631936836e-07,-2.6044585889837846,success,11.652,world_67.world,8.137590764596517,0.5
VLM,0,20,0,1.7035772225592467e-07,-1.6952510756629888,success,11.747999999999998,world_67.world,8.137590764596517,0.5
VLM,0,24,0,1.4306149598547983e-07,-5.3346994620817,success,13.986999999999998,world_67.world,8.137590764596517,0.5
VLM,0,23,0,1.477104656262237e-07,-3.2256857593023485,success,13.559,world_66.world,8.431327419200922,0.5
VLM,0,39,0,0.0034692971839291255,-8.8216895828771,success,23.061999999999998,world_66.world,8.431327419200922,0.3655939389125368
VLM,0,24,0,1.4430012347761569e-07,-3.6694140733298486,success,13.869,world_66.world,8.431327419200922,0.5
VLM,0,18,0,1.8761722558776257e-07,-1.3235524986498448,success,10.659,world_65.world,7.784881350694137,0.5
VLM,0,17,0,1.9607839292580533e-07,-0.9973686499648889,success,10.214,world_65.world,7.784881350694137,0.5
VLM,0,17,0,1.9305015578182322e-07,-1.2342192647329844,success,10.370000000000001,world_65.world,7.784881350694137,0.5
VLM,0,22,0,1.5197566079397255e-07,-3.5850861973183963,success,13.175,world_64.world,8.299052786270355,0.5
VLM,0,24,0,1.4388487138347175e-07,-4.853028767159539,success,13.969999999999999,world_64.world,8.299052786270355,0.5
VLM,0,22,0,1.5455948152094567e-07,-4.189842349827147,success,12.945999999999998,world_64.world,8.299052786270355,0.5
VLM,0,24,0,1.4124291790354268e-07,-5.174939569295203,success,14.166,world_63.world,8.142136090349757,0.5
VLM,0,23,0,1.4858838802549957e-07,-4.816405442731871,success,13.466000000000001,world_63.world,8.142136090349757,0.5
VLM,0,23,0,1.5082953984471497e-07,-4.95515338043193,success,13.272,world_63.world,8.142136090349757,0.5
VLM,0,16,0,2.092049771537705e-07,-0.2530982223281341,success,9.584,world_62.world,7.789669185797129,0.5
VLM,0,16,0,2.1141644578933496e-07,-0.21320597170859507,success,9.491,world_62.world,7.789669185797129,0.5
VLM,0,17,0,1.9762841944102384e-07,-0.270811121924249,success,10.128000000000002,world_62.world,7.789669185797129,0.5
VLM,0,18,0,1.9083965823670646e-07,-0.5020848763678949,success,10.482,world_61.world,7.90488192076935,0.5
VLM,0,17,0,1.9999996000000803e-07,-0.4936024501318322,success,10.033000000000001,world_61.world,7.90488192076935,0.5
VLM,0,17,0,1.9723861987403949e-07,-0.5416371746931034,success,10.149,world_61.world,7.90488192076935,0.5
VLM,0,18,0,1.88679209683168e-07,-1.1048928592638456,success,10.615,world_60.world,8.1793502054952,0.5
VLM,0,18,0,1.8903588108962553e-07,-0.9161532709797362,success,10.601999999999999,world_60.world,8.1793502054952,0.5
VLM,0,17,0,1.9880711753337627e-07,-1.0994149864951652,success,10.066999999999998,world_60.world,8.1793502054952,0.5
VLM,0,22,0,1.5455948152094567e-07,-3.5691787615292347,success,12.943000000000001,world_59.world,8.195378268581361,0.5
VLM,0,21,0,1.6155086243120157e-07,-2.420260903373773,success,12.393999999999998,world_59.world,8.195378268581361,0.5
VLM,0,21,0,1.599999744000041e-07,-2.8979523532592757,success,12.502,world_59.world,8.195378268581361,0.5
VLM,0,19,0,1.7452003935077848e-07,-1.9802080123751136,success,11.459000000000001,world_58.world,8.561860718112822,0.5
VLM,0,20,0,1.6977925810199355e-07,-2.2839771642065068,success,11.794,world_58.world,8.561860718112822,0.5
VLM,0,20,0,1.7241376337693738e-07,-2.195918206138999,success,11.629,world_58.world,8.561860718112822,0.5
VLM,0,22,0,1.5455948152094567e-07,-4.328866864172859,success,13.004999999999999,world_57.world,8.325250746080222,0.5
VLM,0,47,4,0.7956748847371451,-29.841774798893457,collision,26.828000000000003,world_57.world,8.325250746080222,0.0
VLM,0,19,0,1.7730493310196223e-07,-2.9925443459718855,success,11.281999999999998,world_57.world,8.325250746080222,0.5
VLM,0,17,0,1.9646361562600874e-07,-1.5145833742575467,success,10.199,world_56.world,8.14825227129895,0.5
VLM,0,17,0,1.9880711753337627e-07,-1.4889473807891909,success,10.076,world_56.world,8.14825227129895,0.5
VLM,0,18,0,1.879698894793441e-07,-1.6836000723676503,success,10.656,world_56.world,8.14825227129895,0.5
VLM,0,19,0,1.7793591139930404e-07,-2.7004662081674984,success,11.244000000000002,world_55.world,7.972038590337743,0.5
VLM,0,21,0,1.6181227155141238e-07,-3.4952153613285524,success,12.381,world_55.world,7.972038590337743,0.5
VLM,0,19,0,1.8083179370130316e-07,-2.531823366127974,success,11.066,world_55.world,7.972038590337743,0.5
VLM,0,16,0,2.127659121774655e-07,-0.13772581582870896,success,9.411999999999999,world_54.world,7.937059993858295,0.5
VLM,0,17,0,2.0120720297641792e-07,-0.1197127522500214,success,9.952,world_54.world,7.937059993858295,0.5
VLM,0,16,0,2.0746883662472272e-07,-0.17372320780036504,success,9.64,world_54.world,7.937059993858295,0.5
VLM,0,15,0,2.2172944085821714e-07,-0.06274454865946287,success,9.035000000000002,world_53.world,8.137162957850254,0.5
VLM,0,16,0,2.070392946088417e-07,-0.08112613776279583,success,9.673999999999998,world_53.world,8.137162957850254,0.5
VLM,0,16,0,2.100839894781535e-07,-0.09262536380061974,success,9.536,world_53.world,8.137162957850254,0.5
VLM,0,25,0,1.3736261849414581e-07,-6.111783303660855,success,14.559000000000001,world_52.world,8.908826053052014,0.5
VLM,0,21,0,1.5898248664825332e-07,-4.942684722459708,success,12.579999999999998,world_52.world,8.908826053052014,0.5
VLM,0,22,0,1.5698584662702567e-07,-5.111253139514525,success,12.752,world_52.world,8.908826053052014,0.5
VLM,0,20,0,1.6666663888889353e-07,-2.5885780540930554,success,12.004000000000001,world_51.world,8.428638485368548,0.5
VLM,0,18,0,1.88679209683168e-07,-1.6513325337731946,success,10.606000000000002,world_51.world,8.428638485368548,0.5
VLM,0,19,0,1.7825308765542112e-07,-1.4794279099457694,success,11.219,world_51.world,8.428638485368548,0.5
VLM,0,18,0,1.8903588108962553e-07,-1.1166210032667416,success,10.584,world_50.world,8.136260874827512,0.5
VLM,0,18,0,1.897532846767961e-07,-1.0687706952030342,success,10.556000000000001,world_50.world,8.136260874827512,0.5
VLM,0,18,0,1.8726588253447895e-07,-0.7804015159739228,success,10.693,world_50.world,8.136260874827512,0.5
VLM,0,21,0,1.6420358551665265e-07,-2.800008817016739,success,12.181999999999999,world_49.world,9.849313256116805,0.5
VLM,0,64,2,0.1845238536513066,-20.68783399522137,success,36.963,world_49.world,9.849313256116805,0.0
VLM,0,20,0,1.715265571995614e-07,-2.384208292943142,success,11.681,world_49.world,9.849313256116805,0.5
VLM,0,18,0,1.8903588108962553e-07,-0.552887965968446,success,10.587,world_48.world,7.723639668622052,0.5
VLM,0,18,0,1.897532846767961e-07,-0.6073688221584713,success,10.561,world_48.world,7.723639668622052,0.5
VLM,0,18,0,1.883238816715854e-07,-0.6866607917588963,success,10.719999999999999,world_48.world,7.723639668622052,0.5
VLM,0,16,0,2.070392946088417e-07,-0.6265827393690689,success,9.663,world_47.world,7.978430289997688,0.5
VLM,0,16,0,2.0449893568528924e-07,-0.47237195773232415,success,9.815,world_47.world,7.978430289997688,0.5
VLM,0,17,0,1.9493173588075326e-07,-0.5575840240384421,success,10.262999999999998,world_47.world,7.978430289997688,0.5
VLM,0,25,1,0.0013737635475599523,-3.8069861436657866,success,14.573000000000002,world_46.world,8.128776611550942,0.0
VLM,0,23,0,1.492537090666106e-07,-4.346293375614028,success,13.401,world_46.world,8.128776611550942,0.5
VLM,0,23,0,1.477104656262237e-07,-3.9878708699126886,success,13.567,world_46.world,8.128776611550942,0.5
VLM,0,17,0,1.9801976276836382e-07,-0.11837455255965054,success,10.128,world_45.world,8.507345602053446,0.5
VLM,0,16,0,2.1186436189314368e-07,-0.11409050700533144,success,9.459000000000001,world_45.world,8.507345602053446,0.5
VLM,0,17,0,1.9685035495071754e-07,-0.08402773634063124,success,10.178,world_45.world,8.507345602053446,0.5
VLM,0,18,0,1.897532846767961e-07,-0.6666542562888585,success,10.545,world_44.world,7.979286410739421,0.5
VLM,0,18,0,1.8656712937180424e-07,-0.6291408032058107,success,10.806000000000001,world_44.world,7.979286410739421,0.5
VLM,0,16,0,2.0661152755960177e-07,-0.6390419904274065,success,9.690000000000001,world_44.world,7.979286410739421,0.5
VLM,0,17,0,1.9920314756909414e-07,-0.5581913677271615,success,10.041,world_43.world,8.109232491626438,0.5
VLM,0,17,0,1.9920314756909414e-07,-0.7293291371322879,success,10.043,world_43.world,8.109232491626438,0.5
VLM,0,17,0,1.9999996000000803e-07,-0.6000222631851779,success,10.004999999999999,world_43.world,8.109232491626438,0.5
VLM,0,18,0,1.879698894793441e-07,-2.3385136241665228,success,10.646,world_42.world,8.078518849674825,0.5
VLM,0,18,0,1.8939390352388194e-07,-2.399750664714496,success,10.572,world_42.world,8.078518849674825,0.5
VLM,0,18,0,1.8587357139896445e-07,-2.1278311209795704,success,10.762999999999998,world_42.world,8.078518849674825,0.5
VLM,0,17,0,1.9999996000000803e-07,-1.137040355708741,success,10.015999999999998,world_41.world,8.41676640181258,0.5
VLM,0,17,0,1.9841265904510736e-07,-0.9457855141979178,success,10.197,world_41.world,8.41676640181258,0.5
VLM,0,17,0,1.9685035495071754e-07,-1.1682251912127772,success,10.171,world_41.world,8.41676640181258,0.5
VLM,0,19,0,1.7391301323251946e-07,-1.0667625199786381,success,11.512,world_40.world,7.91606639191294,0.5
VLM,0,19,0,1.7793591139930404e-07,-1.1214421254120468,success,11.295000000000002,world_40.world,7.91606639191294,0.5
VLM,0,19,0,1.7605630703234033e-07,-2.1496170026324357,success,11.367,world_40.world,7.91606639191294,0.5
VLM,0,20,0,1.6778520674744855e-07,-3.4811674234339702,success,11.961,world_39.world,8.383492590770384,0.5
VLM,0,24,3,0.6250000526685319,-11.656741619742991,collision,14.259,world_39.world,8.383492590770384,0.0
VLM,0,20,0,1.700679982877554e-07,-3.2251316164599175,success,11.76,world_39.world,8.383492590770384,0.5
VLM,0,18,0,1.897532846767961e-07,-1.2218964095102807,success,10.548999999999998,world_38.world,7.823793764091686,0.5
VLM,0,17,0,1.9762841944102384e-07,-0.9237238963700922,success,10.117,world_38.world,7.823793764091686,0.5
VLM,0,18,0,1.8726588253447895e-07,-1.4429394992319127,success,10.698,world_38.world,7.823793764091686,0.5
VLM,0,16,0,2.1097041962649376e-07,-0.4226242311018622,success,9.485999999999999,world_37.world,8.126611785765261,0.5
VLM,0,16,0,2.0533876687088977e-07,-0.4937255790444316,success,9.778000000000002,world_37.world,8.126611785765261,0.5
VLM,0,17,0,1.9841265904510736e-07,-0.44140488068402856,success,10.091,world_37.world,8.126611785765261,0.5
VLM,0,17,0,1.9723861987403949e-07,-0.3601146010558046,success,10.231000000000002,world_36.world,7.866330220037212,0.5
VLM,0,16,0,2.105262714681534e-07,-0.47114487945180383,success,9.573,world_36.world,7.866330220037212,0.5
VLM,0,17,0,1.9801976276836382e-07,-0.4044563523113573,success,10.118999999999998,world_36.world,7.866330220037212,0.5
VLM,0,20,0,1.672240523036702e-07,-2.974259441347617,success,12.049000000000001,world_35.world,8.057087722477611,0.5
VLM,0,19,0,1.769911191166161e-07,-2.4297275305675927,success,11.307000000000002,world_35.world,8.057087722477611,0.5
VLM,0,22,0,1.5624997558594132e-07,-4.048727447223018,success,12.804,world_35.world,8.057087722477611,0.5
VLM,0,18,0,1.848428493820981e-07,-0.81029684845001,success,10.827,world_34.world,8.232892546850593,0.5
VLM,0,18,0,1.8726588253447895e-07,-0.784623462059319,success,10.684999999999999,world_34.world,8.232892546850593,0.5
VLM,0,18,0,1.879698894793441e-07,-0.8411631295542954,success,10.672999999999998,world_34.world,8.232892546850593,0.5
VLM,0,22,0,1.5174504525871848e-07,-5.1236774967592815,success,13.187,world_33.world,8.084455348965788,0.5
VLM,0,22,0,1.557632156132063e-07,-5.184330510382103,success,12.848,world_33.world,8.084455348965788,0.5
VLM,0,24,0,1.4084505058520414e-07,-5.708219265579668,success,14.216,world_33.world,8.084455348965788,0.5
VLM,0,18,0,1.869158529129247e-07,-0.8926619986597795,success,10.723999999999998,world_32.world,7.885459226651822,0.5
VLM,0,19,0,1.7857139668367917e-07,-0.8965082760376419,success,11.206,world_32.world,7.885459226651822,0.5
VLM,0,19,0,1.7543856571253234e-07,-0.8853471081708938,success,11.41,world_32.world,7.885459226651822,0.5
VLM,0,20,0,1.6977925810199355e-07,-1.9390212562501274,success,11.796000000000001,world_31.world,9.167567699214853,0.5
VLM,0,19,0,1.7793591139930404e-07,-1.3269849855746472,success,11.254999999999999,world_31.world,9.167567699214853,0.5
VLM,0,20,0,1.7035772225592467e-07,-2.3700056121484456,success,11.743,world_31.world,9.167567699214853,0.5
VLM,0,18,0,1.7889084456335518e-07,-2.7738418704600343,success,11.195,world_30.world,8.334769441907351,0.5
VLM,0,20,0,1.6420358551665265e-07,-3.037689557174536,success,12.216999999999999,world_30.world,8.334769441907351,0.5
VLM,0,25,0,0.049399325847887074,-5.673347162882773,success,14.998,world_30.world,8.334769441907351,0.5
VLM,0,18,5,0.0836365302479036,-2.8680320888928548,collision,11.024,world_29.world,8.005103129808365,0.0
VLM,0,25,0,1.329787057209168e-07,-5.4853462232905486,success,15.07,world_29.world,8.005103129808365,0.5
VLM,0,52,4,0.6321381386362458,-35.482393661355445,collision,30.148000000000003,world_29.world,8.005103129808365,0.0
VLM,0,17,0,1.953124618530348e-07,-0.3717321911000646,success,10.250999999999998,world_28.world,8.273013727055181,0.5
VLM,0,17,0,1.9999996000000803e-07,-0.28610600784630724,success,10.011000000000001,world_28.world,8.273013727055181,0.5
VLM,0,17,0,1.9723861987403949e-07,-0.36492918546910336,success,10.173,world_28.world,8.273013727055181,0.5
VLM,0,27,0,1.2820511176857542e-07,-5.362632769918161,success,15.607,world_27.world,9.7461734452151,0.5
VLM,0,24,0,1.4084505058520414e-07,-5.065396045969368,success,14.224,world_27.world,9.7461734452151,0.5
VLM,0,24,0,1.426533320038043e-07,-4.7126206313980745,success,14.031,world_27.world,9.7461734452151,0.5
VLM,0,18,0,1.88679209683168e-07,-1.5140712461080736,success,10.617,world_26.world,8.137590764596517,0.5
VLM,0,17,0,1.9723861987403949e-07,-1.2887339088652472,success,10.142,world_26.world,8.137590764596517,0.5
VLM,0,17,0,1.9083965823670646e-07,-1.533390375799775,success,10.492999999999999,world_26.world,8.137590764596517,0.5
VLM,0,24,0,1.4306149598547983e-07,-5.097921107483349,success,13.993999999999998,world_25.world,8.964642398613119,0.5
VLM,0,19,0,1.8115938747112548e-07,-3.0076467759817977,success,11.056,world_25.world,8.964642398613119,0.5
VLM,0,20,0,1.7123284739163572e-07,-2.8121109731655975,success,11.688,world_25.world,8.964642398613119,0.5
VLM,0,17,0,2.0120720297641792e-07,-1.3781741892413855,success,9.959000000000001,world_24.world,8.330207406715914,0.5
VLM,0,17,0,1.9999996000000803e-07,-1.5337294223775482,success,10.082,world_24.world,8.330207406715914,0.5
VLM,0,17,0,1.95694677946247e-07,-1.2619219392197905,success,10.228000000000002,world_24.world,8.330207406715914,0.5
VLM,0,16,0,2.0833328993056462e-07,-0.1304238673741745,success,9.596,world_23.world,8.080539346398604,0.5
VLM,0,16,0,2.0408159100375695e-07,-0.16957500332395486,success,9.803,world_23.world,8.080539346398604,0.5
VLM,0,17,0,1.9685035495071754e-07,-0.1482197087589935,success,10.164,world_23.world,8.080539346398604,0.5
VLM,0,19,0,1.7331019526686392e-07,-1.1185525898590143,success,11.552,world_22.world,9.858020142051808,0.5
VLM,0,19,0,1.7452003935077848e-07,-1.0735644866511032,success,11.47,world_22.world,9.858020142051808,0.5
VLM,0,19,0,1.8115938747112548e-07,-0.8393391053903895,success,11.056,world_22.world,9.858020142051808,0.5
VLM,0,17,0,1.9455249133220014e-07,-0.1326343514290897,success,10.287999999999998,world_21.world,8.155271571994216,0.5
VLM,0,16,0,2.0576127453471718e-07,-0.10304211793643242,success,9.761,world_21.world,8.155271571994216,0.5
VLM,0,17,0,1.9841265904510736e-07,-0.1130915606387069,success,10.085,world_21.world,8.155271571994216,0.5
VLM,0,22,0,1.5698584662702567e-07,-3.8456922841094174,success,12.786000000000001,world_20.world,8.748223030535536,0.5
VLM,0,22,0,1.560062159116668e-07,-3.5690500391971955,success,12.829999999999998,world_20.world,8.748223030535536,0.5
VLM,0,22,0,1.5479873764725425e-07,-4.2748001764027315,success,12.965,world_20.world,8.748223030535536,0.5
VLM,0,16,0,2.100839894781535e-07,-0.2162149842263644,success,9.563,world_19.world,8.360155832410621,0.5
VLM,0,16,0,2.1186436189314368e-07,-0.19133736210514918,success,9.438,world_19.world,8.360155832410621,0.5
VLM,0,16,0,2.0661152755960177e-07,-0.26060718099545466,success,9.689,world_19.world,8.360155832410621,0.5
VLM,0,18,0,1.879698894793441e-07,-0.3993610473056517,success,10.656,world_18.world,8.199722798952482,0.5
VLM,0,17,0,1.9960075856272286e-07,-0.30834701852297863,success,10.034,world_18.world,8.199722798952482,0.5
VLM,0,17,0,1.9801976276836382e-07,-0.3315811260036646,success,10.201,world_18.world,8.199722798952482,0.5
VLM,0,18,0,1.8939390352388194e-07,-1.382853846270077,success,10.563000000000002,world_17.world,8.019333475447048,0.5
VLM,0,18,0,1.8903588108962553e-07,-1.7953275309089658,success,10.587000000000002,world_17.world,8.019333475447048,0.5
VLM,0,17,0,1.9960075856272286e-07,-1.4113097343468528,success,10.078,world_17.world,8.019333475447048,0.5
VLM,0,16,0,2.070392946088417e-07,-0.8848325877965374,success,9.661999999999999,world_16.world,7.7050962891335395,0.5
VLM,0,17,0,2.0161286257805191e-07,-0.8454499142611754,success,9.954,world_16.world,7.7050962891335395,0.5
VLM,0,17,0,2.0080317252948344e-07,-0.9881733470592754,success,9.978,world_16.world,7.7050962891335395,0.5
VLM,0,26,0,1.326259771053081e-07,-4.382223862915296,success,15.081,world_15.world,8.183135858441506,0.5
VLM,0,24,0,1.4347200237130527e-07,-4.324072363413249,success,13.943000000000001,world_15.world,8.183135858441506,0.5
VLM,0,28,0,1.2254900458958277e-07,-6.866643306995161,success,16.328000000000003,world_15.world,8.183135858441506,0.5
VLM,0,20,0,1.7035772225592467e-07,-2.2388763028855094,success,11.746,world_14.world,8.086238508844373,0.5
VLM,0,16,3,0.346808649615181,-4.617433558222125,collision,9.408999999999999,world_14.world,8.086238508844373,0.0
VLM,0,26,0,1.3192610396753248e-07,-5.292895418616744,success,15.164,world_14.world,8.086238508844373,0.5
VLM,0,18,0,1.897532846767961e-07,-0.5124578361960561,success,10.552999999999999,world_13.world,7.703425987449967,0.5
VLM,0,17,0,1.9455249133220014e-07,-0.4645301040603951,success,10.293,world_13.world,7.703425987449967,0.5
VLM,0,17,0,1.9646361562600874e-07,-0.47795313806903916,success,10.215,world_13.world,7.703425987449967,0.5
VLM,0,17,0,1.9960075856272286e-07,-1.3080725769434962,success,10.112,world_12.world,8.164601230243118,0.5
VLM,0,19,0,1.7985608275969736e-07,-1.349878185495021,success,11.12,world_12.world,8.164601230243118,0.5
VLM,0,18,0,1.879698894793441e-07,-1.2123174025807582,success,10.639999999999999,world_12.world,8.164601230243118,0.5
VLM,0,20,0,1.694914966963565e-07,-3.5615310590749703,success,11.831,world_11.world,8.161275706150734,0.5
VLM,0,21,0,1.6103056988235592e-07,-3.567465518260464,success,12.441999999999998,world_11.world,8.161275706150734,0.5
VLM,0,20,0,1.709401417196339e-07,-3.0429816357646082,success,11.721000000000002,world_11.world,8.161275706150734,0.5
VLM,0,24,1,1.4471777934619693e-07,-2.824530314801179,success,13.833,world_10.world,8.770606378344223,0.0
VLM,0,14,3,0.17330230133435567,-1.029160850332331,collision,8.541999999999998,world_10.world,8.770606378344223,0.0
VLM,0,21,0,1.6528922887781343e-07,-3.007619474255017,success,12.106,world_10.world,8.770606378344223,0.5
VLM,0,23,0,1.5015012760508597e-07,-5.740371035675159,success,13.324,world_9.world,7.905243154921573,0.5
VLM,0,58,4,0.6652593688022094,-11.415388393799162,collision,33.165,world_9.world,7.905243154921573,0.0
VLM,0,23,0,1.4903127436195615e-07,-4.714416959440339,success,13.474,world_9.world,7.905243154921573,0.5
VLM,0,17,0,1.9762841944102384e-07,-0.7063488926834389,success,10.133000000000001,world_8.world,8.839768846148173,0.5
VLM,0,17,0,1.9801976276836382e-07,-0.7094816060761711,success,10.104999999999999,world_8.world,8.839768846148173,0.5
VLM,0,18,0,1.869158529129247e-07,-0.5957133506107206,success,10.799000000000001,world_8.world,8.839768846148173,0.5
VLM,0,19,0,1.751313178403997e-07,-1.1603534521475687,success,11.436,world_7.world,8.177602477491796,0.5
VLM,0,19,0,1.7857139668367917e-07,-1.9612301275500188,success,11.2,world_7.world,8.177602477491796,0.5
VLM,0,19,0,1.766784140144145e-07,-1.3603725368746953,success,11.328000000000001,world_7.world,8.177602477491796,0.5
VLM,0,17,0,1.9762841944102384e-07,-0.6907085099351473,success,10.151,world_6.world,8.085837515270248,0.5
VLM,0,17,0,1.9267819023541616e-07,-0.5236037697969377,success,10.398,world_6.world,8.085837515270248,0.5
VLM,0,18,0,1.8450181097752567e-07,-0.4785346819337915,success,10.849,world_6.world,8.085837515270248,0.5
VLM,0,18,0,1.879698894793441e-07,-1.9432830220678368,success,10.644,world_5.world,7.912764273041438,0.5
VLM,0,25,0,0.04676766894530002,-6.3335136750533785,success,14.546000000000001,world_5.world,7.912764273041438,0.5
VLM,0,47,0,0.008935293452323644,-9.567008801268152,success,26.862000000000002,world_5.world,7.912764273041438,0.2945709281900617
VLM,0,57,0,0.011494312674270256,-20.032650343537213,success,33.067,world_4.world,7.890703185790128,0.23862773114555685
VLM,0,28,0,0.0012256125949004174,-5.0859114681693125,success,16.323,world_4.world,7.890703185790128,0.48341010756540637
VLM,0,47,0,0.005139573778298548,-13.685863654034137,success,27.260999999999996,world_4.world,7.890703185790128,0.28945024708521805
VLM,0,19,0,1.7889084456335518e-07,-2.2987548257887034,success,11.184000000000001,world_3.world,8.95224825881783,0.5
VLM,0,18,0,1.8726588253447895e-07,-1.4473429774478257,success,10.697000000000001,world_3.world,8.95224825881783,0.5
VLM,0,18,0,1.8656712937180424e-07,-1.7943493883668127,success,10.72,world_3.world,8.95224825881783,0.5
VLM,0,16,0,2.0533876687088977e-07,-0.192345210561875,success,9.755,world_2.world,8.591113429155527,0.5
VLM,0,16,0,2.0833328993056462e-07,-0.17095630965361877,success,9.600999999999999,world_2.world,8.591113429155527,0.5
VLM,0,17,0,1.9960075856272286e-07,-0.18274015947525496,success,10.021,world_2.world,8.591113429155527,0.5
VLM,0,19,0,1.7921143741730513e-07,-2.6903760426731265,success,11.178000000000003,world_1.world,8.202198904645094,0.5
VLM,0,19,0,1.7921143741730513e-07,-2.831041537838283,success,11.161999999999999,world_1.world,8.202198904645094,0.5
VLM,0,21,0,1.6420358551665265e-07,-3.8776612819391523,success,12.19,world_1.world,8.202198904645094,0.5
VLM,0,22,0,1.5673978734486092e-07,-3.184496479001698,success,12.769,world_0.world,8.558028082848947,0.5
VLM,0,22,0,1.5748029016058424e-07,-3.4171371879447516,success,12.701999999999998,world_0.world,8.558028082848947,0.5
VLM,0,22,0,1.560062159116668e-07,-3.168068017345952,success,12.838999999999999,world_0.world,8.558028082848947,0.5
