Method,Start_frame_id,Done_frame_id,Collision,Recovery,Smoothness,Status,Time,World,optimal_time,nav_metric
VLM,0,23,0,0.199735555590535,-9.685428704499667,success,15.128000000000002,world_0.world,8.558028082848947,0.5
VLM,24,44,0,0.07507521395267058,-8.774304921965845,success,13.328,world_0.world,8.558028082848947,0.5
VLM,0,28,0,0.13076932628908502,-11.125874243261604,success,18.931,world_1.world,8.202198904645094,0.4332681265989696
VLM,29,69,0,0.2682552445614724,-16.153779801048977,success,26.973999999999997,world_1.world,8.202198904645094,0.3040779604302326
VLM,0,9,0,2.949851637211907e-07,-2.9875729469604135e-05,success,7.119,world_2.world,8.591113429155527,0.5
VLM,10,17,0,3.3557035719115533e-07,-3.338020005289318e-05,success,6.248999999999999,world_2.world,8.591113429155527,0.5
VLM,0,20,0,0.08090197866021503,-13.967528152258444,success,16.107,world_3.world,8.95224825881783,0.5
VLM,21,53,0,0.328070234379804,-18.49596971459797,success,24.546999999999997,world_3.world,8.95224825881783,0.36469826287602686
