Method,Start_frame_id,Done_frame_id,Collision,Recovery,Smoothness,Status,Time,World,optimal_time,nav_metric
VLM,0,28,0,0.3885004360139521,-16.403430042919855,success,25.74,world_299.world,8.407246218783108,0.326621842221566
VLM,0,119,0,0.8391404164585767,-36.55564650928031,timeout,95.861,world_299.world,8.407246218783108,0.0
VLM,0,19,0,0.050480883355663066,-5.694876216468039,success,16.654999999999998,world_299.world,8.407246218783108,0.5
VLM,0,16,0,0.06859770295766723,-3.4503418282471006,success,13.125,world_298.world,7.998182157301491,0.5
VLM,0,21,0,0.22909100253442394,-14.189816088621075,success,16.517999999999997,world_298.world,7.998182157301491,0.48421008338185567
VLM,0,13,0,0.01476032938001303,-1.9280234286049671,success,10.850000000000001,world_298.world,7.998182157301491,0.5
VLM,0,16,0,0.10318678252097382,-4.534795436578708,success,13.191000000000003,world_297.world,7.826528565435303,0.5
VLM,0,15,0,0.015197718055058047,-4.082391451507082,success,13.170000000000002,world_297.world,7.826528565435303,0.5
VLM,0,15,0,0.06240264237088263,-4.625052095190203,success,12.832999999999998,world_297.world,7.826528565435303,0.5
VLM,0,15,0,0.1568628722680434,-7.202900108928805,success,13.262,world_296.world,7.77842316226422,0.5
VLM,0,15,0,0.03225821317078139,-3.6270966945709207,success,13.021,world_296.world,7.77842316226422,0.5
VLM,0,13,0,1.8083179370130316e-07,-2.705582077321329,success,11.068000000000001,world_296.world,7.77842316226422,0.5
VLM,0,17,0,0.35860844258622276,-10.478145041660222,success,22.423,world_295.world,8.500779295370204,0.3791098111479376
VLM,0,19,0,0.16281637372757166,-5.6579711480571735,success,18.182,world_295.world,8.500779295370204,0.46753818586350265
VLM,0,15,0,0.03644328914820858,-5.8451061937438995,success,13.733999999999998,world_295.world,8.500779295370204,0.5
VLM,0,119,1,0.9112544503724544,-16.77423220807105,timeout,89.92599999999999,world_294.world,8.261333769311195,0.0
VLM,0,119,0,0.8780699874359924,-20.93769466564831,timeout,92.02799999999999,world_294.world,8.261333769311195,0.0
VLM,0,119,0,0.8719115742291548,-85.95871686043978,timeout,338.372,world_294.world,8.261333769311195,0.0
VLM,0,17,0,0.08918931227171456,-5.24071444943351,success,14.817000000000004,world_293.world,7.997672131399035,0.5
VLM,0,119,0,0.9325387917126424,-9.761473068903687,timeout,88.945,world_293.world,7.997672131399035,0.0
VLM,0,20,0,0.24643204125289805,-8.162872953041989,success,21.032,world_293.world,7.997672131399035,0.3802620830828754
VLM,0,16,0,0.03868208614869826,-3.752814397002547,success,13.963999999999995,world_292.world,9.189719208423899,0.5
VLM,0,14,0,0.044850657001552,-4.3113837777527015,success,12.055,world_292.world,9.189719208423899,0.5
VLM,0,16,0,0.158602263628728,-3.491816656496176,success,14.895999999999997,world_292.world,9.189719208423899,0.5
VLM,0,23,0,0.30985921568140706,-11.374520367492941,success,22.723000000000003,world_291.world,8.268512621393903,0.36388296533881537
VLM,0,17,0,0.13631166823463137,-7.210324429605372,success,17.463,world_291.world,8.268512621393903,0.4734875234148716
VLM,0,17,0,0.10751455404456023,-6.694301201757269,success,17.310000000000002,world_291.world,8.268512621393903,0.47767259511229937
VLM,0,13,0,1.8050538258025587e-07,-1.5370503712318073,success,11.094999999999999,world_290.world,7.731003683421283,0.5
VLM,0,13,0,1.8518515089163875e-07,-1.6868527687696793,success,10.800999999999998,world_290.world,7.731003683421283,0.5
VLM,0,12,0,1.919385428140993e-07,-1.4039293767534737,success,10.420000000000002,world_290.world,7.731003683421283,0.5
VLM,0,14,0,0.024305724946922753,-3.650221666910384,success,11.538,world_289.world,7.884942331552407,0.5
VLM,0,15,0,0.03245764567888011,-3.9338491861914733,success,12.956000000000003,world_289.world,7.884942331552407,0.5
VLM,0,15,0,0.09677432598616922,-8.147366732491674,success,13.652000000000001,world_289.world,7.884942331552407,0.5
VLM,0,18,0,0.1497920735378539,-2.28749691744042,success,14.434999999999999,world_288.world,7.676966908159272,0.5
VLM,0,17,0,0.22206517368243656,-1.532707060053453,success,14.152000000000001,world_288.world,7.676966908159272,0.5
VLM,0,15,0,0.015177231841950786,-1.7642090879040278,success,11.876000000000001,world_288.world,7.676966908159272,0.5
VLM,0,14,0,1.766784140144145e-07,-2.9263063313022153,success,11.331,world_287.world,8.433999179342374,0.5
VLM,0,21,0,0.21271938457024292,-15.446300188030555,success,18.242,world_287.world,8.433999179342374,0.4623396107522406
VLM,0,17,0,0.11565597804570127,-9.538056028122641,success,14.195,world_287.world,8.433999179342374,0.5
VLM,0,119,0,0.9039763133676753,-21.20848379296869,timeout,94.571,world_286.world,8.085594036502888,0.0
VLM,0,24,0,0.3179434084004818,-10.857442451525072,success,19.063999999999997,world_286.world,8.085594036502888,0.4241289360314147
VLM,0,119,0,0.9198012793990707,-2.4629004655418893,timeout,84.54,world_286.world,8.085594036502888,0.0
VLM,0,17,0,0.14056730695840852,-7.629861012197148,success,16.22,world_285.world,8.657291412439974,0.5
VLM,0,14,0,0.018364103778947618,-3.7315131714402234,success,11.992999999999999,world_285.world,8.657291412439974,0.5
VLM,0,14,0,0.02090047895490692,-3.64607798803176,success,12.458000000000002,world_285.world,8.657291412439974,0.5
VLM,0,13,0,1.8518515089163875e-07,-0.8270800549137725,success,10.812999999999999,world_284.world,7.85639571685466,0.5
VLM,0,13,0,1.8552872253641513e-07,-0.9759473840933194,success,10.790000000000003,world_284.world,7.85639571685466,0.5
VLM,0,12,0,0.0038537564828985587,-0.6112236477590054,success,10.393999999999998,world_284.world,7.85639571685466,0.5
VLM,0,119,0,0.9205955352899722,-6.62003966991794,timeout,88.674,world_283.world,8.025752695075083,0.0
VLM,0,14,0,0.04647451178293081,-3.4526488227567036,success,12.498000000000001,world_283.world,8.025752695075083,0.5
VLM,0,13,0,1.7857139668367917e-07,-2.4806863772808456,success,11.209,world_283.world,8.025752695075083,0.5
VLM,0,14,0,0.05061098593176511,-1.508174855472402,success,11.478000000000002,world_282.world,8.091436813921078,0.5
VLM,0,16,0,0.08575594683779843,-4.021256423455623,success,13.774999999999999,world_282.world,8.091436813921078,0.5
VLM,0,14,0,0.12459561090685908,-1.2259704712008659,success,12.374000000000002,world_282.world,8.091436813921078,0.5
VLM,0,13,0,1.919385428140993e-07,-0.7280294623281219,success,10.425,world_281.world,7.753104122766794,0.5
VLM,0,13,0,0.0018249996669708638,-1.049332130200025,success,10.969000000000001,world_281.world,7.753104122766794,0.5
VLM,0,13,0,0.0018316846462116034,-1.2070506405279942,success,10.93,world_281.world,7.753104122766794,0.5
VLM,0,15,0,1.715265571995614e-07,-2.3867484636689307,success,11.666,world_280.world,7.906981912732345,0.5
VLM,0,16,0,0.10252613632598273,-8.16366314668905,success,13.475999999999999,world_280.world,7.906981912732345,0.5
VLM,0,16,0,0.11993783178538446,-2.5879757249032362,success,12.850000000000001,world_280.world,7.906981912732345,0.5
VLM,0,17,0,0.23664130461926886,-8.249910599635111,success,18.357999999999997,world_279.world,8.141257752809178,0.4434719333701481
VLM,0,119,0,0.8581162353082918,-60.3074601678766,timeout,99.804,world_279.world,8.141257752809178,0.0
VLM,0,119,0,0.930727363834284,-36.02397313721939,timeout,121.288,world_279.world,8.141257752809178,0.0
VLM,0,119,0,0.9158124336791181,-23.07704665779158,timeout,91.717,world_278.world,8.04702608075498,0.0
VLM,0,119,1,0.9268986665156781,-13.64381042470663,timeout,91.392,world_278.world,8.04702608075498,0.0
VLM,0,26,0,0.2910095196364732,-10.962201718326769,success,25.364,world_278.world,8.04702608075498,0.31726171269338355
VLM,0,13,0,1.7921143741730513e-07,-2.0091781987553383,success,11.172,world_277.world,8.48636998300088,0.5
VLM,0,14,0,0.07777792416223427,-4.033442037805618,success,12.611,world_277.world,8.48636998300088,0.5
VLM,0,13,0,0.012367665659423028,-2.66231836353374,success,11.329,world_277.world,8.48636998300088,0.5
VLM,0,12,0,1.9157084452665815e-07,-1.323438957266676,success,10.451,world_276.world,8.129771498092264,0.5
VLM,0,12,0,1.879698894793441e-07,-0.9971873980714137,success,10.651999999999997,world_276.world,8.129771498092264,0.5
VLM,0,12,0,1.9607839292580533e-07,-1.2366014145771778,success,10.207,world_276.world,8.129771498092264,0.5
VLM,0,13,0,1.923076553254509e-07,-2.135729538468141,success,10.400000000000002,world_275.world,8.302841434323229,0.5
VLM,0,13,0,1.8450181097752567e-07,-2.273281264801032,success,10.843,world_275.world,8.302841434323229,0.5
VLM,0,13,0,1.8382349562068098e-07,-2.1817035612228284,success,10.899000000000001,world_275.world,8.302841434323229,0.5
VLM,0,27,0,0.31554981681523636,-22.469468568467764,success,30.758000000000003,world_274.world,7.861005519926587,0.25557596462470206
VLM,0,119,1,0.7442552075661637,-86.12174434415918,timeout,147.975,world_274.world,7.861005519926587,0.0
VLM,0,119,0,0.8380261271694321,-43.82713268989729,timeout,137.815,world_274.world,7.861005519926587,0.0
VLM,0,20,0,0.13299885407793552,-3.1733323674189418,success,15.954000000000004,world_273.world,8.165814212170682,0.5
VLM,0,119,0,0.9382602722455756,-6.771274096614396,timeout,87.155,world_273.world,8.165814212170682,0.0
VLM,0,16,0,0.04146745750120295,-2.2535582644667604,success,12.558,world_273.world,8.165814212170682,0.5
VLM,0,13,0,1.8450181097752567e-07,-1.739927923255338,success,10.850999999999999,world_272.world,7.9472629195098925,0.5
VLM,0,13,0,1.8382349562068098e-07,-1.3599359659700496,success,10.896,world_272.world,7.9472629195098925,0.5
VLM,0,13,0,1.8621970461458015e-07,-1.6331713800934546,success,10.759,world_272.world,7.9472629195098925,0.5
VLM,0,13,0,0.00355257485744674,-1.5965930072938384,success,11.273999999999997,world_271.world,7.8721324090909235,0.5
VLM,0,15,0,0.021374195210046534,-3.4462919933224563,success,13.100999999999999,world_271.world,7.8721324090909235,0.5
VLM,0,13,0,1.8450181097752567e-07,-2.0055393798970558,success,10.841999999999999,world_271.world,7.8721324090909235,0.5
VLM,0,19,0,0.10640881421900675,-8.846913003241333,success,16.549000000000003,world_270.world,8.0158028015772,0.48436780479649516
VLM,0,12,1,0.3512196176878671,-3.2510071050009897,collision,12.3,world_270.world,8.0158028015772,0.0
VLM,0,14,0,1.8050538258025587e-07,-3.839936362554672,success,11.096,world_270.world,8.0158028015772,0.5
VLM,0,16,0,0.038011836547977115,-3.5294054869829856,success,13.694999999999997,world_269.world,8.393662666578876,0.5
VLM,0,14,0,0.01642052275525078,-3.346860684325061,success,12.190999999999999,world_269.world,8.393662666578876,0.5
VLM,0,13,0,0.0016808400536403273,-2.5844962014623394,success,11.911999999999999,world_269.world,8.393662666578876,0.5
VLM,0,13,0,1.8248171852523387e-07,-2.0123982017125,success,10.974999999999998,world_268.world,7.825330424845294,0.5
VLM,0,13,0,1.9417471957772437e-07,-1.4903584590719363,success,10.309000000000001,world_268.world,7.825330424845294,0.5
VLM,0,13,0,1.8903588108962553e-07,-1.7318608229404333,success,10.588999999999999,world_268.world,7.825330424845294,0.5
VLM,0,13,0,0.035524149995710484,-1.1882413327925345,success,11.259,world_267.world,7.767884282048531,0.5
VLM,0,13,0,0.012891526170989655,-1.0896555683633506,success,10.879000000000001,world_267.world,7.767884282048531,0.5
VLM,0,13,0,1.8416202869944225e-07,-0.7900908245758017,success,10.869,world_267.world,7.767884282048531,0.5
VLM,0,119,0,0.6776429865226519,-60.494081578291045,timeout,115.412,world_266.world,8.268726393333566,0.0
VLM,0,119,0,0.7309618419795918,-56.26630206823405,timeout,115.828,world_266.world,8.268726393333566,0.0
VLM,0,34,0,0.3075823099011223,-23.87950001284801,success,27.970999999999997,world_266.world,8.268726393333566,0.29561783251702
VLM,0,20,0,0.14789543254887003,-6.098850337219084,success,17.585,world_265.world,8.367950840432563,0.47585731250682756
VLM,0,119,0,0.9025130003788345,-11.18239567745894,timeout,92.414,world_265.world,8.367950840432563,0.0
VLM,0,119,0,0.9129777604625835,-8.111770723419875,timeout,92.649,world_265.world,8.367950840432563,0.0
VLM,0,4,0,0.3369965798547327,-1.3073124212234424,collision,5.4780000000000015,world_264.world,7.690668105576133,0.0
VLM,0,16,0,0.04424792857700169,-4.029293805094918,success,13.568000000000001,world_264.world,7.690668105576133,0.5
VLM,0,15,0,0.01687131643077969,-3.611677585245237,success,13.059000000000001,world_264.world,7.690668105576133,0.5
VLM,0,16,0,0.016326664445351777,-6.696569359265082,success,14.709,world_263.world,8.828844286165843,0.5
VLM,0,16,0,0.06291846547276232,-5.249894720023395,success,14.954,world_263.world,8.828844286165843,0.5
VLM,0,16,0,0.13968679638553572,-6.2200769670959986,success,15.336000000000002,world_263.world,8.828844286165843,0.5
VLM,0,15,0,0.03349297711435772,-3.0695139771789943,success,12.557000000000002,world_262.world,7.862157626920194,0.5
VLM,0,15,0,0.031746185437113425,-1.7301683717860379,success,12.617,world_262.world,7.862157626920194,0.5
VLM,0,19,0,0.15758303820106184,-10.087421790125413,success,16.895999999999997,world_262.world,7.862157626920194,0.46532656409328804
VLM,0,119,0,0.781691471431692,-54.89133434230896,timeout,106.191,world_261.world,7.798286266619087,0.0
VLM,0,119,1,0.699288811080878,-68.6550950627076,timeout,129.376,world_261.world,7.798286266619087,0.0
VLM,0,13,0,0.01751330691535781,-2.2407812806012255,success,11.432000000000002,world_261.world,7.798286266619087,0.5
VLM,0,15,0,0.12089565359766365,-6.0840430965770445,success,13.412000000000003,world_260.world,7.912408394061744,0.5
VLM,0,15,0,0.08074548435629125,-4.617964217236607,success,12.887999999999998,world_260.world,7.912408394061744,0.5
VLM,0,15,0,0.10077533321312664,-6.421461359969455,success,12.915999999999997,world_260.world,7.912408394061744,0.5
VLM,0,29,0,0.40306127524989155,-13.894535914363159,success,23.522,world_259.world,8.292681330688314,0.3525500098073427
VLM,0,119,0,0.9099507406906258,-23.110203029128172,timeout,101.509,world_259.world,8.292681330688314,0.0
VLM,0,15,0,0.08854975747331947,-4.539218397948683,success,13.111,world_259.world,8.292681330688314,0.5
VLM,0,15,0,0.03771143852907172,-5.292560152395653,success,15.403999999999996,world_258.world,8.575004014668814,0.5
VLM,0,19,0,0.1133897330048573,-7.512398258402423,success,16.581,world_258.world,8.575004014668814,0.5
VLM,0,19,0,0.10767478720792817,-11.794593919619915,success,17.470999999999997,world_258.world,8.575004014668814,0.4908135776239949
VLM,0,16,0,0.08405810375969512,-3.4082596365273345,success,13.802999999999997,world_257.world,8.037990616979489,0.5
VLM,0,15,0,0.06676797165888139,-5.92767656799029,success,13.195999999999998,world_257.world,8.037990616979489,0.5
VLM,0,15,0,0.03900170998413261,-3.213708404124935,success,12.834,world_257.world,8.037990616979489,0.5
VLM,0,17,0,0.15463928419596853,-11.803742422074118,success,15.534000000000002,world_256.world,7.764255277374167,0.499823308701826
VLM,0,13,0,1.8115938747112548e-07,-1.8770734877319115,success,11.059000000000001,world_256.world,7.764255277374167,0.5
VLM,0,12,0,1.8315014960619973e-07,-1.629451440562114,success,10.933,world_256.world,7.764255277374167,0.5
VLM,0,20,0,0.1657459485363593,-11.094021466833945,success,18.115,world_255.world,8.135994185598866,0.44913023381721595
VLM,0,20,0,0.29919863764927535,-13.05073744133251,success,22.465,world_255.world,8.135994185598866,0.362163106414372
VLM,0,17,0,0.21794880909687542,-7.96886238635617,success,17.173000000000002,world_255.world,8.135994185598866,0.4737666211843513
VLM,0,13,0,1.8518515089163875e-07,-1.799791519712707,success,10.811,world_254.world,7.849673970103881,0.5
VLM,0,13,0,1.9120455235094604e-07,-1.7434565129095294,success,10.465,world_254.world,7.849673970103881,0.5
VLM,0,13,0,1.8281532306849672e-07,-1.545035309167555,success,10.941000000000003,world_254.world,7.849673970103881,0.5
VLM,0,119,0,0.8694891539063824,-123.19856673805135,timeout,400.13,world_253.world,8.141594309743207,0.0
VLM,0,119,0,0.9047513342639579,-11.328249767362767,timeout,90.085,world_253.world,8.141594309743207,0.0
VLM,0,24,1,0.1946134496426195,-12.504116894363571,success,23.028,world_253.world,8.141594309743207,0.0
VLM,0,52,0,0.6714756936737142,-36.22571916179518,success,48.529999999999994,world_252.world,8.17816026606636,0.16851762345078017
VLM,0,21,0,0.26987455336040234,-17.26913901490848,success,19.137,world_252.world,8.17816026606636,0.4273480830885907
VLM,0,119,0,0.9133500133420511,-6.194123055155822,timeout,87.958,world_252.world,8.17816026606636,0.0
VLM,0,119,0,0.8934842908159822,-19.731277273342513,timeout,86.56200000000001,world_251.world,7.812338128453967,0.0
VLM,0,119,0,0.9073394516665263,-23.538746095026095,timeout,87.202,world_251.world,7.812338128453967,0.0
VLM,0,17,0,0.11158810993017027,-7.763731997001699,success,13.986,world_251.world,7.812338128453967,0.5
VLM,0,14,0,0.019834872754566486,-4.63726210193509,success,12.114,world_250.world,8.084153480751173,0.5
VLM,0,17,0,0.10728488645233293,-9.455639929435103,success,15.11,world_250.world,8.084153480751173,0.5
VLM,0,16,0,0.025899420733896297,-4.864950344804263,success,13.907999999999998,world_250.world,8.084153480751173,0.5
VLM,0,13,0,1.8518515089163875e-07,-1.7652369221334165,success,10.817,world_249.world,7.770397702347515,0.5
VLM,0,13,0,1.9417471957772437e-07,-1.1804086484485128,success,10.312999999999999,world_249.world,7.770397702347515,0.5
VLM,0,13,0,1.953124618530348e-07,-1.3325334337223047,success,10.258,world_249.world,7.770397702347515,0.5
VLM,0,21,0,0.21338162627652565,-13.742097260415486,success,22.138,world_248.world,8.12910238774821,0.36720130037709864
VLM,0,19,0,0.12307702685478973,-8.461377863922156,success,16.915000000000003,world_248.world,8.12910238774821,0.4805854204994507
VLM,0,21,2,0.17880094445386036,-14.26762259306436,success,18.693999999999996,world_248.world,8.12910238774821,0.0
VLM,0,14,0,0.01724154875145711,-1.1479185402343288,success,11.614999999999998,world_247.world,8.032705583609713,0.5
VLM,0,14,0,0.060755490844747,-1.6941109596158563,success,12.193000000000001,world_247.world,8.032705583609713,0.5
VLM,0,14,0,0.012110897558668243,-2.2465973876761955,success,11.568000000000001,world_247.world,8.032705583609713,0.5
VLM,0,119,0,0.9706019605552506,-0.5359246969894649,timeout,85.724,world_246.world,7.97182501236278,0.0
VLM,0,12,0,0.015238282811755655,-2.193944265182082,success,10.510000000000002,world_246.world,7.97182501236278,0.5
VLM,0,13,0,0.025295273980560883,-2.6578342055257265,success,11.872,world_246.world,7.97182501236278,0.5
VLM,0,22,0,0.22802204871592963,-15.686094152194903,success,21.853,world_245.world,8.203446936428485,0.3753922544469173
VLM,0,9,2,0.3515902205670989,-4.926042225828842,collision,11.337,world_245.world,8.203446936428485,0.0
VLM,0,21,0,0.23022853864424087,-11.285118648897859,success,22.778999999999996,world_245.world,8.203446936428485,0.36013200476001955
VLM,0,12,0,1.9920314756909414e-07,-1.5854403907874404,success,10.055,world_244.world,8.276354081505499,0.5
VLM,0,13,0,1.869158529129247e-07,-1.15822465847672,success,10.709,world_244.world,8.276354081505499,0.5
VLM,0,12,0,1.9455249133220014e-07,-1.2146546234982958,success,10.282999999999998,world_244.world,8.276354081505499,0.5
VLM,0,16,0,0.06694573682765177,-4.538144478716816,success,14.348999999999997,world_243.world,8.24231146825148,0.5
VLM,0,14,0,0.003395754941297973,-2.201006833547248,success,11.797,world_243.world,8.24231146825148,0.5
VLM,0,15,0,0.003289637616835919,-3.5583232096892603,success,12.160999999999998,world_243.world,8.24231146825148,0.5
VLM,0,15,0,0.018181980465788353,-1.3086665372301114,success,12.113,world_242.world,7.789830031315,0.5
VLM,0,16,0,0.08878518866274321,-6.36564322318037,success,12.850000000000001,world_242.world,7.789830031315,0.5
VLM,0,15,0,0.08842458385456851,-2.5810198410900815,success,12.445,world_242.world,7.789830031315,0.5
VLM,0,13,0,1.8248171852523387e-07,-1.7179168842516912,success,10.974,world_241.world,7.7556717677242215,0.5
VLM,0,13,0,1.88679209683168e-07,-1.7660721861077948,success,10.608999999999998,world_241.world,7.7556717677242215,0.5
VLM,0,12,0,1.9305015578182322e-07,-1.6345304965769707,success,10.367,world_241.world,7.7556717677242215,0.5
VLM,0,19,1,0.2360825529811801,-4.735118955236715,success,19.407000000000004,world_240.world,8.26791047968235,0.0
VLM,0,119,0,0.7635277053217945,-40.23941669487199,timeout,123.83600000000001,world_240.world,8.26791047968235,0.0
VLM,0,16,0,0.1510792384797076,-6.817635322423472,success,16.697,world_240.world,8.26791047968235,0.49517341316897345
VLM,0,119,0,0.9239954093227231,-10.33920435630647,timeout,87.108,world_239.world,7.9219441315162396,0.0
VLM,0,15,0,0.006319272303432495,-2.2694469273392137,success,12.669,world_239.world,7.9219441315162396,0.5
VLM,0,119,0,0.9264192155803664,-4.919975063264364,timeout,91.601,world_239.world,7.9219441315162396,0.0
VLM,0,15,0,0.058296104888474615,-4.037126530879534,success,13.399000000000001,world_238.world,8.512989118917758,0.5
VLM,0,14,0,0.022653879829469283,-3.33842508371842,success,12.377000000000002,world_238.world,8.512989118917758,0.5
VLM,0,12,0,1.9047615419501827e-07,-2.894036407566207,success,10.511000000000003,world_238.world,8.512989118917758,0.5
VLM,0,15,0,0.11912239512188165,-3.8927725323920788,success,12.772000000000002,world_237.world,8.147969549626211,0.5
VLM,0,13,0,0.003565240006196078,-2.500184882407004,success,11.233,world_237.world,8.147969549626211,0.5
VLM,0,17,0,0.23772329936123893,-5.791073440748847,success,17.927999999999997,world_237.world,8.147969549626211,0.45448290660565666
VLM,0,14,0,0.010752865456475724,-1.324266226136454,success,11.172999999999998,world_236.world,7.811169146986348,0.5
VLM,0,14,0,0.04684991165591088,-1.5730941305776989,success,12.389,world_236.world,7.811169146986348,0.5
VLM,0,14,0,0.00707982175578376,-1.395282554729006,success,11.302,world_236.world,7.811169146986348,0.5
VLM,0,13,0,1.7825308765542112e-07,-1.9053669017372643,success,11.226,world_235.world,8.095851906539131,0.5
VLM,0,13,0,1.8656712937180424e-07,-2.215957760221342,success,10.727,world_235.world,8.095851906539131,0.5
VLM,0,13,0,0.0034905753070549207,-1.8762364081063547,success,11.472000000000001,world_235.world,8.095851906539131,0.5
VLM,0,15,0,0.044313287398332735,-4.686335292326894,success,13.552,world_234.world,8.112848826210472,0.5
VLM,0,14,0,0.05000015833330695,-3.4971880027032944,success,12.015999999999998,world_234.world,8.112848826210472,0.5
VLM,0,14,0,0.03834370577550525,-4.300474168008372,success,13.058,world_234.world,8.112848826210472,0.5
VLM,0,15,0,0.006410415639356468,-2.926983297329338,success,12.496000000000002,world_233.world,8.118199884283989,0.5
VLM,0,29,0,0.435402731929301,-8.680445558161818,success,23.846000000000004,world_233.world,8.118199884283989,0.3404428367140815
VLM,0,76,0,0.7505057400368935,-16.64735782301522,success,59.333,world_233.world,8.118199884283989,0.13682436223154043
VLM,0,13,0,0.001815063191458586,-1.872208181066385,success,11.030000000000001,world_232.world,7.909011560818807,0.5
VLM,0,14,0,0.1257963175483571,-3.0144496224055355,success,12.576,world_232.world,7.909011560818807,0.5
VLM,0,13,0,1.8726588253447895e-07,-1.4658587919821358,success,10.697,world_232.world,7.909011560818807,0.5
VLM,0,33,0,0.50819674818597,-22.003311558438792,success,36.601,world_231.world,8.772936875967888,0.2396911799122398
VLM,0,33,0,0.5006735742849764,-28.707438465947906,success,44.549,world_231.world,8.772936875967888,0.19692780704320834
VLM,0,12,0,0.36467606547953424,-6.1848588346231965,collision,15.774000000000001,world_231.world,8.772936875967888,0.0
VLM,0,12,0,1.9841265904510736e-07,-1.0385679189388373,success,10.087000000000003,world_230.world,7.770867060504877,0.5
VLM,0,13,0,1.8148817032882573e-07,-1.02793062251864,success,11.021999999999998,world_230.world,7.770867060504877,0.5
VLM,0,13,0,1.9047615419501827e-07,-1.0948192287375125,success,10.515,world_230.world,7.770867060504877,0.5
VLM,0,14,0,1.7953318141235524e-07,-2.7053033310490444,success,11.149000000000001,world_229.world,9.333178092448502,0.5
VLM,0,14,0,1.8050538258025587e-07,-3.0827986777471468,success,11.082999999999998,world_229.world,9.333178092448502,0.5
VLM,0,13,0,1.869158529129247e-07,-3.0135931375585856,success,10.718,world_229.world,9.333178092448502,0.5
VLM,0,21,0,0.18227099778177314,-10.89739311775939,success,20.09,world_228.world,8.125979676054454,0.4044788290718992
VLM,0,18,0,0.08094006776239325,-6.4749623080670435,success,15.335,world_228.world,8.125979676054454,0.5
VLM,0,22,0,0.28375918943803013,-16.45802701471805,success,21.93,world_228.world,8.125979676054454,0.37054170889441196
VLM,0,13,0,1.8939390352388194e-07,-1.8151459764651698,success,10.566000000000003,world_227.world,7.656298148557264,0.5
VLM,0,13,0,1.8450181097752567e-07,-2.1986536859905095,success,10.854,world_227.world,7.656298148557264,0.5
VLM,0,12,0,1.9801976276836382e-07,-1.2100078672949297,success,10.102,world_227.world,7.656298148557264,0.5
VLM,0,16,0,0.06184026216587298,-5.282338562213952,success,13.263000000000002,world_226.world,7.7971315301654105,0.5
VLM,0,22,0,0.17959192044980404,-11.832176824112477,success,19.613,world_226.world,7.7971315301654105,0.3975491526112992
VLM,0,15,0,0.030497747913684124,-4.68147017778194,success,12.463000000000001,world_226.world,7.7971315301654105,0.5
VLM,0,13,0,1.8552872253641513e-07,-1.0937223583960567,success,10.791999999999998,world_225.world,8.273415681303838,0.5
VLM,0,13,0,0.001852036694067279,-1.5990229382765455,success,10.800999999999998,world_225.world,8.273415681303838,0.5
VLM,0,13,0,1.8518515089163875e-07,-1.4404602524717545,success,10.815000000000001,world_225.world,8.273415681303838,0.5
VLM,0,13,0,1.8656712937180424e-07,-0.8163809928854003,success,10.758,world_224.world,7.793928744049557,0.5
VLM,0,12,0,1.9083965823670646e-07,-1.3703279416145244,success,10.492,world_224.world,7.793928744049557,0.5
VLM,0,11,0,0.0038761620395034815,-1.0127101904062423,success,10.329,world_224.world,7.793928744049557,0.5
VLM,0,119,0,0.8479927264129826,-70.3111197480346,timeout,153.942,world_223.world,8.130412532756333,0.0
VLM,0,62,0,0.652524303092574,-56.237780386982216,success,84.396,world_223.world,8.130412532756333,0.125
VLM,0,47,0,0.6290771269512737,-54.74019243873102,success,79.112,world_223.world,8.130412532756333,0.125
VLM,0,12,0,1.9417471957772437e-07,-2.6624501818029747,success,10.309999999999999,world_222.world,8.205334100558725,0.5
VLM,0,13,0,1.8903588108962553e-07,-2.0902466352268467,success,10.583000000000002,world_222.world,8.205334100558725,0.5
VLM,0,13,0,1.869158529129247e-07,-2.4300386298841588,success,10.7,world_222.world,8.205334100558725,0.5
VLM,0,13,0,1.9083965823670646e-07,-1.2924995205607275,success,10.481000000000002,world_221.world,8.407620739566742,0.5
VLM,0,12,0,1.9083965823670646e-07,-1.066894058210968,success,10.482000000000003,world_221.world,8.407620739566742,0.5
VLM,0,12,0,1.9379841205457133e-07,-1.143950496126238,success,10.323999999999998,world_221.world,8.407620739566742,0.5
VLM,0,12,0,1.9493173588075326e-07,-1.627639243577594,success,10.263000000000002,world_220.world,8.07835313263655,0.5
VLM,0,11,0,2.0408159100375695e-07,-1.5007112955859765,success,9.803,world_220.world,8.07835313263655,0.5
VLM,0,12,0,1.953124618530348e-07,-1.4605915106784961,success,10.253,world_220.world,8.07835313263655,0.5
VLM,0,119,0,0.9085800754575303,-6.597523185519656,timeout,92.54,world_219.world,8.099459323096337,0.0
VLM,0,19,0,0.08903375797679067,-6.646227873819116,success,18.421000000000003,world_219.world,8.099459323096337,0.4396861909286323
VLM,0,20,0,0.10461547644969472,-8.74739634819683,success,19.517,world_219.world,8.099459323096337,0.4149950977658624
VLM,0,19,0,0.16742090866279313,-10.742074361241722,success,17.680999999999997,world_218.world,8.59927851805124,0.4863570226826107
VLM,0,17,0,0.17172906872323965,-7.796991499332786,success,17.133999999999997,world_218.world,8.59927851805124,0.5
VLM,0,15,0,0.0704962048960568,-6.531966885814186,success,15.338999999999999,world_218.world,8.59927851805124,0.5
VLM,0,21,0,0.20000007441859774,-12.71285585504409,success,21.514999999999997,world_217.world,8.51694370004654,0.395860734373532
VLM,0,16,1,0.0959265314156989,-5.402312699600595,success,15.222000000000001,world_217.world,8.51694370004654,0.0
VLM,0,16,0,0.15180733110755049,-8.58269228847728,success,16.601,world_217.world,8.51694370004654,0.5
VLM,0,12,0,1.8903588108962553e-07,-1.8263463841347432,success,10.585999999999999,world_216.world,8.231413228723815,0.5
VLM,0,119,0,0.9362477245845235,-6.587632593919456,timeout,87.854,world_216.world,8.231413228723815,0.0
VLM,0,13,0,1.848428493820981e-07,-2.333650653448478,success,10.833000000000002,world_216.world,8.231413228723815,0.5
VLM,0,45,0,0.5474262710403044,-48.879179548958014,success,69.167,world_215.world,8.6053610093842,0.125
VLM,0,50,0,0.4143263043759449,-49.438297653000724,success,63.394999999999996,world_215.world,8.6053610093842,0.1357419514060131
VLM,0,23,0,0.2007266847659687,-13.359044422030205,success,22.031,world_215.world,8.6053610093842,0.39060237889266036
VLM,0,119,0,0.8938584803324771,-23.676500241435804,timeout,89.952,world_214.world,8.091064134930969,0.0
VLM,0,15,0,0.12150850258261138,-3.541521126432652,success,14.322,world_214.world,8.091064134930969,0.5
VLM,0,17,0,0.10884365866072672,-5.37001693948771,success,14.698999999999998,world_214.world,8.091064134930969,0.5
VLM,0,119,0,0.7300531944807935,-117.70666868552703,timeout,180.497,world_213.world,8.080583152791007,0.0
VLM,0,55,0,0.42425133810183974,-54.00234331363623,success,68.122,world_213.world,8.080583152791007,0.125
VLM,0,46,0,0.48183307751773885,-49.83922472011033,success,61.11,world_213.world,8.080583152791007,0.1322301285025529
VLM,0,119,0,0.9241836052938204,-2.7193833073377176,timeout,87.58,world_212.world,8.329698063701649,0.0
VLM,0,16,0,0.04842944392284766,-5.133950470838304,success,15.289999999999996,world_212.world,8.329698063701649,0.5
VLM,0,15,0,0.03463217393475124,-4.3611844078137505,success,13.875,world_212.world,8.329698063701649,0.5
VLM,0,16,0,0.18958622301919587,-11.36439194128743,success,14.995000000000001,world_211.world,7.835101179481681,0.5
VLM,0,15,0,0.09985110285378498,-3.288414451821845,success,13.421,world_211.world,7.835101179481681,0.5
VLM,0,119,0,0.9495555566765432,-2.8182723463025043,timeout,90.003,world_211.world,7.835101179481681,0.0
VLM,0,13,0,1.7889084456335518e-07,-2.568790043995927,success,11.190999999999999,world_210.world,8.955608784787188,0.5
VLM,0,16,0,0.10044326433629774,-4.397951816129729,success,13.556000000000001,world_210.world,8.955608784787188,0.5
VLM,0,16,0,0.033846302485184235,-3.7773130672027895,success,13.010000000000002,world_210.world,8.955608784787188,0.5
VLM,0,14,0,0.03092800155876262,-1.8224898160196077,success,11.651,world_209.world,8.877499484588025,0.5
VLM,0,15,0,0.048154245882143516,-1.6838158157906704,success,12.461000000000002,world_209.world,8.877499484588025,0.5
VLM,0,14,0,0.011824491245862965,-1.413050089565495,success,11.843,world_209.world,8.877499484588025,0.5
VLM,0,13,0,0.00877210372419233,-3.0087434113218867,success,11.413,world_208.world,7.920452801990201,0.5
VLM,0,13,0,1.721170099626489e-07,-3.282554331941242,success,11.628,world_208.world,7.920452801990201,0.5
VLM,0,12,0,1.8248171852523387e-07,-3.274688121553861,success,10.959999999999997,world_208.world,7.920452801990201,0.5
VLM,0,24,0,0.3316971015640181,-16.726819385269664,success,28.525,world_207.world,8.691034440092492,0.3046813125361084
VLM,0,37,0,0.5431131274852672,-13.806534243328775,success,35.724999999999994,world_207.world,8.691034440092492,0.24327598152813137
VLM,0,21,0,0.18821104568655164,-11.141432644764352,success,19.34,world_207.world,8.691034440092492,0.44938130507200064
VLM,0,12,0,1.9379841205457133e-07,-0.7382600668873955,success,10.323,world_206.world,8.169870713605786,0.5
VLM,0,12,0,1.9493173588075326e-07,-0.8406385638995444,success,10.277000000000001,world_206.world,8.169870713605786,0.5
VLM,0,12,0,1.9417471957772437e-07,-0.691493676034086,success,10.3,world_206.world,8.169870713605786,0.5
VLM,0,13,0,1.7857139668367917e-07,-2.9693380378533134,success,11.218,world_205.world,8.14100834873039,0.5
VLM,0,12,0,1.883238816715854e-07,-2.3706424522396725,success,10.632000000000001,world_205.world,8.14100834873039,0.5
VLM,0,13,0,1.8315014960619973e-07,-2.4348829535322913,success,10.922999999999998,world_205.world,8.14100834873039,0.5
VLM,0,15,0,0.012158204839178595,-4.148635984063508,success,13.169,world_204.world,8.448704095912515,0.5
VLM,0,16,0,0.05563295471029838,-5.542948110037585,success,14.392,world_204.world,8.448704095912515,0.5
VLM,0,16,0,0.10825451850412471,-8.329614675390843,success,14.789000000000001,world_204.world,8.448704095912515,0.5
VLM,0,20,0,0.1540230857444729,-8.844008241572263,success,17.403,world_203.world,9.025242805283083,0.5
VLM,0,20,0,0.27793173795644155,-16.62866319159577,success,21.674,world_203.world,9.025242805283083,0.4164087295968941
VLM,0,17,0,0.15860526899828245,-6.934921290192234,success,17.789000000000005,world_203.world,9.025242805283083,0.5
VLM,0,20,0,0.2651934378274919,-12.514275112869646,success,21.733999999999998,world_202.world,8.223102409551386,0.37835200191181495
VLM,0,15,0,0.07183111664350471,-5.068951579155383,success,14.202000000000002,world_202.world,8.223102409551386,0.5
VLM,0,24,0,0.3439889267554603,-9.529228100060616,success,28.796000000000003,world_202.world,8.223102409551386,0.2855640508942695
VLM,0,119,0,0.9339033988004761,-5.115315405197846,timeout,86.548,world_201.world,8.74515937808401,0.0
VLM,0,39,0,0.4552048013991125,-38.03980964850849,success,46.893,world_201.world,8.74515937808401,0.1864917872194999
VLM,0,53,0,0.5182366153429554,-68.8667249950982,success,63.071000000000005,world_201.world,8.74515937808401,0.13865579074509693
VLM,0,13,0,1.7921143741730513e-07,-3.3691867619656044,success,11.168,world_200.world,8.629507223633503,0.5
VLM,0,13,0,1.8348620486491654e-07,-2.3125605096196717,success,10.921,world_200.world,8.629507223633503,0.5
VLM,0,13,0,1.8315014960619973e-07,-3.179751691299391,success,10.923000000000002,world_200.world,8.629507223633503,0.5
VLM,0,13,0,1.9379841205457133e-07,-1.030484297271552,success,10.337000000000003,world_199.world,7.819031620993853,0.5
VLM,0,14,0,1.7953318141235524e-07,-1.2284772687777759,success,11.152999999999999,world_199.world,7.819031620993853,0.5
VLM,0,13,0,1.8315014960619973e-07,-1.098514811734776,success,10.921,world_199.world,7.819031620993853,0.5
VLM,0,119,0,0.9250168897766969,-16.822710145333463,timeout,88.829,world_198.world,7.823797529301262,0.0
VLM,0,119,0,0.9322962328594164,,timeout,91.282,world_198.world,7.823797529301262,0.0
VLM,0,22,1,0.2807607068500328,-8.573498363353307,success,17.933999999999997,world_198.world,7.823797529301262,0.0
VLM,0,12,0,1.88679209683168e-07,-1.3652162239279286,success,10.618000000000002,world_197.world,9.207052694546277,0.5
VLM,0,12,0,1.953124618530348e-07,-0.6918398073104477,success,10.242999999999999,world_197.world,9.207052694546277,0.5
VLM,0,13,0,0.007130301759304499,-1.2150958555323415,success,11.236999999999998,world_197.world,9.207052694546277,0.5
VLM,0,8,2,0.31578961772850156,-1.7726121879349255,collision,9.510000000000002,world_196.world,8.395202655329975,0.0
VLM,0,19,0,0.16132605952198237,-6.923770457094664,success,18.1,world_196.world,8.395202655329975,0.463823351123203
VLM,0,18,0,0.23823254195652815,-9.933352604033301,success,20.838000000000005,world_196.world,8.395202655329975,0.4028794824517695
VLM,0,13,0,0.0016724077470890056,-3.929119539932108,success,11.965,world_195.world,8.916531319830002,0.5
VLM,0,13,0,1.7482514426133844e-07,-4.4470564496271985,success,11.449000000000002,world_195.world,8.916531319830002,0.5
VLM,0,13,0,1.706484350429292e-07,-3.69576710708512,success,11.724,world_195.world,8.916531319830002,0.5
VLM,0,13,0,1.8761722558776257e-07,-1.6680461568050355,success,10.666999999999998,world_194.world,7.8260913164013495,0.5
VLM,0,13,0,1.9157084452665815e-07,-1.9562440447913523,success,10.443999999999999,world_194.world,7.8260913164013495,0.5
VLM,0,12,0,1.9801976276836382e-07,-1.60838265685899,success,10.099999999999998,world_194.world,7.8260913164013495,0.5
VLM,0,119,0,0.91378504874334,-1.9553649029844509,timeout,85.638,world_193.world,8.228353883944568,0.0
VLM,0,119,0,0.9084683883024791,-13.911000577694564,timeout,87.631,world_193.world,8.228353883944568,0.0
VLM,0,119,1,0.757811357520737,-99.77727737117883,timeout,136.35500000000002,world_193.world,8.228353883944568,0.0
VLM,0,14,0,0.03231033403710274,-2.5858226769329997,success,12.395,world_192.world,7.872620918957527,0.5
VLM,0,22,0,0.16886800293698087,-7.834001304677109,success,21.202999999999996,world_192.world,7.872620918957527,0.37129750124782007
VLM,0,76,0,0.7449445614825648,-24.170389524238892,success,61.33,world_192.world,7.872620918957527,0.12836492612029232
VLM,0,12,0,1.919385428140993e-07,-1.126564467496391,success,10.419,world_191.world,7.676324374890349,0.5
VLM,0,13,0,1.879698894793441e-07,-1.8425368293599096,success,10.645,world_191.world,7.676324374890349,0.5
VLM,0,13,0,1.88679209683168e-07,-1.336101378757418,success,10.611999999999998,world_191.world,7.676324374890349,0.5
VLM,0,19,0,0.17327302680939674,-5.3264411875599516,success,17.663999999999998,world_190.world,8.293077654616788,0.46949035635285263
VLM,0,26,1,0.3072445467500293,-19.468655295427354,success,30.932000000000002,world_190.world,8.293077654616788,0.0
VLM,0,29,0,0.2941601085681248,-28.439969092116918,success,27.749,world_190.world,8.293077654616788,0.2988604149560989
VLM,0,16,0,0.12867145053546147,-2.5613571772744996,success,14.302,world_189.world,7.958318166192765,0.5
VLM,0,13,0,0.0053765223339565715,-2.0750794514754274,success,11.179000000000002,world_189.world,7.958318166192765,0.5
VLM,0,14,0,0.051643340900885626,-2.4928792062110436,success,12.788,world_189.world,7.958318166192765,0.5
VLM,0,17,0,0.23310032248247992,-7.722142935041552,success,17.161,world_188.world,7.980659785566589,0.46504631347628855
VLM,0,14,0,0.09791346742962001,-7.171000358148114,success,12.474999999999998,world_188.world,7.980659785566589,0.5
VLM,0,14,0,0.11674360725904652,-2.123087684397632,success,13.036999999999999,world_188.world,7.980659785566589,0.5
VLM,0,14,0,0.052631725598804094,-2.7267616109497608,success,12.935000000000002,world_187.world,8.204891659007181,0.5
VLM,0,119,0,0.8470963436204038,-21.62193326936088,timeout,119.174,world_187.world,8.204891659007181,0.0
VLM,0,18,0,0.07077338521973982,-4.316943927401124,success,15.264,world_187.world,8.204891659007181,0.5
VLM,0,119,0,0.7276448106802669,-153.8504481577748,timeout,224.786,world_186.world,8.335547715659803,0.0
VLM,0,119,0,0.8814507796590512,-51.16537484896015,timeout,96.514,world_186.world,8.335547715659803,0.0
VLM,0,14,0,0.012139755365742737,-3.6897199277669728,success,13.191999999999997,world_186.world,8.335547715659803,0.5
VLM,0,14,0,0.17872352074843678,-4.6211675519844615,success,14.119,world_185.world,7.900082446866422,0.5
VLM,0,15,0,0.29090917148759415,-3.891847777940216,success,17.609999999999996,world_185.world,7.900082446866422,0.44861342685215355
VLM,0,15,0,0.05247827223348802,-4.341584752855507,success,13.73,world_185.world,7.900082446866422,0.5
VLM,0,19,0,0.1388889928878028,-11.652314925549694,success,16.574999999999996,world_184.world,9.12925906315635,0.5
VLM,0,14,0,0.0016368246093576744,-4.4946147316922485,success,12.232999999999997,world_184.world,9.12925906315635,0.5
VLM,0,14,0,0.0065683076242516215,-4.6210347959291,success,12.211000000000002,world_184.world,9.12925906315635,0.5
VLM,0,14,0,0.00684948512851282,-3.0140949233658367,success,11.693999999999999,world_183.world,8.359616496629332,0.5
VLM,0,15,0,0.01426323070313301,-3.9073113075445844,success,12.634,world_183.world,8.359616496629332,0.5
VLM,0,14,0,0.022047398102771953,-4.552919876994665,success,12.718,world_183.world,8.359616496629332,0.5
VLM,0,13,0,1.8518515089163875e-07,-1.276180429161329,success,10.817,world_182.world,7.953031607421098,0.5
VLM,0,12,0,1.9120455235094604e-07,-1.3688080810742427,success,10.474999999999998,world_182.world,7.953031607421098,0.5
VLM,0,13,0,1.7889084456335518e-07,-1.4387348461345701,success,11.192,world_182.world,7.953031607421098,0.5
VLM,0,16,0,0.08718638214182535,-4.036111218669781,success,15.155000000000001,world_181.world,8.42910238774821,0.5
VLM,0,17,0,0.09447687580277969,-8.590527881830772,success,13.762,world_181.world,8.42910238774821,0.5
VLM,0,28,0,0.4501178750889336,-18.984605160501083,success,25.468,world_181.world,8.42910238774821,0.33096836766719845
VLM,0,18,1,0.23503334423133657,-10.145098134272514,success,18.039,world_180.world,9.004770113090498,0.0
VLM,0,17,0,0.13212131731862822,-3.960031407849351,success,16.515,world_180.world,9.004770113090498,0.5
VLM,0,119,0,0.6963677007597544,-82.31244809892843,timeout,170.151,world_180.world,9.004770113090498,0.0
VLM,0,119,0,0.8581293187250614,-26.99438503336342,timeout,95.598,world_179.world,8.366493444282845,0.0
VLM,0,16,0,0.09090923339980668,-1.9801750340219977,success,12.761,world_179.world,8.366493444282845,0.5
VLM,0,15,0,0.043831324053356484,-1.9699971180979567,success,12.331,world_179.world,8.366493444282845,0.5
VLM,0,15,0,0.03994097042293337,-4.030171088773357,success,13.536000000000001,world_178.world,8.294915851709288,0.5
VLM,0,119,0,0.7584451680017713,-71.60732197587365,timeout,129.672,world_178.world,8.294915851709288,0.0
VLM,0,13,0,0.014682053069811898,-3.185615224647323,success,12.276,world_178.world,8.294915851709288,0.5
VLM,0,13,0,1.818181487603366e-07,-1.7995845122384087,success,11.001000000000001,world_177.world,9.022924695256084,0.5
VLM,0,12,0,1.9493173588075326e-07,-1.902181549484534,success,10.277999999999999,world_177.world,9.022924695256084,0.5
VLM,0,13,0,1.706484350429292e-07,-2.7222899265242817,success,11.738,world_177.world,9.022924695256084,0.5
VLM,0,16,0,0.11111124106560805,-7.199762971173147,success,13.683999999999997,world_176.world,8.045525647896753,0.5
VLM,0,14,0,0.0016368246093576744,-3.4117204866259145,success,12.23,world_176.world,8.045525647896753,0.5
VLM,0,15,0,0.008156768653055684,-4.354143514234601,success,12.267,world_176.world,8.045525647896753,0.5
VLM,0,12,0,1.923076553254509e-07,-2.593068708129287,success,10.418,world_175.world,7.976736854257178,0.5
VLM,0,13,0,1.818181487603366e-07,-3.0333641524109765,success,11.004000000000001,world_175.world,7.976736854257178,0.5
VLM,0,12,0,1.923076553254509e-07,-2.22783754733969,success,10.415,world_175.world,7.976736854257178,0.5
VLM,0,13,0,1.8115938747112548e-07,-2.0770648147423527,success,11.041999999999998,world_174.world,7.869672043342989,0.5
VLM,0,13,0,1.8050538258025587e-07,-1.8468728698075163,success,11.09,world_174.world,7.869672043342989,0.5
VLM,0,13,0,1.8416202869944225e-07,-2.086708407728377,success,10.871000000000002,world_174.world,7.869672043342989,0.5
VLM,0,12,0,1.9960075856272286e-07,-0.8849131074742443,success,10.024000000000001,world_173.world,7.769171954657533,0.5
VLM,0,12,0,1.883238816715854e-07,-1.4713549626790519,success,10.628,world_173.world,7.769171954657533,0.5
VLM,0,11,0,1.9646361562600874e-07,-0.9534408334365383,success,10.201,world_173.world,7.769171954657533,0.5
VLM,0,13,0,1.8214932929884715e-07,-1.35921986494777,success,10.989,world_172.world,8.151308943401995,0.5
VLM,0,18,0,0.2900000887499889,-12.307019101050749,success,16.012999999999998,world_172.world,8.151308943401995,0.5
VLM,0,14,0,0.021996781388023454,-2.2836010291347657,success,11.821000000000002,world_172.world,8.151308943401995,0.5
VLM,0,14,0,0.025553828696110954,-2.6490658410497394,success,11.755000000000003,world_171.world,7.983474610537893,0.5
VLM,0,13,0,0.05016738291515336,-3.2724987549596007,success,11.978000000000002,world_171.world,7.983474610537893,0.5
VLM,0,15,0,0.05967757101974662,-3.5347167254794467,success,12.405000000000001,world_171.world,7.983474610537893,0.5
VLM,0,119,0,0.9459451525458186,-74.41171202775568,timeout,681.1669999999999,world_170.world,7.651993480777325,0.0
VLM,0,119,0,0.9307043553520776,-12.204095740884457,timeout,87.757,world_170.world,7.651993480777325,0.0
VLM,0,17,0,0.1804196950461965,-7.836324264605041,success,14.301000000000002,world_170.world,7.651993480777325,0.5
VLM,0,15,0,0.0640245329230895,-4.775272864403732,success,13.130000000000003,world_169.world,7.947794994798985,0.5
VLM,0,16,0,0.14305567457560076,-8.706246168518721,success,14.399000000000004,world_169.world,7.947794994798985,0.5
VLM,0,39,0,0.606153870390531,-14.979729193968964,success,32.509,world_169.world,7.947794994798985,0.24447983619302302
VLM,0,13,0,0.044169780182017636,-2.6965590597243163,success,11.326,world_168.world,8.734100236381483,0.5
VLM,0,12,0,1.923076553254509e-07,-2.5073342473426012,success,10.415,world_168.world,8.734100236381483,0.5
VLM,0,13,0,1.769911191166161e-07,-2.875835368661777,success,11.306000000000001,world_168.world,8.734100236381483,0.5
VLM,0,13,0,1.869158529129247e-07,-1.5749372710508376,success,10.715999999999998,world_167.world,8.434824452904516,0.5
VLM,0,12,0,1.95694677946247e-07,-1.5016263530501628,success,10.231000000000002,world_167.world,8.434824452904516,0.5
VLM,0,12,0,1.9455249133220014e-07,-1.3830331805089233,success,10.294999999999998,world_167.world,8.434824452904516,0.5
VLM,0,13,0,1.9083965823670646e-07,-1.2186819624161755,success,10.490000000000002,world_166.world,7.75232408004971,0.5
VLM,0,13,0,1.901140322977125e-07,-1.2423748512025072,success,10.533000000000001,world_166.world,7.75232408004971,0.5
VLM,0,13,0,1.8656712937180424e-07,-1.1104848750063798,success,10.721,world_166.world,7.75232408004971,0.5
VLM,0,13,0,0.0018117750340987259,-1.5638292347570828,success,11.053,world_165.world,8.611369784443538,0.5
VLM,0,84,0,0.7061639824606828,-65.99067010606815,success,66.854,world_165.world,8.611369784443538,0.1288085946157827
VLM,0,13,0,0.001789087336478115,-1.3857182585986951,success,11.186,world_165.world,8.611369784443538,0.5
VLM,0,13,0,1.8018014771528872e-07,-2.1315594274003913,success,11.116,world_164.world,8.222543997037086,0.5
VLM,0,13,0,1.7953318141235524e-07,-2.38097852922994,success,11.149999999999999,world_164.world,8.222543997037086,0.5
VLM,0,13,0,1.7953318141235524e-07,-2.1700180893479493,success,11.148999999999997,world_164.world,8.222543997037086,0.5
VLM,0,17,0,0.059406057004200874,-5.748200701519444,success,16.165000000000003,world_163.world,8.79991465469347,0.5
VLM,0,17,0,0.15258522666012275,-6.828660566544688,success,15.878000000000004,world_163.world,8.79991465469347,0.5
VLM,0,16,0,0.06866966113452631,-4.467229778214597,success,13.993999999999996,world_163.world,8.79991465469347,0.5
VLM,0,12,0,1.9493173588075326e-07,-1.5432284830854235,success,10.276,world_162.world,7.958902179934425,0.5
VLM,0,12,0,1.9083965823670646e-07,-1.4761254824331531,success,10.494,world_162.world,7.958902179934425,0.5
VLM,0,12,0,0.0075473570665364025,-1.6818856426363125,success,10.615000000000002,world_162.world,7.958902179934425,0.5
VLM,0,18,0,0.13858707356153893,-13.060368515672051,success,14.720000000000002,world_161.world,8.095210743534128,0.5
VLM,0,22,0,0.2990456734840219,-6.992881887296122,success,18.869999999999997,world_161.world,8.095210743534128,0.42899897951956173
VLM,0,21,0,0.21428579562258845,-12.966863756640791,success,19.328999999999997,world_161.world,8.095210743534128,0.41881166866025815
VLM,0,12,0,1.9379841205457133e-07,-1.1084736958956751,success,10.322,world_160.world,7.822764780761914,0.5
VLM,0,12,0,1.923076553254509e-07,-1.1318406677610793,success,10.402000000000001,world_160.world,7.822764780761914,0.5
VLM,0,12,0,1.9685035495071754e-07,-1.2130064057712493,success,10.173000000000002,world_160.world,7.822764780761914,0.5
VLM,0,19,0,0.17081457343726544,-7.298584229886564,success,17.679999999999996,world_159.world,8.460411962681121,0.47853008838694133
VLM,0,20,0,0.2273237147453847,-17.98980555839129,success,17.863999999999997,world_159.world,8.460411962681121,0.47360120704663694
VLM,0,119,0,0.8942086578672662,-23.0108900728017,timeout,95.672,world_159.world,8.460411962681121,0.0
VLM,0,46,0,0.5117324257747167,-57.83898265050821,success,40.064,world_158.world,8.185130885153928,0.20430138990500019
VLM,0,14,0,1.706484350429292e-07,-3.3805663298455633,success,11.734000000000002,world_158.world,8.185130885153928,0.5
VLM,0,15,0,0.08553668965214781,-7.292150691759871,success,12.864999999999998,world_158.world,8.185130885153928,0.5
VLM,0,21,3,0.5997230194097632,-20.69700753739938,collision,28.88,world_157.world,7.833988860013338,0.0
VLM,0,119,0,0.8937177303417012,-24.525165092837952,timeout,92.96,world_157.world,7.833988860013338,0.0
VLM,0,14,2,0.44517840882715864,-13.550954643227495,collision,15.146999999999998,world_157.world,7.833988860013338,0.0
VLM,0,15,0,0.05245917172800464,-7.136426084980862,success,12.204999999999998,world_156.world,8.133650292117396,0.5
VLM,0,119,0,0.9378297788981469,-12.647665287099874,timeout,87.191,world_156.world,8.133650292117396,0.0
VLM,0,14,0,0.014109521321072077,-2.710421817988338,success,11.350999999999999,world_156.world,8.133650292117396,0.5
VLM,0,14,1,0.07443380672592124,-1.7249479514793071,success,12.362000000000002,world_155.world,7.830441902459944,0.0
VLM,0,34,0,0.5671077777499824,-25.699585662066816,success,31.747,world_155.world,7.830441902459944,0.2466513970598779
VLM,0,17,0,0.19597326228546816,-7.298849389164739,success,14.912000000000003,world_155.world,7.830441902459944,0.5
VLM,0,15,0,0.04482240420055577,-3.2454913308970856,success,12.955000000000002,world_154.world,7.898906121797543,0.5
VLM,0,119,0,0.9105852421853169,-39.76948418568725,timeout,393.01,world_154.world,7.898906121797543,0.0
VLM,0,119,0,0.7912779612085202,-63.565915830229045,timeout,177.975,world_154.world,7.898906121797543,0.0
VLM,0,19,0,0.11928945186682084,-8.094256420084223,success,15.774999999999999,world_153.world,7.951241205135583,0.5
VLM,0,119,0,0.8874497568680269,-13.21056954188748,timeout,89.572,world_153.world,7.951241205135583,0.0
VLM,0,119,1,0.8457995208203659,-32.25380424175752,timeout,91.216,world_153.world,7.951241205135583,0.0
VLM,0,14,0,0.0429554909011184,-1.375032140507485,success,11.640999999999998,world_152.world,8.057859296533934,0.5
VLM,0,15,0,0.06718764575193036,-2.485806312090769,success,12.806999999999999,world_152.world,8.057859296533934,0.5
VLM,0,17,0,0.1250001201922912,-8.353128325784338,success,14.565999999999999,world_152.world,8.057859296533934,0.5
VLM,0,46,0,0.5009533126333024,-41.00428831778366,success,41.967,world_151.world,8.942836118417254,0.21309209899247633
VLM,0,16,0,0.04279614225447329,-3.8648993835554633,success,14.022000000000002,world_151.world,8.942836118417254,0.5
VLM,0,15,0,0.04233590622833486,-3.6372510925669133,success,13.719000000000001,world_151.world,8.942836118417254,0.5
VLM,0,13,0,1.869158529129247e-07,-1.4503185424237959,success,10.703999999999997,world_150.world,7.973092676548482,0.5
VLM,0,14,0,0.00532877347623917,-2.0179128173595875,success,11.275000000000002,world_150.world,7.973092676548482,0.5
VLM,0,14,0,1.8083179370130316e-07,-1.7422084135685039,success,11.070999999999998,world_150.world,7.973092676548482,0.5
VLM,0,19,0,0.20693521175221347,-13.113749633150256,success,17.883000000000003,world_149.world,8.312134163588864,0.4648064733875112
VLM,0,14,0,0.03376221322150913,-4.001358531252974,success,12.447000000000003,world_149.world,8.312134163588864,0.5
VLM,0,12,0,0.0036834247360175445,-1.4318091766139602,success,10.878,world_149.world,8.312134163588864,0.5
VLM,0,12,0,1.9762841944102384e-07,-1.0516162899462898,success,10.121000000000002,world_148.world,8.356690315066317,0.5
VLM,0,13,0,1.869158529129247e-07,-1.506926120533075,success,10.712000000000003,world_148.world,8.356690315066317,0.5
VLM,0,12,0,1.9762841944102384e-07,-1.139071319671588,success,10.126000000000001,world_148.world,8.356690315066317,0.5
VLM,0,12,0,1.9607839292580533e-07,-0.6692918698310569,success,10.207999999999998,world_147.world,8.187537457443312,0.5
VLM,0,13,0,1.8214932929884715e-07,-0.9271419203195783,success,10.993000000000002,world_147.world,8.187537457443312,0.5
VLM,0,12,0,1.95694677946247e-07,-0.5636835583183449,success,10.219999999999999,world_147.world,8.187537457443312,0.5
VLM,0,13,0,1.869158529129247e-07,-2.197462758086383,success,10.717000000000002,world_146.world,8.034842319404571,0.5
VLM,0,14,0,1.7543856571253234e-07,-1.888442612761723,success,11.403000000000002,world_146.world,8.034842319404571,0.5
VLM,0,14,0,1.7636681192825188e-07,-2.271894732474167,success,11.355,world_146.world,8.034842319404571,0.5
VLM,0,15,0,0.18972907421839172,-6.9057875290993795,success,14.029999999999998,world_145.world,8.15255693907889,0.5
VLM,0,13,0,1.7761986187924301e-07,-2.685130393763038,success,11.273,world_145.world,8.15255693907889,0.5
VLM,0,14,0,0.087912231096981,-3.839372476515126,success,12.756999999999998,world_145.world,8.15255693907889,0.5
VLM,0,12,0,1.9379841205457133e-07,-0.3323326483489552,success,10.331,world_144.world,8.467915828030232,0.5
VLM,0,13,0,1.9342356026623595e-07,-0.39717143742726513,success,10.354999999999997,world_144.world,8.467915828030232,0.5
VLM,0,12,0,1.9120455235094604e-07,-0.30324066030389213,success,10.475999999999999,world_144.world,8.467915828030232,0.5
VLM,0,13,0,1.897532846767961e-07,-1.7573752786234662,success,10.555,world_143.world,7.783440561012931,0.5
VLM,0,13,0,1.88679209683168e-07,-1.8101530299832593,success,10.616,world_143.world,7.783440561012931,0.5
VLM,0,12,0,1.953124618530348e-07,-1.1590344521210714,success,10.258,world_143.world,7.783440561012931,0.5
VLM,0,13,0,1.8621970461458015e-07,-1.0346916193076499,success,10.759,world_142.world,7.850464282154265,0.5
VLM,0,13,0,1.897532846767961e-07,-1.1609118608154338,success,10.553999999999998,world_142.world,7.850464282154265,0.5
VLM,0,13,0,1.8552872253641513e-07,-1.3103256330343174,success,10.780000000000001,world_142.world,7.850464282154265,0.5
VLM,0,14,0,0.1646259639964675,-2.9222952628944237,success,14.708000000000002,world_141.world,7.942081561496044,0.5
VLM,0,15,0,0.06363650550962038,-3.56855970616152,success,13.210999999999999,world_141.world,7.942081561496044,0.5
VLM,0,16,0,0.015267325913385357,-4.597079277404807,success,13.106000000000002,world_141.world,7.942081561496044,0.5
VLM,0,12,0,1.9455249133220014e-07,-2.5303712042337345,success,10.286000000000001,world_140.world,9.080746950584595,0.5
VLM,0,13,0,1.8315014960619973e-07,-2.907040451536016,success,10.931000000000001,world_140.world,9.080746950584595,0.5
VLM,0,13,0,1.7857139668367917e-07,-2.9857720048273464,success,11.207,world_140.world,9.080746950584595,0.5
VLM,0,13,0,0.003802470759986548,-1.4741128149927987,success,10.530000000000001,world_139.world,7.744009224017903,0.5
VLM,0,12,0,0.007707320287606881,-1.4904384095810677,success,10.390999999999998,world_139.world,7.744009224017903,0.5
VLM,0,13,0,0.00558677735814202,-2.00433094380811,success,10.742,world_139.world,7.744009224017903,0.5
VLM,0,15,0,0.10350089748844787,-3.8842069376500303,success,13.151,world_138.world,8.66316792019046,0.5
VLM,0,14,0,0.08801227799510199,-4.11275966616766,success,13.190999999999999,world_138.world,8.66316792019046,0.5
VLM,0,16,0,0.1554922745374787,-6.635453637913927,success,14.039000000000001,world_138.world,8.66316792019046,0.5
VLM,0,13,0,1.818181487603366e-07,-0.6753270326345596,success,11.004000000000001,world_137.world,7.683886493579108,0.5
VLM,0,13,0,1.8552872253641513e-07,-0.674048457577175,success,10.791,world_137.world,7.683886493579108,0.5
VLM,0,13,0,1.869158529129247e-07,-0.3890454618846527,success,10.701,world_137.world,7.683886493579108,0.5
VLM,0,13,0,1.9083965823670646e-07,-1.8113769684071097,success,10.482,world_136.world,8.580845785714267,0.5
VLM,0,13,0,1.869158529129247e-07,-2.0994684440659177,success,10.707999999999998,world_136.world,8.580845785714267,0.5
VLM,0,12,0,1.9880711753337627e-07,-1.39812221725195,success,10.062000000000001,world_136.world,8.580845785714267,0.5
VLM,0,15,0,0.006525447548866631,-3.6064536307267563,success,12.268999999999998,world_135.world,8.456991877899835,0.5
VLM,0,15,0,1.6233763598415e-07,-4.449280736117369,success,12.338000000000001,world_135.world,8.456991877899835,0.5
VLM,0,17,0,0.0858975530900573,-9.871286066995237,success,15.604,world_135.world,8.456991877899835,0.5
VLM,0,14,0,1.7331019526686392e-07,-3.455875978864686,success,11.544999999999998,world_134.world,8.903085477451352,0.5
VLM,0,14,0,1.689188903853226e-07,-3.691737503906728,success,11.847000000000001,world_134.world,8.903085477451352,0.5
VLM,0,13,0,1.7985608275969736e-07,-3.6369077908460428,success,11.129999999999999,world_134.world,8.903085477451352,0.5
VLM,0,13,0,0.0017423341912309771,-3.1719109265266896,success,11.497,world_133.world,8.239301258889826,0.5
VLM,0,13,0,1.8621970461458015e-07,-2.1289695414444343,success,10.755000000000003,world_133.world,8.239301258889826,0.5
VLM,0,14,0,0.05760015078397588,-3.0260942709258436,success,12.519000000000002,world_133.world,8.239301258889826,0.5
VLM,0,21,0,0.24052141699983212,-2.3575826927002677,success,16.899,world_132.world,9.489190949419601,0.5
VLM,0,16,0,0.07902749558852651,-2.93873075319367,success,13.164999999999996,world_132.world,9.489190949419601,0.5
VLM,0,16,0,0.0802378781221578,-1.528606921249948,success,13.477,world_132.world,9.489190949419601,0.5
VLM,0,13,0,1.8726588253447895e-07,-2.0516989059730593,success,10.68,world_131.world,7.980536179987913,0.5
VLM,0,13,0,1.8552872253641513e-07,-2.8538379720817355,success,10.797,world_131.world,7.980536179987913,0.5
VLM,0,12,0,1.95694677946247e-07,-2.0301785636010017,success,10.225000000000001,world_131.world,7.980536179987913,0.5
VLM,0,12,0,1.9880711753337627e-07,-1.3821804086575151,success,10.059000000000001,world_130.world,7.900807679780633,0.5
VLM,0,12,0,1.923076553254509e-07,-1.4552817820628052,success,10.403000000000002,world_130.world,7.900807679780633,0.5
VLM,0,13,0,1.8148817032882573e-07,-1.576294261267468,success,11.023,world_130.world,7.900807679780633,0.5
VLM,0,12,0,1.9685035495071754e-07,-2.2169030681470123,success,10.168,world_129.world,8.85103850168101,0.5
VLM,0,13,0,1.8315014960619973e-07,-2.057115878596341,success,10.921999999999997,world_129.world,8.85103850168101,0.5
VLM,0,12,0,2.0120720297641792e-07,-1.888010656408881,success,9.957,world_129.world,8.85103850168101,0.5
VLM,0,22,0,0.19582252429743044,-14.921246291529657,success,22.979,world_128.world,8.616854335027416,0.3749882212031601
VLM,0,119,0,0.8617788489226993,-55.139392031471054,timeout,99.994,world_128.world,8.616854335027416,0.0
VLM,0,119,0,0.8107673802577867,-22.61910513333158,timeout,99.575,world_128.world,8.616854335027416,0.0
VLM,0,14,0,0.02131456104537104,-1.544499832508031,success,11.265,world_127.world,8.000727788237427,0.5
VLM,0,119,0,0.9289121069972267,-1.2044644068186101,timeout,88.065,world_127.world,8.000727788237427,0.0
VLM,0,13,0,0.00558677735814202,-1.4612420191555315,success,10.739,world_127.world,8.000727788237427,0.5
VLM,0,12,0,1.897532846767961e-07,-0.996512688676234,success,10.537000000000003,world_126.world,7.838098818829927,0.5
VLM,0,12,0,1.897532846767961e-07,-1.0808503506287976,success,10.547999999999998,world_126.world,7.838098818829927,0.5
VLM,0,13,0,1.751313178403997e-07,-1.2566455096392946,success,11.423000000000002,world_126.world,7.838098818829927,0.5
VLM,0,13,0,1.897532846767961e-07,-1.0981250534445584,success,10.597999999999999,world_125.world,7.940600935402479,0.5
VLM,0,11,0,2.0408159100375695e-07,-0.636102638775647,success,9.804000000000002,world_125.world,7.940600935402479,0.5
VLM,0,12,0,1.9999996000000803e-07,-0.7881232755892846,success,10.011000000000003,world_125.world,7.940600935402479,0.5
VLM,0,60,0,0.5552568830568434,-48.58330300778818,success,66.96000000000001,world_124.world,8.206309761944365,0.125
VLM,0,12,0,0.009862128232321847,-0.7646647419192787,success,10.157,world_124.world,8.206309761944365,0.5
VLM,0,119,0,0.9268456392204555,-6.801542435811068,timeout,89.403,world_124.world,8.206309761944365,0.0
VLM,0,15,0,0.07536245284602133,-4.178898031213812,success,13.814000000000004,world_123.world,8.351860774453773,0.5
VLM,0,16,0,0.11387446153475635,-5.765106909473967,success,15.288,world_123.world,8.351860774453773,0.5
VLM,0,14,0,0.0739646340289003,-4.3108493388711,success,13.537000000000003,world_123.world,8.351860774453773,0.5
VLM,0,14,0,0.03109672158809794,-3.6426560307956404,success,12.229999999999997,world_122.world,8.26882234942228,0.5
VLM,0,13,0,1.8214932929884715e-07,-1.7460319942799507,success,10.988,world_122.world,8.26882234942228,0.5
VLM,0,12,0,1.9120455235094604e-07,-1.4565563098239602,success,10.469999999999999,world_122.world,8.26882234942228,0.5
VLM,0,12,0,1.8939390352388194e-07,-1.4900667067403477,success,10.573999999999998,world_121.world,8.086528592188191,0.5
VLM,0,14,0,0.016806887931615475,-2.5289675249222747,success,11.918,world_121.world,8.086528592188191,0.5
VLM,0,13,0,1.8903588108962553e-07,-1.5654052857056218,success,10.579999999999998,world_121.world,8.086528592188191,0.5
VLM,0,12,0,1.9723861987403949e-07,-1.2879615214070603,success,10.146999999999998,world_120.world,7.642964254777576,0.5
VLM,0,12,0,1.95694677946247e-07,-1.3010513452617611,success,10.224,world_120.world,7.642964254777576,0.5
VLM,0,12,0,1.95694677946247e-07,-1.281716898680817,success,10.227,world_120.world,7.642964254777576,0.5
VLM,0,12,0,1.9267819023541616e-07,-0.9184918552494574,success,10.398,world_119.world,8.04011850367356,0.5
VLM,0,13,0,1.869158529129247e-07,-1.3735098113576032,success,10.711000000000002,world_119.world,8.04011850367356,0.5
VLM,0,12,0,1.9801976276836382e-07,-1.0499549994058417,success,10.119000000000003,world_119.world,8.04011850367356,0.5
VLM,0,18,0,0.13533845421823884,-11.077781349918677,success,15.974999999999998,world_118.world,8.286531889905214,0.5
VLM,0,22,0,0.25368738901795584,-15.39708910189969,success,20.342000000000002,world_118.world,8.286531889905214,0.40736072607930457
VLM,0,16,0,0.047619189342382545,-3.6506089946022295,success,13.447000000000003,world_118.world,8.286531889905214,0.5
VLM,0,12,0,1.9801976276836382e-07,-1.3175502610442753,success,10.107,world_117.world,9.082600245261535,0.5
VLM,0,12,0,1.9646361562600874e-07,-1.2401133794147756,success,10.193999999999999,world_117.world,9.082600245261535,0.5
VLM,0,12,0,1.9455249133220014e-07,-1.3665396230475535,success,10.289000000000001,world_117.world,9.082600245261535,0.5
VLM,0,119,0,0.7863480446427537,-69.79177578404753,timeout,169.078,world_116.world,8.263270357397584,0.0
VLM,0,119,0,0.9176523115899953,-8.348748516852721,timeout,89.62400000000001,world_116.world,8.263270357397584,0.0
VLM,0,119,0,0.9135641211939012,-30.68562257555649,timeout,91.865,world_116.world,8.263270357397584,0.0
VLM,0,14,0,0.08369421591714057,-3.855346664707413,success,13.864999999999998,world_115.world,7.913606026165007,0.5
VLM,0,13,0,1.7953318141235524e-07,-2.1255752678249555,success,11.140999999999998,world_115.world,7.913606026165007,0.5
VLM,0,14,0,0.043771204752322435,-1.967040662893686,success,11.890999999999998,world_115.world,7.913606026165007,0.5
VLM,0,12,0,1.9880711753337627e-07,-0.991767147381168,success,10.076,world_114.world,7.836260874827511,0.5
VLM,0,12,0,1.9379841205457133e-07,-0.83385642271155,success,10.326,world_114.world,7.836260874827511,0.5
VLM,0,13,0,1.879698894793441e-07,-0.9754736636085077,success,10.655999999999999,world_114.world,7.836260874827511,0.5
VLM,0,55,0,0.49533128077673266,-57.816497336487394,success,44.989,world_113.world,8.193475167563369,0.18212174459453132
VLM,0,119,0,0.9224552223142153,-43.67666706630667,timeout,91.56200000000001,world_113.world,8.193475167563369,0.0
VLM,0,119,0,0.9240974353175851,-7.236284867677221,timeout,91.971,world_113.world,8.193475167563369,0.0
VLM,0,16,0,0.1014886195549906,-8.82279614002601,success,14.779999999999998,world_112.world,8.52877630222659,0.5
VLM,0,16,0,0.07930119901865605,-4.307687330203381,success,14.891000000000002,world_112.world,8.52877630222659,0.5
VLM,0,15,0,0.017350312720770866,-3.8258227734669967,success,12.692,world_112.world,8.52877630222659,0.5
VLM,0,13,0,0.0036037831344534897,-2.45197713569272,success,11.114,world_111.world,8.005659507313519,0.5
VLM,0,22,0,0.2552225926228344,-16.135427540794954,success,22.038,world_111.world,8.005659507313519,0.36326615424782277
VLM,0,14,0,0.0033615120400820107,-3.05935566535514,success,11.905999999999999,world_111.world,8.005659507313519,0.5
VLM,0,13,0,1.8450181097752567e-07,-1.786708150439419,success,10.844999999999999,world_110.world,7.78493225807519,0.5
VLM,0,12,0,1.9157084452665815e-07,-1.615181724766195,success,10.457,world_110.world,7.78493225807519,0.5
VLM,0,13,0,1.8214932929884715e-07,-1.7132831658359466,success,10.993000000000002,world_110.world,7.78493225807519,0.5
VLM,0,12,0,1.9801976276836382e-07,-2.190540588210275,success,10.100000000000001,world_109.world,8.324773821860362,0.5
VLM,0,13,0,1.8450181097752567e-07,-1.878330224147922,success,10.849,world_109.world,8.324773821860362,0.5
VLM,0,12,0,1.9455249133220014e-07,-1.9151123927455007,success,10.286999999999999,world_109.world,8.324773821860362,0.5
VLM,0,17,0,0.1074169939364458,-5.748848368363332,success,15.656999999999996,world_108.world,7.839549742510147,0.5
VLM,0,15,0,0.06528203779198254,-6.407033051130211,success,13.491,world_108.world,7.839549742510147,0.5
VLM,0,13,0,1.7985608275969736e-07,-3.748285755004182,success,11.120000000000001,world_108.world,7.839549742510147,0.5
VLM,0,18,0,0.15238105328796986,-7.592096137622712,success,16.802,world_107.world,8.252165035604982,0.4911418304728593
VLM,0,15,0,1.6077167833252761e-07,-4.018333514970554,success,12.440999999999999,world_107.world,8.252165035604982,0.5
VLM,0,21,0,0.2260035579403527,-14.267963544026113,success,22.924000000000003,world_107.world,8.252165035604982,0.3599792809110531
VLM,0,13,0,1.8083179370130316e-07,-1.780180907932723,success,11.075000000000003,world_106.world,7.976636803178238,0.5
VLM,0,14,0,1.8050538258025587e-07,-2.0604416082992536,success,11.096,world_106.world,7.976636803178238,0.5
VLM,0,13,0,1.8450181097752567e-07,-1.6388199884221877,success,10.842000000000002,world_106.world,7.976636803178238,0.5
VLM,0,15,0,0.026645920588413703,-3.3963801951099297,success,12.765,world_105.world,8.212060772852059,0.5
VLM,0,14,0,0.010016859763462477,-2.053181138208083,success,11.997,world_105.world,8.212060772852059,0.5
VLM,0,14,0,0.010084199985848741,-2.035808537345282,success,11.901,world_105.world,8.212060772852059,0.5
VLM,0,22,0,0.28847851464568913,-18.51089138589845,success,22.743999999999996,world_104.world,9.38458633589459,0.41261811184904107
VLM,0,15,0,0.05799387805738589,-4.085162658903058,success,12.762,world_104.world,9.38458633589459,0.5
VLM,0,28,1,0.48008174259030933,-25.725602241378407,success,39.167,world_104.world,9.38458633589459,0.0
VLM,0,18,0,0.14419705226294816,-9.307487902962547,success,17.061,world_103.world,8.957754143673563,0.5
VLM,0,17,0,0.20921995162884732,-8.642753862891094,success,16.919999999999998,world_103.world,8.957754143673563,0.5
VLM,0,19,0,0.20731715372793155,-8.729456444617334,success,19.7,world_103.world,8.957754143673563,0.45470833216617074
VLM,0,19,0,0.14368491961936042,-10.232862152747337,success,17.277000000000005,world_102.world,8.31033103070008,0.4810054425363245
VLM,0,36,0,0.43370684249734626,-36.1653032167795,success,42.851,world_102.world,8.31033103070008,0.1939355214744132
VLM,0,17,0,0.12899273599597838,-8.072352735717585,success,16.289,world_102.world,8.31033103070008,0.5
VLM,0,16,0,0.0880001215999838,-7.477910769342067,success,15.002000000000002,world_101.world,8.043651759318303,0.5
VLM,0,13,0,1.9047615419501827e-07,-2.0360122299586845,success,10.518,world_101.world,8.043651759318303,0.5
VLM,0,13,0,0.006873022874051052,-2.399814658204829,success,11.642000000000003,world_101.world,8.043651759318303,0.5
VLM,0,12,0,1.9455249133220014e-07,-0.6205347170287069,success,10.285,world_100.world,7.710418300975051,0.5
VLM,0,12,0,1.9157084452665815e-07,-1.011845877376742,success,10.449000000000002,world_100.world,7.710418300975051,0.5
VLM,0,12,0,1.9305015578182322e-07,-1.2436095182102136,success,10.368000000000002,world_100.world,7.710418300975051,0.5
VLM,0,119,0,0.8782243575640001,-34.44738163124893,timeout,100.023,world_99.world,8.762009355181966,0.0
VLM,0,119,0,0.8683068036424486,-59.88795487344856,timeout,138.20600000000002,world_99.world,8.762009355181966,0.0
VLM,0,119,0,0.9006225010977656,-17.8726879399352,timeout,89.964,world_99.world,8.762009355181966,0.0
VLM,0,13,0,1.8726588253447895e-07,-1.5096809060854017,success,10.693999999999999,world_98.world,8.013904791833717,0.5
VLM,0,12,0,1.897532846767961e-07,-1.876237878842781,success,10.552,world_98.world,8.013904791833717,0.5
VLM,0,12,0,1.95694677946247e-07,-1.6324827394313264,success,10.228000000000002,world_98.world,8.013904791833717,0.5
VLM,0,17,0,0.15486735012529312,-8.173660575092237,success,18.091,world_97.world,8.744001349522417,0.4833343291980773
VLM,0,119,0,0.8624053849889759,-74.77315373173128,timeout,118.951,world_97.world,8.744001349522417,0.0
VLM,0,18,0,0.2582305289886287,-13.264129038734312,success,19.444000000000003,world_97.world,8.744001349522417,0.4497017768731956
VLM,0,13,0,1.879698894793441e-07,-1.8068362429411404,success,10.652000000000001,world_96.world,8.233773212154066,0.5
VLM,0,12,0,1.9157084452665815e-07,-1.467474110159019,success,10.443000000000001,world_96.world,8.233773212154066,0.5
VLM,0,13,0,1.8248171852523387e-07,-1.8787479262708828,success,10.969999999999999,world_96.world,8.233773212154066,0.5
VLM,0,12,0,1.953124618530348e-07,-1.823145323647443,success,10.251000000000001,world_95.world,9.649307432794064,0.5
VLM,0,12,0,1.919385428140993e-07,-1.786090785813726,success,10.422999999999998,world_95.world,9.649307432794064,0.5
VLM,0,12,0,1.9607839292580533e-07,-2.043753005757238,success,10.213999999999999,world_95.world,9.649307432794064,0.5
VLM,0,12,0,1.9267819023541616e-07,-2.487218169133717,success,10.395,world_94.world,7.874110368727349,0.5
VLM,0,13,0,1.8382349562068098e-07,-2.075506094716745,success,10.915,world_94.world,7.874110368727349,0.5
VLM,0,13,0,1.8382349562068098e-07,-1.7979434719315037,success,10.881,world_94.world,7.874110368727349,0.5
VLM,0,19,0,0.14705892387542072,-11.043475276679509,success,17.017000000000003,world_93.world,8.737123788614076,0.5
VLM,0,14,0,1.5948960773690467e-07,-4.165273371798593,success,12.567,world_93.world,8.737123788614076,0.5
VLM,0,119,0,0.657438801178177,-42.842908722461885,timeout,106.203,world_93.world,8.737123788614076,0.0
VLM,0,15,0,0.1371743296057161,-2.148039542957436,success,14.599000000000004,world_92.world,8.426405905836614,0.5
VLM,0,13,0,1.8248171852523387e-07,-1.4517193943683617,success,10.971,world_92.world,8.426405905836614,0.5
VLM,0,15,0,0.1248001400319776,-2.744312759620716,success,12.513000000000002,world_92.world,8.426405905836614,0.5
VLM,0,12,0,1.9342356026623595e-07,-1.247196299733178,success,10.361,world_91.world,8.651211523244614,0.5
VLM,0,13,0,1.8552872253641513e-07,-1.1451904852701764,success,10.785,world_91.world,8.651211523244614,0.5
VLM,0,12,0,1.923076553254509e-07,-1.054006638353724,success,10.409000000000002,world_91.world,8.651211523244614,0.5
VLM,0,14,0,0.027960686190676615,-5.257496518336631,success,12.165000000000003,world_90.world,8.915313973228162,0.5
VLM,0,16,0,0.14487642580960827,-3.76827105559501,success,16.999,world_90.world,8.915313973228162,0.5
VLM,0,13,0,0.01943480221999961,-3.329888630330003,success,11.320999999999998,world_90.world,8.915313973228162,0.5
VLM,0,17,0,0.0837564614522257,-6.172331728774976,success,15.768999999999998,world_89.world,8.277057943766925,0.5
VLM,0,16,0,0.03718472281743389,-5.128965571571852,success,15.059999999999999,world_89.world,8.277057943766925,0.5
VLM,0,16,0,0.06866966113452631,-4.282082153414716,success,13.981000000000002,world_89.world,8.277057943766925,0.5
VLM,0,13,0,1.8587357139896445e-07,-1.4517907328809727,success,10.766000000000002,world_88.world,8.22603682618968,0.5
VLM,0,13,0,1.88679209683168e-07,-1.3766121644235132,success,10.604,world_88.world,8.22603682618968,0.5
VLM,0,12,0,1.9342356026623595e-07,-1.0794628772139288,success,10.350000000000001,world_88.world,8.22603682618968,0.5
VLM,0,12,0,1.9379841205457133e-07,-1.6409202796115623,success,10.338000000000001,world_87.world,7.965846176566169,0.5
VLM,0,12,0,1.9646361562600874e-07,-1.3984818036225806,success,10.182000000000002,world_87.world,7.965846176566169,0.5
VLM,0,13,0,1.8214932929884715e-07,-1.9648547399462974,success,10.993000000000002,world_87.world,7.965846176566169,0.5
VLM,0,16,0,0.0966852076401647,-5.061461781371375,success,14.497000000000003,world_86.world,8.086051833195288,0.5
VLM,0,18,0,0.24972981084002047,-13.685983734381669,success,18.517,world_86.world,8.086051833195288,0.43668260696631683
VLM,0,119,0,0.924405564728453,,timeout,89.17699999999999,world_86.world,8.086051833195288,0.0
VLM,0,14,0,0.037168312005608495,-1.99972773004158,success,11.312000000000001,world_85.world,8.49776588751143,0.5
VLM,0,17,0,0.11699176643568714,-5.76689680007195,success,14.360999999999997,world_85.world,8.49776588751143,0.5
VLM,0,17,0,0.12771750982099053,-3.6592800009416075,success,14.728999999999996,world_85.world,8.49776588751143,0.5
VLM,0,119,0,0.7418372351140688,-78.51014716218803,timeout,164.192,world_84.world,7.7946843634494,0.0
VLM,0,119,0,0.9191460386294336,,timeout,88.071,world_84.world,7.7946843634494,0.0
VLM,0,19,0,0.32870378140002526,-10.672232572078894,success,17.294999999999998,world_84.world,7.7946843634494,0.4506900470337901
VLM,0,14,0,1.689188903853226e-07,-4.388560482246562,success,11.86,world_83.world,8.267190471112068,0.5
VLM,0,16,0,1.4641286289709183e-07,-5.425342217050961,success,13.663999999999998,world_83.world,8.267190471112068,0.5
VLM,0,15,0,1.6025638457429736e-07,-5.22600780537686,success,12.488,world_83.world,8.267190471112068,0.5
VLM,0,14,0,0.013050731965622845,-3.9628711767994584,success,12.271999999999998,world_82.world,8.958164793488972,0.5
VLM,0,15,0,0.04545468541720155,-5.190456722463177,success,13.655999999999999,world_82.world,8.958164793488972,0.5
VLM,0,13,0,0.014010680558549815,-3.3255551463632744,success,11.432000000000002,world_82.world,8.958164793488972,0.5
VLM,0,14,0,0.008319632559129358,-3.196604402587657,success,12.033999999999999,world_81.world,8.068852074309877,0.5
VLM,0,13,0,0.003546275966972347,-2.7152411046293414,success,11.284000000000002,world_81.world,8.068852074309877,0.5
VLM,0,119,0,0.9641915649342802,-7.092674798292311,timeout,91.04899999999999,world_81.world,8.068852074309877,0.0
VLM,0,12,0,1.9841265904510736e-07,-0.9219787951480557,success,10.084,world_80.world,8.100313695246186,0.5
VLM,0,12,0,1.9157084452665815e-07,-1.3234909537467554,success,10.457,world_80.world,8.100313695246186,0.5
VLM,0,12,0,1.9342356026623595e-07,-1.4108443203450425,success,10.345000000000002,world_80.world,8.100313695246186,0.5
VLM,0,12,0,1.8903588108962553e-07,-1.1908944565213049,success,10.583000000000002,world_79.world,7.9152425094789844,0.5
VLM,0,13,0,1.8115938747112548e-07,-1.668186334196701,success,11.04,world_79.world,7.9152425094789844,0.5
VLM,0,13,0,1.8148817032882573e-07,-1.1503353650260932,success,11.021,world_79.world,7.9152425094789844,0.5
VLM,0,119,0,0.9392703390149482,-6.4974340772639,timeout,88.271,world_78.world,8.307917259957843,0.0
VLM,0,119,0,0.7570658635853048,-79.12196960870857,timeout,152.15,world_78.world,8.307917259957843,0.0
VLM,0,12,0,1.9157084452665815e-07,-0.5860415791855408,success,10.440999999999999,world_78.world,8.307917259957843,0.5
VLM,0,17,0,0.14960641081280698,-5.739906269763855,success,15.242999999999999,world_77.world,7.858846823156121,0.5
VLM,0,15,0,0.06307706721891275,-6.615055045316112,success,13.018,world_77.world,7.858846823156121,0.5
VLM,0,16,0,0.08153860284021495,-5.355858600280934,success,13.012,world_77.world,7.858846823156121,0.5
VLM,0,13,0,1.8281532306849672e-07,-2.446710803353195,success,10.952000000000002,world_76.world,8.134191097866879,0.5
VLM,0,14,0,0.0016865089904706592,-2.882057188172687,success,11.861,world_76.world,8.134191097866879,0.5
VLM,0,13,0,1.8083179370130316e-07,-2.3844897904477143,success,11.064,world_76.world,8.134191097866879,0.5
VLM,0,13,0,0.01476032938001303,-2.3326917577732122,success,10.856000000000002,world_75.world,8.598515422056995,0.5
VLM,0,15,0,0.049520918606882014,-3.0397180115347826,success,12.528000000000002,world_75.world,8.598515422056995,0.5
VLM,0,16,0,0.09635428432886924,-7.179920006178521,success,15.348999999999997,world_75.world,8.598515422056995,0.5
VLM,0,12,0,1.9685035495071754e-07,-0.6595234085580731,success,10.161999999999999,world_74.world,7.681679114277142,0.5
VLM,0,12,0,0.0038242822515712717,-0.6140098173921616,success,10.467000000000002,world_74.world,7.681679114277142,0.5
VLM,0,12,0,1.9762841944102384e-07,-0.6446040916408744,success,10.119999999999997,world_74.world,7.681679114277142,0.5
VLM,0,12,0,2.0080317252948344e-07,-1.3511810924417225,success,9.974,world_73.world,7.662817528720334,0.5
VLM,0,13,0,1.869158529129247e-07,-1.2845313147902413,success,10.704,world_73.world,7.662817528720334,0.5
VLM,0,12,0,2.0202016120804827e-07,-1.2650351305551235,success,9.915000000000003,world_73.world,7.662817528720334,0.5
VLM,0,14,0,1.721170099626489e-07,-3.0080470754082023,success,11.637999999999998,world_72.world,9.048141684378571,0.5
VLM,0,15,0,0.06697833847689433,-2.8044177533566255,success,12.857,world_72.world,9.048141684378571,0.5
VLM,0,13,0,1.848428493820981e-07,-2.8011034972226696,success,10.823,world_72.world,9.048141684378571,0.5
VLM,0,11,0,2.0576127453471718e-07,-0.20941457953081616,success,9.731000000000002,world_71.world,8.454422867423581,0.5
VLM,0,12,0,1.923076553254509e-07,-0.5406419974932487,success,10.399000000000001,world_71.world,8.454422867423581,0.5
VLM,0,12,0,2.0618552449783002e-07,-0.3834050599084935,success,9.716999999999999,world_71.world,8.454422867423581,0.5
VLM,0,13,0,1.8587357139896445e-07,-1.8985732623660976,success,10.759999999999998,world_70.world,8.555485396665695,0.5
VLM,0,12,0,1.9379841205457133e-07,-1.660484743946627,success,10.333000000000002,world_70.world,8.555485396665695,0.5
VLM,0,12,0,1.9379841205457133e-07,-1.0496669077646994,success,10.323999999999998,world_70.world,8.555485396665695,0.5
VLM,0,14,0,0.06462050652334306,-2.197286626295495,success,12.379999999999999,world_69.world,8.295894615687171,0.5
VLM,0,14,0,0.04785494259819429,-2.5459305808215094,success,12.136,world_69.world,8.295894615687171,0.5
VLM,0,14,0,0.02261728229123065,-3.370049374104344,success,12.367999999999999,world_69.world,8.295894615687171,0.5
VLM,0,13,0,1.8761722558776257e-07,-1.886843181893404,success,10.664000000000001,world_68.world,7.992671380754568,0.5
VLM,0,13,0,1.8903588108962553e-07,-1.754424720492007,success,10.600000000000001,world_68.world,7.992671380754568,0.5
VLM,0,13,0,1.9047615419501827e-07,-1.70144308807306,success,10.504000000000001,world_68.world,7.992671380754568,0.5
VLM,0,30,0,0.3193088415245048,-16.78986449986706,success,26.627,world_67.world,8.137590764596517,0.3056142548764982
VLM,0,13,0,1.897532846767961e-07,-0.999561158732557,success,10.54,world_67.world,8.137590764596517,0.5
VLM,0,15,0,0.08225821253899798,-6.3994126647839575,success,12.420000000000002,world_67.world,8.137590764596517,0.5
VLM,0,13,0,1.8214932929884715e-07,-1.8247772866401406,success,10.989999999999998,world_66.world,8.431327419200922,0.5
VLM,0,14,0,0.010221633693077735,-2.490904745506939,success,11.747,world_66.world,8.431327419200922,0.5
VLM,0,13,0,1.8450181097752567e-07,-1.8249592168208615,success,10.857,world_66.world,8.431327419200922,0.5
VLM,0,12,0,2.0080317252948344e-07,-1.093380615094187,success,9.977,world_65.world,7.784881350694137,0.5
VLM,0,12,0,2.0618552449783002e-07,-1.078514122003342,success,9.704999999999998,world_65.world,7.784881350694137,0.5
VLM,0,12,0,2.0202016120804827e-07,-0.983406406590874,success,9.907,world_65.world,7.784881350694137,0.5
VLM,0,17,0,0.17654649786771937,-4.8381549873413725,success,15.536000000000001,world_64.world,8.299052786270355,0.5
VLM,0,14,0,1.715265571995614e-07,-3.54100905390968,success,11.672999999999998,world_64.world,8.299052786270355,0.5
VLM,0,13,0,0.01381709605922348,-3.329208308373222,success,11.584,world_64.world,8.299052786270355,0.5
VLM,0,16,0,0.10198313003071813,-4.944688991081559,success,14.120999999999999,world_63.world,8.142136090349757,0.5
VLM,0,13,0,0.005474634037475541,-2.638705049712034,success,10.98,world_63.world,8.142136090349757,0.5
VLM,0,12,0,1.9120455235094604e-07,-2.941955557287398,success,10.468,world_63.world,8.142136090349757,0.5
VLM,0,12,0,1.919385428140993e-07,-0.3082440036204449,success,10.420000000000002,world_62.world,7.789669185797129,0.5
VLM,0,12,0,1.9841265904510736e-07,-0.3119806140950511,success,10.085,world_62.world,7.789669185797129,0.5
VLM,0,12,0,1.9455249133220014e-07,-0.2672638221995147,success,10.281000000000002,world_62.world,7.789669185797129,0.5
VLM,0,12,0,1.9267819023541616e-07,-1.189123895953524,success,10.353000000000002,world_61.world,7.90488192076935,0.5
VLM,0,12,0,2.0080317252948344e-07,-0.6510044081027041,success,9.969000000000001,world_61.world,7.90488192076935,0.5
VLM,0,13,0,1.883238816715854e-07,-0.6833126570418581,success,10.623000000000001,world_61.world,7.90488192076935,0.5
VLM,0,13,0,1.923076553254509e-07,-1.1249238173065228,success,10.404,world_60.world,8.1793502054952,0.5
VLM,0,13,0,1.8939390352388194e-07,-1.1579693275001284,success,10.565000000000001,world_60.world,8.1793502054952,0.5
VLM,0,12,0,1.9646361562600874e-07,-1.2427883615970703,success,10.192,world_60.world,8.1793502054952,0.5
VLM,0,14,0,0.032313089742671816,-1.8124054759131516,success,11.765,world_59.world,8.195378268581361,0.5
VLM,0,14,0,0.007067313238990593,-2.4811443547702448,success,11.335999999999999,world_59.world,8.195378268581361,0.5
VLM,0,15,0,0.03674136793268883,-3.1062173662242127,success,12.52,world_59.world,8.195378268581361,0.5
VLM,0,13,0,1.8416202869944225e-07,-1.6079762205070702,success,10.872,world_58.world,8.561860718112822,0.5
VLM,0,13,0,1.9305015578182322e-07,-1.3750206683039086,success,10.365000000000002,world_58.world,8.561860718112822,0.5
VLM,0,12,0,1.923076553254509e-07,-1.815501511120711,success,10.419,world_58.world,8.561860718112822,0.5
VLM,0,15,0,0.07754457551783918,-5.837589328022748,success,12.396999999999998,world_57.world,8.325250746080222,0.5
VLM,0,13,0,1.883238816715854e-07,-2.512334702573353,success,10.631,world_57.world,8.325250746080222,0.5
VLM,0,15,0,0.07281568401040713,-3.6326961296053253,success,12.365000000000002,world_57.world,8.325250746080222,0.5
VLM,0,13,0,1.8382349562068098e-07,-1.2051611416560313,success,10.882000000000001,world_56.world,8.14825227129895,0.5
VLM,0,12,0,1.9379841205457133e-07,-1.0122083018274195,success,10.329999999999998,world_56.world,8.14825227129895,0.5
VLM,0,13,0,1.8621970461458015e-07,-1.0676845629875624,success,10.757000000000001,world_56.world,8.14825227129895,0.5
VLM,0,13,0,0.032608870904190054,-2.3618277343361735,success,11.050999999999998,world_55.world,7.972038590337743,0.5
VLM,0,13,0,1.8903588108962553e-07,-2.164728178786447,success,10.580000000000002,world_55.world,7.972038590337743,0.5
VLM,0,14,0,0.010327192714768896,-2.7281679502916205,success,11.64,world_55.world,7.972038590337743,0.5
VLM,0,13,0,1.8552872253641513e-07,-0.3020202769935941,success,10.791,world_54.world,7.937059993858295,0.5
VLM,0,11,0,2.0449893568528924e-07,-0.5323056418983753,success,9.783000000000001,world_54.world,7.937059993858295,0.5
VLM,0,12,0,1.9607839292580533e-07,-0.42044185925333327,success,10.2,world_54.world,7.937059993858295,0.5
VLM,0,11,0,2.0661152755960177e-07,-0.5054962837196904,success,9.686999999999998,world_53.world,8.137162957850254,0.5
VLM,0,11,0,2.1186436189314368e-07,-0.37419950323292145,success,9.447,world_53.world,8.137162957850254,0.5
VLM,0,11,0,2.127659121774655e-07,-0.2805141903577232,success,9.413,world_53.world,8.137162957850254,0.5
VLM,0,13,0,1.7985608275969736e-07,-2.270755857192854,success,11.120999999999999,world_52.world,8.908826053052014,0.5
VLM,0,13,0,1.8281532306849672e-07,-2.589585121354723,success,10.954,world_52.world,8.908826053052014,0.5
VLM,0,13,0,1.7793591139930404e-07,-2.3926877145639063,success,11.244,world_52.world,8.908826053052014,0.5
VLM,0,13,0,1.8552872253641513e-07,-1.4336397640941316,success,10.779999999999998,world_51.world,8.428638485368548,0.5
VLM,0,12,0,1.9801976276836382e-07,-1.5325536854901114,success,10.093,world_51.world,8.428638485368548,0.5
VLM,0,13,0,1.897532846767961e-07,-1.381451633152326,success,10.544,world_51.world,8.428638485368548,0.5
VLM,0,13,0,1.8518515089163875e-07,-1.720777144271365,success,10.803999999999998,world_50.world,8.136260874827512,0.5
VLM,0,12,0,2.032519912089449e-07,-0.935243966664527,success,9.846999999999998,world_50.world,8.136260874827512,0.5
VLM,0,12,0,1.9305015578182322e-07,-1.364380359230339,success,10.364,world_50.world,8.136260874827512,0.5
VLM,0,12,0,1.869158529129247e-07,-2.192942702614643,success,10.706,world_49.world,9.849313256116805,0.5
VLM,0,13,0,1.8382349562068098e-07,-1.6047626737478042,success,10.895,world_49.world,9.849313256116805,0.5
VLM,0,13,0,1.8382349562068098e-07,-1.8383458753363608,success,10.896,world_49.world,9.849313256116805,0.5
VLM,0,12,0,1.9880711753337627e-07,-0.5141503997969051,success,10.061,world_48.world,7.723639668622052,0.5
VLM,0,12,0,1.9801976276836382e-07,-0.54785221990808,success,10.116,world_48.world,7.723639668622052,0.5
VLM,0,12,0,1.9646361562600874e-07,-0.6752447560626424,success,10.18,world_48.world,7.723639668622052,0.5
VLM,0,12,0,1.9723861987403949e-07,-0.5828340381688502,success,10.157,world_47.world,7.978430289997688,0.5
VLM,0,12,0,1.9960075856272286e-07,-0.6914383715542164,success,10.02,world_47.world,7.978430289997688,0.5
VLM,0,11,0,2.092049771537705e-07,-0.10260622748667894,success,9.559000000000001,world_47.world,7.978430289997688,0.5
VLM,0,24,0,0.21017915078424593,-14.47981104583969,success,21.235999999999997,world_46.world,8.128776611550942,0.3827828504214985
VLM,0,119,0,0.7221567022383033,-96.58821205222053,timeout,118.71600000000001,world_46.world,8.128776611550942,0.0
VLM,0,30,0,0.44814344122001015,-28.284366923853042,success,31.24,world_46.world,8.128776611550942,0.260204116887034
VLM,0,12,0,2.0202016120804827e-07,-0.34761070535571165,success,9.906000000000002,world_45.world,8.507345602053446,0.5
VLM,0,12,0,2.0202016120804827e-07,-0.37460165182895155,success,9.911999999999999,world_45.world,8.507345602053446,0.5
VLM,0,12,0,1.9841265904510736e-07,-0.3261802455349796,success,10.099,world_45.world,8.507345602053446,0.5
VLM,0,12,0,1.9685035495071754e-07,-0.3811168248200653,success,10.168999999999997,world_44.world,7.979286410739421,0.5
VLM,0,12,0,2.0080317252948344e-07,-0.7093426339818426,success,9.965,world_44.world,7.979286410739421,0.5
VLM,0,12,0,1.9493173588075326e-07,-0.4912124497345743,success,10.277999999999999,world_44.world,7.979286410739421,0.5
VLM,0,12,0,1.9493173588075326e-07,-0.6938574280765767,success,10.273999999999997,world_43.world,8.109232491626438,0.5
VLM,0,12,0,1.953124618530348e-07,-0.4928283164488564,success,10.251000000000001,world_43.world,8.109232491626438,0.5
VLM,0,12,0,1.9493173588075326e-07,-0.5590524508331013,success,10.277000000000001,world_43.world,8.109232491626438,0.5
VLM,0,13,0,1.8348620486491654e-07,-1.8265493232349055,success,10.902999999999999,world_42.world,8.078518849674825,0.5
VLM,0,13,0,1.8726588253447895e-07,-1.3263711541865006,success,10.681000000000001,world_42.world,8.078518849674825,0.5
VLM,0,13,0,1.8050538258025587e-07,-1.4151665303392815,success,11.093,world_42.world,8.078518849674825,0.5
VLM,0,12,0,1.9685035495071754e-07,-0.8973264690362052,success,10.161999999999999,world_41.world,8.41676640181258,0.5
VLM,0,13,0,1.8348620486491654e-07,-0.8053954568502634,success,10.901,world_41.world,8.41676640181258,0.5
VLM,0,13,0,1.88679209683168e-07,-0.7922414557085549,success,10.604,world_41.world,8.41676640181258,0.5
VLM,0,12,0,1.95694677946247e-07,-1.3813822968204263,success,10.239,world_40.world,7.91606639191294,0.5
VLM,0,14,0,1.6051361789508543e-07,-3.9089703441842993,success,12.466999999999999,world_40.world,7.91606639191294,0.5
VLM,0,13,0,1.88679209683168e-07,-2.01826974935752,success,10.608,world_40.world,7.91606639191294,0.5
VLM,0,13,0,1.8416202869944225e-07,-2.015633205503547,success,10.868000000000002,world_39.world,8.383492590770384,0.5
VLM,0,13,0,1.8450181097752567e-07,-2.347855511787764,success,10.847999999999999,world_39.world,8.383492590770384,0.5
VLM,0,13,0,1.879698894793441e-07,-1.8335906372595077,success,10.64,world_39.world,8.383492590770384,0.5
VLM,0,12,0,2.0449893568528924e-07,-1.3249718345236636,success,9.799,world_38.world,7.823793764091686,0.5
VLM,0,12,0,1.9801976276836382e-07,-1.388945712841339,success,10.105999999999998,world_38.world,7.823793764091686,0.5
VLM,0,11,0,2.0790016467772047e-07,-0.8502605722392089,success,9.632000000000001,world_38.world,7.823793764091686,0.5
VLM,0,12,0,1.9305015578182322e-07,-0.515758848310249,success,10.364999999999998,world_37.world,8.126611785765261,0.5
VLM,0,12,0,1.9267819023541616e-07,-0.38511244964434516,success,10.381,world_37.world,8.126611785765261,0.5
VLM,0,12,0,2.0491799079549372e-07,-0.2690164480377578,success,9.768999999999998,world_37.world,8.126611785765261,0.5
VLM,0,11,0,2.0746883662472272e-07,-0.5779809786983162,success,9.64,world_36.world,7.866330220037212,0.5
VLM,0,12,0,2.0533876687088977e-07,-0.4236162584647754,success,9.744,world_36.world,7.866330220037212,0.5
VLM,0,13,0,1.9157084452665815e-07,-0.5595045602950257,success,10.454,world_36.world,7.866330220037212,0.5
VLM,0,13,0,1.879698894793441e-07,-1.6607977785367474,success,10.657999999999998,world_35.world,8.057087722477611,0.5
VLM,0,14,0,0.00515481011085737,-2.440836040209322,success,11.654999999999998,world_35.world,8.057087722477611,0.5
VLM,0,13,0,1.8552872253641513e-07,-1.7066770142493497,success,10.799,world_35.world,8.057087722477611,0.5
VLM,0,13,0,1.8903588108962553e-07,-0.9886079590897434,success,10.591000000000001,world_34.world,8.232892546850593,0.5
VLM,0,12,0,1.9685035495071754e-07,-0.8605885854368008,success,10.175,world_34.world,8.232892546850593,0.5
VLM,0,13,0,1.848428493820981e-07,-0.9828034691782395,success,10.821000000000002,world_34.world,8.232892546850593,0.5
VLM,0,14,0,1.6420358551665265e-07,-3.33978143521063,success,12.195,world_33.world,8.084455348965788,0.5
VLM,0,16,0,0.06857156163263406,-5.323253458213104,success,14.009999999999998,world_33.world,8.084455348965788,0.5
VLM,0,14,0,1.715265571995614e-07,-3.348239474209299,success,11.665,world_33.world,8.084455348965788,0.5
VLM,0,13,0,1.8939390352388194e-07,-2.3954321769196465,success,10.563000000000002,world_32.world,7.885459226651822,0.5
VLM,0,13,0,1.869158529129247e-07,-0.891780450316933,success,10.706,world_32.world,7.885459226651822,0.5
VLM,0,12,0,2.0120720297641792e-07,-0.7223206484784641,success,9.952000000000002,world_32.world,7.885459226651822,0.5
VLM,0,13,0,1.9083965823670646e-07,-1.3886163464301604,success,10.486999999999998,world_31.world,9.167567699214853,0.5
VLM,0,13,0,1.8348620486491654e-07,-1.2921210772870562,success,10.900000000000002,world_31.world,9.167567699214853,0.5
VLM,0,13,0,1.88679209683168e-07,-1.2795186685610758,success,10.612000000000002,world_31.world,9.167567699214853,0.5
VLM,0,15,0,0.06119177758586513,-2.6688028600518185,success,12.435000000000002,world_30.world,8.334769441907351,0.5
VLM,0,119,0,0.8789267042118957,-65.86439241025711,timeout,91.694,world_30.world,8.334769441907351,0.0
VLM,0,22,0,0.24114294386937785,-10.32886302853381,success,17.508999999999997,world_30.world,8.334769441907351,0.4760277252788482
VLM,0,12,0,1.9379841205457133e-07,-0.439395521117233,success,10.325,world_29.world,8.005103129808365,0.5
VLM,0,12,0,1.9723861987403949e-07,-0.5294124365530782,success,10.154,world_29.world,8.005103129808365,0.5
VLM,0,12,0,1.9455249133220014e-07,-0.6007289891550398,success,10.280000000000001,world_29.world,8.005103129808365,0.5
VLM,0,13,0,1.897532846767961e-07,-0.48788942548611725,success,10.547,world_28.world,8.273013727055181,0.5
VLM,0,12,0,1.883238816715854e-07,-0.31389550011634554,success,10.644000000000002,world_28.world,8.273013727055181,0.5
VLM,0,12,0,1.9723861987403949e-07,-0.3670650001435379,success,10.143,world_28.world,8.273013727055181,0.5
VLM,0,14,0,1.686340356435016e-07,-3.8065670864734513,success,11.872999999999998,world_27.world,9.7461734452151,0.5
VLM,0,15,0,0.06938173915810873,-4.250541534042597,success,13.276999999999997,world_27.world,9.7461734452151,0.5
VLM,0,13,0,1.7985608275969736e-07,-3.2758401297418724,success,11.132000000000001,world_27.world,9.7461734452151,0.5
VLM,0,13,0,1.8518515089163875e-07,-1.035639318588656,success,10.802,world_26.world,8.137590764596517,0.5
VLM,0,12,0,1.9920314756909414e-07,-1.1641561995796663,success,10.053999999999998,world_26.world,8.137590764596517,0.5
VLM,0,13,0,1.897532846767961e-07,-1.288987071294588,success,10.547999999999998,world_26.world,8.137590764596517,0.5
VLM,0,12,0,2.0161286257805191e-07,-1.7030833922323914,success,9.934999999999999,world_25.world,8.964642398613119,0.5
VLM,0,13,0,1.8903588108962553e-07,-2.367508754991598,success,10.597000000000001,world_25.world,8.964642398613119,0.5
VLM,0,12,0,1.9801976276836382e-07,-1.838801515527985,success,10.120000000000001,world_25.world,8.964642398613119,0.5
VLM,0,12,0,1.9120455235094604e-07,-0.6326646062542393,success,10.474999999999998,world_24.world,8.330207406715914,0.5
VLM,0,12,0,1.9723861987403949e-07,-0.6510700868958926,success,10.149000000000001,world_24.world,8.330207406715914,0.5
VLM,0,12,0,1.9723861987403949e-07,-0.6542939624953295,success,10.157999999999998,world_24.world,8.330207406715914,0.5
VLM,0,11,0,2.0661152755960177e-07,-0.3067071356428361,success,9.680999999999997,world_23.world,8.080539346398604,0.5
VLM,0,12,0,1.9762841944102384e-07,-0.4144295961708461,success,10.126999999999999,world_23.world,8.080539346398604,0.5
VLM,0,12,0,1.95694677946247e-07,-0.37945340171835373,success,10.238000000000003,world_23.world,8.080539346398604,0.5
VLM,0,12,0,1.9267819023541616e-07,-0.7324686977850543,success,10.396999999999998,world_22.world,9.858020142051808,0.5
VLM,0,12,0,0.0038686646288849853,-0.6633385029405935,success,10.358,world_22.world,9.858020142051808,0.5
VLM,0,13,0,1.8115938747112548e-07,-1.2161037933056238,success,11.047999999999998,world_22.world,9.858020142051808,0.5
VLM,0,12,0,1.9880711753337627e-07,-0.4533359483436696,success,10.070999999999998,world_21.world,8.155271571994216,0.5
VLM,0,12,0,1.9920314756909414e-07,-0.6561927663295023,success,10.043999999999997,world_21.world,8.155271571994216,0.5
VLM,0,11,0,2.0833328993056462e-07,-0.3728791757916352,success,9.599,world_21.world,8.155271571994216,0.5
VLM,0,78,0,0.7587131448152431,-25.884308940495803,success,59.69,world_20.world,8.748223030535536,0.14656094874410347
VLM,0,14,0,0.0592950225488746,-2.8367402621747506,success,12.486999999999998,world_20.world,8.748223030535536,0.5
VLM,0,15,0,0.039557113994127535,-2.8779412077412787,success,12.647000000000002,world_20.world,8.748223030535536,0.5
VLM,0,12,0,1.9417471957772437e-07,-0.6109276199408774,success,10.317,world_19.world,8.360155832410621,0.5
VLM,0,13,0,1.883238816715854e-07,-0.5658809801577693,success,10.620000000000001,world_19.world,8.360155832410621,0.5
VLM,0,13,0,1.9047615419501827e-07,-0.4249467634717609,success,10.514,world_19.world,8.360155832410621,0.5
VLM,0,12,0,2.0408159100375695e-07,-0.8664297746671468,success,9.812999999999999,world_18.world,8.199722798952482,0.5
VLM,0,13,0,1.919385428140993e-07,-0.6232719897767258,success,10.425999999999998,world_18.world,8.199722798952482,0.5
VLM,0,11,0,2.070392946088417e-07,-0.35038802319395856,success,9.669,world_18.world,8.199722798952482,0.5
VLM,0,12,0,2.004007614427332e-07,-0.8481397233305046,success,9.990000000000002,world_17.world,8.019333475447048,0.5
VLM,0,13,0,1.8248171852523387e-07,-0.819118927768043,success,10.963999999999999,world_17.world,8.019333475447048,0.5
VLM,0,13,0,1.869158529129247e-07,-0.7199512409155838,success,10.71,world_17.world,8.019333475447048,0.5
VLM,0,12,0,1.9960075856272286e-07,-0.9535924728496082,success,10.021,world_16.world,7.7050962891335395,0.5
VLM,0,13,0,1.88679209683168e-07,-1.2924054203069228,success,10.606000000000002,world_16.world,7.7050962891335395,0.5
VLM,0,12,0,1.9267819023541616e-07,-1.1328574763466266,success,10.386999999999997,world_16.world,7.7050962891335395,0.5
VLM,0,13,0,1.9083965823670646e-07,-2.539535339482823,success,10.488,world_15.world,8.183135858441506,0.5
VLM,0,13,0,1.879698894793441e-07,-2.438682414366866,success,10.654999999999998,world_15.world,8.183135858441506,0.5
VLM,0,13,0,1.8148817032882573e-07,-2.2826738815244756,success,11.024000000000001,world_15.world,8.183135858441506,0.5
VLM,0,12,0,1.9047615419501827e-07,-1.4101512674434062,success,10.502000000000002,world_14.world,8.086238508844373,0.5
VLM,0,13,0,1.7857139668367917e-07,-1.6941376704279147,success,11.218,world_14.world,8.086238508844373,0.5
VLM,0,13,0,1.8248171852523387e-07,-1.919987497097306,success,10.977999999999998,world_14.world,8.086238508844373,0.5
VLM,0,13,0,1.9379841205457133e-07,-0.48521830455080206,success,10.337,world_13.world,7.703425987449967,0.5
VLM,0,13,0,1.9047615419501827e-07,-0.6495908912708951,success,10.518999999999998,world_13.world,7.703425987449967,0.5
VLM,0,12,0,1.9801976276836382e-07,-0.5003379238338328,success,10.118000000000002,world_13.world,7.703425987449967,0.5
VLM,0,12,0,1.9801976276836382e-07,-1.483973638490206,success,10.114,world_12.world,8.164601230243118,0.5
VLM,0,12,0,1.9999996000000803e-07,-1.1853798611831097,success,10.0,world_12.world,8.164601230243118,0.5
VLM,0,13,0,1.9417471957772437e-07,-1.38655283025075,success,10.306000000000001,world_12.world,8.164601230243118,0.5
VLM,0,12,0,1.9157084452665815e-07,-1.2333587864644278,success,10.465,world_11.world,8.161275706150734,0.5
VLM,0,14,0,0.03061240975979426,-1.6240533937281703,success,11.761999999999997,world_11.world,8.161275706150734,0.5
VLM,0,14,0,0.030822083763341824,-1.0840708802438617,success,11.698999999999998,world_11.world,8.161275706150734,0.5
VLM,0,13,0,1.8315014960619973e-07,-1.889278284988819,success,10.937999999999999,world_10.world,8.770606378344223,0.5
VLM,0,13,0,1.818181487603366e-07,-1.7977784214147714,success,11.012,world_10.world,8.770606378344223,0.5
VLM,0,13,0,1.8018014771528872e-07,-1.6215775026192272,success,11.102999999999998,world_10.world,8.770606378344223,0.5
VLM,0,14,0,0.07854998813444289,-2.8072622500212217,success,13.244,world_9.world,7.905243154921573,0.5
VLM,0,13,0,1.8050538258025587e-07,-2.100349822090794,success,11.093,world_9.world,7.905243154921573,0.5
VLM,0,13,0,1.8083179370130316e-07,-1.7696372557448392,success,11.076,world_9.world,7.905243154921573,0.5
VLM,0,12,0,1.9379841205457133e-07,-0.6687001464527764,success,10.332,world_8.world,8.839768846148173,0.5
VLM,0,12,0,1.9841265904510736e-07,-0.6465822953536174,success,10.081,world_8.world,8.839768846148173,0.5
VLM,0,12,0,1.9920314756909414e-07,-0.809443717370044,success,10.053,world_8.world,8.839768846148173,0.5
VLM,0,13,0,1.88679209683168e-07,-1.3368002506655527,success,10.600000000000001,world_7.world,8.177602477491796,0.5
VLM,0,13,0,1.88679209683168e-07,-1.305861166919765,success,10.602,world_7.world,8.177602477491796,0.5
VLM,0,12,0,2.0120720297641792e-07,-1.0457970021444711,success,9.951,world_7.world,8.177602477491796,0.5
VLM,0,13,0,1.8518515089163875e-07,-1.443597405225711,success,10.806000000000001,world_6.world,8.085837515270248,0.5
VLM,0,13,0,1.8621970461458015e-07,-1.07860692855872,success,10.751000000000001,world_6.world,8.085837515270248,0.5
VLM,0,12,0,1.9880711753337627e-07,-1.141905847930859,success,10.064999999999998,world_6.world,8.085837515270248,0.5
VLM,0,12,0,1.9999996000000803e-07,-1.2899595331752816,success,10.000999999999998,world_5.world,7.912764273041438,0.5
VLM,0,12,0,1.9607839292580533e-07,-1.2338793929390415,success,10.199000000000002,world_5.world,7.912764273041438,0.5
VLM,0,11,0,2.0449893568528924e-07,-1.6308709912325745,success,9.789000000000001,world_5.world,7.912764273041438,0.5
VLM,0,119,0,0.6516260914076947,-196.81190736552523,timeout,117.46600000000001,world_4.world,7.890703185790128,0.0
VLM,0,119,0,0.7060140321442466,-202.02298798381915,timeout,134.037,world_4.world,7.890703185790128,0.0
VLM,0,40,0,0.44839340562836383,-54.44286484917808,success,41.09700000000001,world_4.world,7.890703185790128,0.19200192680220277
VLM,0,13,0,1.901140322977125e-07,-1.2647751428737217,success,10.538,world_3.world,8.95224825881783,0.5
VLM,0,13,0,1.8518515089163875e-07,-1.4190728867375055,success,10.812999999999999,world_3.world,8.95224825881783,0.5
VLM,0,13,0,1.9120455235094604e-07,-1.5876064860481345,success,10.469999999999999,world_3.world,8.95224825881783,0.5
VLM,0,12,0,2.0120720297641792e-07,-0.46638757374872286,success,9.954,world_2.world,8.591113429155527,0.5
VLM,0,12,0,1.9801976276836382e-07,-0.2068354560772706,success,10.114,world_2.world,8.591113429155527,0.5
VLM,0,12,0,1.9379841205457133e-07,-0.36631220677669823,success,10.332,world_2.world,8.591113429155527,0.5
VLM,0,13,0,1.8416202869944225e-07,-1.1705438076963026,success,10.866,world_1.world,8.202198904645094,0.5
VLM,0,12,0,1.8939390352388194e-07,-1.460239543765718,success,10.57,world_1.world,8.202198904645094,0.5
VLM,0,13,0,1.8450181097752567e-07,-1.5189028805261575,success,10.84,world_1.world,8.202198904645094,0.5
VLM,0,14,0,0.00682610805015221,-2.840498489362696,success,11.724,world_0.world,8.558028082848947,0.5
VLM,0,14,0,1.706484350429292e-07,-2.922022676186236,success,11.733999999999998,world_0.world,8.558028082848947,0.5
VLM,0,13,0,1.8214932929884715e-07,-2.162327924216679,success,10.982,world_0.world,8.558028082848947,0.5
